INSERT INTO supplier (supplier_id, name, contact_person, email, created_at) VALUES
(1, 'Technik GmbH KG', 'Michael Schmidt', 'michael.schmidt@example.com', '2023-04-24 14:46:25'),
(2, 'Tools GmbH OHG', 'Thomas Schneider', 'thomas.schneider@company.de', '2023-10-28 07:29:10'),
(3, 'Parts Co. Limited', 'Klaus Fischer', 'klaus.fischer@enterprise.com', '2024-04-19 01:28:05'),
(4, 'Supply GmbH UG', 'Stefan Weber', 'stefan.weber@business.com', '2023-12-07 19:08:22'),
(5, 'Logistik AG GmbH', 'Andreas Meyer', 'andreas.meyer@corp.de', '2023-05-03 06:23:15'),
(6, 'Handel UG AG', 'Martin Wagner', 'martin.wagner@example.com', '2024-09-15 20:51:29'),
(7, 'Industry AG Co. KG', 'Julia Becker', 'julia.becker@company.de', '2022-10-21 14:32:32'),
(8, 'Technik GmbH KG', 'Anna Schulz', 'anna.schulz@enterprise.com', '2025-01-27 03:07:15'),
(9, 'Tools GmbH OHG', 'Maria Hoffmann', 'maria.hoffmann@business.com', '2022-05-27 02:02:59'),
(10, 'Parts Co. Limited', 'Sandra Müller', 'sandra.müller@corp.de', '2023-12-26 13:07:49'),
(11, 'Supply GmbH UG', 'Peter Schmidt', 'peter.schmidt@example.com', '2023-06-13 11:34:09'),
(12, 'Logistik AG GmbH', 'Michael Schneider', 'michael.schneider@company.de', '2022-04-10 10:09:44'),
(13, 'Handel UG AG', 'Thomas Fischer', 'thomas.fischer@enterprise.com', '2022-01-10 17:15:37'),
(14, 'Industry AG Co. KG', 'Klaus Weber', 'klaus.weber@business.com', '2023-07-20 08:03:45'),
(15, 'Technik GmbH KG', 'Stefan Meyer', 'stefan.meyer@corp.de', '2024-10-06 06:35:15'),
(16, 'Tools GmbH OHG', 'Andreas Wagner', 'andreas.wagner@example.com', '2024-05-28 21:01:33'),
(17, 'Parts Co. Limited', 'Martin Becker', 'martin.becker@company.de', '2024-08-18 00:06:31'),
(18, 'Supply GmbH UG', 'Julia Schulz', 'julia.schulz@enterprise.com', '2024-12-08 03:31:19'),
(19, 'Logistik AG GmbH', 'Anna Hoffmann', 'anna.hoffmann@business.com', '2025-01-08 14:32:24'),
(20, 'Handel UG AG', 'Maria Müller', 'maria.müller@corp.de', '2024-11-01 17:08:05'),
(21, 'Industry AG Co. KG', 'Sandra Schmidt', 'sandra.schmidt@example.com', '2023-07-03 03:16:00'),
(22, 'Technik GmbH KG', 'Peter Schneider', 'peter.schneider@company.de', '2022-07-28 06:30:52'),
(23, 'Tools GmbH OHG', 'Michael Fischer', 'michael.fischer@enterprise.com', '2024-04-12 16:07:30'),
(24, 'Parts Co. Limited', 'Thomas Weber', 'thomas.weber@business.com', '2024-09-26 11:44:41'),
(25, 'Supply GmbH UG', 'Klaus Meyer', 'klaus.meyer@corp.de', '2023-09-06 05:36:55'),
(26, 'Logistik AG GmbH', 'Stefan Wagner', 'stefan.wagner@example.com', '2024-04-20 04:35:14'),
(27, 'Handel UG AG', 'Andreas Becker', 'andreas.becker@company.de', '2022-01-22 23:56:06'),
(28, 'Industry AG Co. KG', 'Martin Schulz', 'martin.schulz@enterprise.com', '2023-09-04 19:59:16'),
(29, 'Technik GmbH KG', 'Julia Hoffmann', 'julia.hoffmann@business.com', '2023-08-07 07:27:15'),
(30, 'Tools GmbH OHG', 'Anna Müller', 'anna.müller@corp.de', '2022-07-30 18:20:07'),
(31, 'Parts Co. Limited', 'Maria Schmidt', 'maria.schmidt@example.com', '2022-03-19 10:38:39'),
(32, 'Supply GmbH UG', 'Sandra Schneider', 'sandra.schneider@company.de', '2024-11-25 05:49:45'),
(33, 'Logistik AG GmbH', 'Peter Fischer', 'peter.fischer@enterprise.com', '2023-02-03 06:45:41'),
(34, 'Handel UG AG', 'Michael Weber', 'michael.weber@business.com', '2022-06-21 22:05:09'),
(35, 'Industry AG Co. KG', 'Thomas Meyer', 'thomas.meyer@corp.de', '2023-03-02 16:27:57'),
(36, 'Technik GmbH KG', 'Klaus Wagner', 'klaus.wagner@example.com', '2022-03-09 21:49:03'),
(37, 'Tools GmbH OHG', 'Stefan Becker', 'stefan.becker@company.de', '2023-06-05 07:19:55'),
(38, 'Parts Co. Limited', 'Andreas Schulz', 'andreas.schulz@enterprise.com', '2022-01-07 15:06:08'),
(39, 'Supply GmbH UG', 'Martin Hoffmann', 'martin.hoffmann@business.com', '2022-06-25 05:40:04'),
(40, 'Logistik AG GmbH', 'Julia Müller', 'julia.müller@corp.de', '2024-07-14 12:16:34'),
(41, 'Handel UG AG', 'Anna Schmidt', 'anna.schmidt@example.com', '2023-12-23 07:35:08'),
(42, 'Industry AG Co. KG', 'Maria Schneider', 'maria.schneider@company.de', '2023-11-08 19:58:13'),
(43, 'Technik GmbH KG', 'Sandra Fischer', 'sandra.fischer@enterprise.com', '2023-07-13 10:45:11'),
(44, 'Tools GmbH OHG', 'Peter Weber', 'peter.weber@business.com', '2022-06-23 13:41:14'),
(45, 'Parts Co. Limited', 'Michael Meyer', 'michael.meyer@corp.de', '2022-05-05 01:03:27'),
(46, 'Supply GmbH UG', 'Thomas Wagner', 'thomas.wagner@example.com', '2023-10-30 04:38:21'),
(47, 'Logistik AG GmbH', 'Klaus Becker', 'klaus.becker@company.de', '2024-05-09 09:26:13'),
(48, 'Handel UG AG', 'Stefan Schulz', 'stefan.schulz@enterprise.com', '2023-05-21 18:28:10'),
(49, 'Industry AG Co. KG', 'Andreas Hoffmann', 'andreas.hoffmann@business.com', '2025-01-16 11:39:05'),
(50, 'Technik GmbH KG', 'Martin Müller', 'martin.müller@corp.de', '2022-08-27 12:46:51'),
(51, 'Tools GmbH OHG', 'Julia Schmidt', 'julia.schmidt@example.com', '2023-07-21 02:29:41'),
(52, 'Parts Co. Limited', 'Anna Schneider', 'anna.schneider@company.de', '2023-10-23 17:59:02'),
(53, 'Supply GmbH UG', 'Maria Fischer', 'maria.fischer@enterprise.com', '2022-06-06 16:30:38'),
(54, 'Logistik AG GmbH', 'Sandra Weber', 'sandra.weber@business.com', '2023-01-30 12:39:37'),
(55, 'Handel UG AG', 'Peter Meyer', 'peter.meyer@corp.de', '2024-10-27 17:38:05'),
(56, 'Industry AG Co. KG', 'Michael Wagner', 'michael.wagner@example.com', '2023-07-09 23:45:14'),
(57, 'Technik GmbH KG', 'Thomas Becker', 'thomas.becker@company.de', '2022-03-23 12:00:44'),
(58, 'Tools GmbH OHG', 'Klaus Schulz', 'klaus.schulz@enterprise.com', '2023-12-21 21:20:43'),
(59, 'Parts Co. Limited', 'Stefan Hoffmann', 'stefan.hoffmann@business.com', '2022-03-30 09:32:50'),
(60, 'Supply GmbH UG', 'Andreas Müller', 'andreas.müller@corp.de', '2024-04-07 06:10:43'),
(61, 'Logistik AG GmbH', 'Martin Schmidt', 'martin.schmidt@example.com', '2022-01-03 02:23:39'),
(62, 'Handel UG AG', 'Julia Schneider', 'julia.schneider@company.de', '2024-10-18 06:51:02'),
(63, 'Industry AG Co. KG', 'Anna Fischer', 'anna.fischer@enterprise.com', '2024-07-09 12:59:00'),
(64, 'Technik GmbH KG', 'Maria Weber', 'maria.weber@business.com', '2022-08-23 13:50:32'),
(65, 'Tools GmbH OHG', 'Sandra Meyer', 'sandra.meyer@corp.de', '2024-03-25 02:04:31'),
(66, 'Parts Co. Limited', 'Peter Wagner', 'peter.wagner@example.com', '2024-05-09 00:15:31'),
(67, 'Supply GmbH UG', 'Michael Becker', 'michael.becker@company.de', '2024-07-15 18:54:31'),
(68, 'Logistik AG GmbH', 'Thomas Schulz', 'thomas.schulz@enterprise.com', '2022-08-13 06:52:36'),
(69, 'Handel UG AG', 'Klaus Hoffmann', 'klaus.hoffmann@business.com', '2025-01-17 11:56:05'),
(70, 'Industry AG Co. KG', 'Stefan Müller', 'stefan.müller@corp.de', '2022-07-25 03:29:29'),
(71, 'Technik GmbH KG', 'Andreas Schmidt', 'andreas.schmidt@example.com', '2023-07-08 20:50:10'),
(72, 'Tools GmbH OHG', 'Martin Schneider', 'martin.schneider@company.de', '2023-04-16 22:06:37'),
(73, 'Parts Co. Limited', 'Julia Fischer', 'julia.fischer@enterprise.com', '2024-05-29 16:53:51'),
(74, 'Supply GmbH UG', 'Anna Weber', 'anna.weber@business.com', '2022-03-12 10:02:29'),
(75, 'Logistik AG GmbH', 'Maria Meyer', 'maria.meyer@corp.de', '2023-08-23 21:49:58'),
(76, 'Handel UG AG', 'Sandra Wagner', 'sandra.wagner@example.com', '2022-03-02 08:53:29'),
(77, 'Industry AG Co. KG', 'Peter Becker', 'peter.becker@company.de', '2022-02-02 23:36:03'),
(78, 'Technik GmbH KG', 'Michael Schulz', 'michael.schulz@enterprise.com', '2025-02-02 03:06:42'),
(79, 'Tools GmbH OHG', 'Thomas Hoffmann', 'thomas.hoffmann@business.com', '2023-07-26 23:58:24'),
(80, 'Parts Co. Limited', 'Klaus Müller', 'klaus.müller@corp.de', '2023-12-01 03:50:57'),
(81, 'Supply GmbH UG', 'Stefan Schmidt', 'stefan.schmidt@example.com', '2023-08-30 20:30:58'),
(82, 'Logistik AG GmbH', 'Andreas Schneider', 'andreas.schneider@company.de', '2023-10-27 05:20:18'),
(83, 'Handel UG AG', 'Martin Fischer', 'martin.fischer@enterprise.com', '2024-12-22 07:00:14'),
(84, 'Industry AG Co. KG', 'Julia Weber', 'julia.weber@business.com', '2022-09-11 23:24:51'),
(85, 'Technik GmbH KG', 'Anna Meyer', 'anna.meyer@corp.de', '2022-12-26 09:34:11'),
(86, 'Tools GmbH OHG', 'Maria Wagner', 'maria.wagner@example.com', '2024-04-15 05:43:10'),
(87, 'Parts Co. Limited', 'Sandra Becker', 'sandra.becker@company.de', '2024-05-11 03:41:04'),
(88, 'Supply GmbH UG', 'Peter Schulz', 'peter.schulz@enterprise.com', '2023-12-06 17:46:34'),
(89, 'Logistik AG GmbH', 'Michael Hoffmann', 'michael.hoffmann@business.com', '2022-07-24 10:41:37'),
(90, 'Handel UG AG', 'Thomas Müller', 'thomas.müller@corp.de', '2023-10-31 07:20:31'),
(91, 'Industry AG Co. KG', 'Klaus Schmidt', 'klaus.schmidt@example.com', '2022-01-06 05:59:18'),
(92, 'Technik GmbH KG', 'Stefan Schneider', 'stefan.schneider@company.de', '2022-07-10 11:01:06'),
(93, 'Tools GmbH OHG', 'Andreas Fischer', 'andreas.fischer@enterprise.com', '2023-06-07 18:36:38'),
(94, 'Parts Co. Limited', 'Martin Weber', 'martin.weber@business.com', '2024-09-10 10:51:15'),
(95, 'Supply GmbH UG', 'Julia Meyer', 'julia.meyer@corp.de', '2023-08-23 09:28:22'),
(96, 'Logistik AG GmbH', 'Anna Wagner', 'anna.wagner@example.com', '2024-03-16 10:23:34'),
(97, 'Handel UG AG', 'Maria Becker', 'maria.becker@company.de', '2023-05-14 23:17:39'),
(98, 'Industry AG Co. KG', 'Sandra Schulz', 'sandra.schulz@enterprise.com', '2022-03-26 05:27:54'),
(99, 'Technik GmbH KG', 'Peter Hoffmann', 'peter.hoffmann@business.com', '2024-09-13 06:53:28'),
(100, 'Tools GmbH OHG', 'Michael Müller', 'michael.müller@corp.de', '2024-11-01 21:41:13');

INSERT INTO material (material_id, name, description, unit, category, created_at) VALUES
(1, 'Industrial Schraube', 'Description for Industrial Schraube', 'Stück', 'Werkzeuge', '2022-03-01 18:56:28'),
(2, 'Standard Blech', 'Description for Standard Blech', 'Kilogramm', 'Büromaterial', '2022-06-05 13:53:06'),
(3, 'Premium Motor', 'Description for Premium Motor', 'Liter', 'Büromaterial', '2024-12-18 09:30:11'),
(4, 'Basic Sensor', 'Description for Basic Sensor', 'Palette', 'Rohstoffe', '2025-01-01 23:01:18'),
(5, 'Standard Blech', 'Description for Standard Blech', 'Karton', 'Verbrauchsmaterial', '2023-09-17 10:32:59'),
(6, 'Standard Sensor', 'Description for Standard Sensor', 'Liter', 'Verbrauchsmaterial', '2023-03-11 03:33:57'),
(7, 'Standard Motor', 'Description for Standard Motor', 'Meter', 'Büromaterial', '2022-11-20 04:02:19'),
(8, 'Basic Stecker', 'Description for Basic Stecker', 'Palette', 'Büromaterial', '2023-04-04 07:25:38'),
(9, 'Industrial Blech', 'Description for Industrial Blech', 'Karton', 'Elektronik', '2022-09-13 12:16:31'),
(10, 'Basic Kabel', 'Description for Basic Kabel', 'Karton', 'Werkzeuge', '2024-05-17 10:59:32'),
(11, 'Pro Kabel', 'Description for Pro Kabel', 'Kilogramm', 'Elektronik', '2023-02-08 07:20:22'),
(12, 'Industrial Schraube', 'Description for Industrial Schraube', 'Meter', 'Werkzeuge', '2022-07-30 15:30:56'),
(13, 'Basic Stecker', 'Description for Basic Stecker', 'Kilogramm', 'Rohstoffe', '2023-04-02 01:46:45'),
(14, 'Pro Sensor', 'Description for Pro Sensor', 'Kilogramm', 'Elektronik', '2022-09-29 06:34:53'),
(15, 'Industrial Kabel', 'Description for Industrial Kabel', 'Kilogramm', 'Elektronik', '2023-07-02 22:47:31'),
(16, 'Basic Stecker', 'Description for Basic Stecker', 'Liter', 'Werkzeuge', '2024-10-28 10:07:19'),
(17, 'Pro Motor', 'Description for Pro Motor', 'Kilogramm', 'Verbrauchsmaterial', '2022-10-16 11:22:04'),
(18, 'Pro Schraube', 'Description for Pro Schraube', 'Palette', 'Büromaterial', '2023-02-15 23:48:23'),
(19, 'Pro Stecker', 'Description for Pro Stecker', 'Liter', 'Verbrauchsmaterial', '2022-10-27 11:37:35'),
(20, 'Premium Kabel', 'Description for Premium Kabel', 'Meter', 'Rohstoffe', '2022-04-22 17:59:28'),
(21, 'Pro Stecker', 'Description for Pro Stecker', 'Karton', 'Rohstoffe', '2023-04-22 08:20:50'),
(22, 'Standard Schraube', 'Description for Standard Schraube', 'Palette', 'Rohstoffe', '2024-03-27 02:46:35'),
(23, 'Basic Schraube', 'Description for Basic Schraube', 'Liter', 'Rohstoffe', '2023-08-21 03:56:41'),
(24, 'Premium Platine', 'Description for Premium Platine', 'Stück', 'Elektronik', '2022-04-13 11:59:23'),
(25, 'Standard Motor', 'Description for Standard Motor', 'Liter', 'Rohstoffe', '2024-07-10 09:51:12'),
(26, 'Premium Platine', 'Description for Premium Platine', 'Kilogramm', 'Werkzeuge', '2024-08-21 07:03:41'),
(27, 'Pro Mutter', 'Description for Pro Mutter', 'Stück', 'Verbrauchsmaterial', '2023-01-18 04:31:01'),
(28, 'Premium Platine', 'Description for Premium Platine', 'Kilogramm', 'Verbrauchsmaterial', '2023-09-15 00:08:41'),
(29, 'Standard Stecker', 'Description for Standard Stecker', 'Stück', 'Verbrauchsmaterial', '2023-01-10 13:39:14'),
(30, 'Pro Stecker', 'Description for Pro Stecker', 'Kilogramm', 'Elektronik', '2022-07-05 17:43:19'),
(31, 'Premium Schraube', 'Description for Premium Schraube', 'Stück', 'Büromaterial', '2022-08-04 23:12:24'),
(32, 'Industrial Platine', 'Description for Industrial Platine', 'Meter', 'Werkzeuge', '2022-02-06 23:06:03'),
(33, 'Industrial Stecker', 'Description for Industrial Stecker', 'Palette', 'Rohstoffe', '2022-07-08 12:36:15'),
(34, 'Pro Rohr', 'Description for Pro Rohr', 'Stück', 'Büromaterial', '2024-05-31 08:46:05'),
(35, 'Standard Rohr', 'Description for Standard Rohr', 'Stück', 'Verbrauchsmaterial', '2024-04-13 22:08:20'),
(36, 'Premium Mutter', 'Description for Premium Mutter', 'Liter', 'Verbrauchsmaterial', '2024-02-23 17:38:08'),
(37, 'Standard Rohr', 'Description for Standard Rohr', 'Kilogramm', 'Werkzeuge', '2024-06-05 12:07:54'),
(38, 'Basic Motor', 'Description for Basic Motor', 'Liter', 'Büromaterial', '2024-11-13 14:19:57'),
(39, 'Industrial Sensor', 'Description for Industrial Sensor', 'Liter', 'Büromaterial', '2022-04-19 07:08:00'),
(40, 'Industrial Sensor', 'Description for Industrial Sensor', 'Liter', 'Elektronik', '2022-08-15 05:10:58'),
(41, 'Pro Schraube', 'Description for Pro Schraube', 'Meter', 'Elektronik', '2024-03-01 10:12:55'),
(42, 'Premium Stecker', 'Description for Premium Stecker', 'Liter', 'Werkzeuge', '2022-03-08 06:27:18'),
(43, 'Pro Stecker', 'Description for Pro Stecker', 'Stück', 'Rohstoffe', '2024-08-15 14:42:19'),
(44, 'Basic Kabel', 'Description for Basic Kabel', 'Karton', 'Verbrauchsmaterial', '2022-04-12 18:16:47'),
(45, 'Standard Mutter', 'Description for Standard Mutter', 'Karton', 'Verbrauchsmaterial', '2023-05-22 04:01:11'),
(46, 'Standard Platine', 'Description for Standard Platine', 'Palette', 'Rohstoffe', '2024-04-28 10:43:27'),
(47, 'Industrial Blech', 'Description for Industrial Blech', 'Stück', 'Werkzeuge', '2025-01-09 12:35:31'),
(48, 'Standard Stecker', 'Description for Standard Stecker', 'Stück', 'Verbrauchsmaterial', '2023-04-01 09:33:24'),
(49, 'Industrial Stecker', 'Description for Industrial Stecker', 'Liter', 'Rohstoffe', '2023-02-08 18:52:19'),
(50, 'Industrial Kabel', 'Description for Industrial Kabel', 'Karton', 'Werkzeuge', '2023-11-17 08:40:50'),
(51, 'Industrial Blech', 'Description for Industrial Blech', 'Meter', 'Büromaterial', '2022-09-17 12:19:23'),
(52, 'Basic Rohr', 'Description for Basic Rohr', 'Liter', 'Elektronik', '2024-05-09 14:56:06'),
(53, 'Industrial Gehäuse', 'Description for Industrial Gehäuse', 'Kilogramm', 'Elektronik', '2023-01-07 11:24:05'),
(54, 'Basic Rohr', 'Description for Basic Rohr', 'Kilogramm', 'Rohstoffe', '2022-03-20 11:09:19'),
(55, 'Pro Rohr', 'Description for Pro Rohr', 'Liter', 'Büromaterial', '2024-04-29 12:42:33'),
(56, 'Pro Gehäuse', 'Description for Pro Gehäuse', 'Meter', 'Verbrauchsmaterial', '2024-12-17 10:16:38'),
(57, 'Basic Mutter', 'Description for Basic Mutter', 'Liter', 'Büromaterial', '2024-07-04 05:25:56'),
(58, 'Premium Schraube', 'Description for Premium Schraube', 'Meter', 'Werkzeuge', '2024-09-16 16:13:05'),
(59, 'Standard Stecker', 'Description for Standard Stecker', 'Stück', 'Verbrauchsmaterial', '2023-01-18 19:18:01'),
(60, 'Pro Platine', 'Description for Pro Platine', 'Karton', 'Werkzeuge', '2025-01-04 23:47:32'),
(61, 'Industrial Sensor', 'Description for Industrial Sensor', 'Liter', 'Rohstoffe', '2023-10-19 03:03:52'),
(62, 'Industrial Gehäuse', 'Description for Industrial Gehäuse', 'Kilogramm', 'Elektronik', '2024-11-07 10:20:38'),
(63, 'Standard Schraube', 'Description for Standard Schraube', 'Kilogramm', 'Verbrauchsmaterial', '2024-09-26 22:23:11'),
(64, 'Pro Platine', 'Description for Pro Platine', 'Stück', 'Büromaterial', '2023-07-15 12:21:59'),
(65, 'Premium Motor', 'Description for Premium Motor', 'Palette', 'Werkzeuge', '2023-06-09 22:23:16'),
(66, 'Pro Sensor', 'Description for Pro Sensor', 'Kilogramm', 'Rohstoffe', '2022-05-03 07:31:01'),
(67, 'Basic Kabel', 'Description for Basic Kabel', 'Liter', 'Büromaterial', '2023-05-23 05:40:41'),
(68, 'Pro Blech', 'Description for Pro Blech', 'Liter', 'Büromaterial', '2023-09-12 11:56:09'),
(69, 'Industrial Stecker', 'Description for Industrial Stecker', 'Liter', 'Elektronik', '2024-06-02 14:48:32'),
(70, 'Industrial Blech', 'Description for Industrial Blech', 'Liter', 'Büromaterial', '2023-01-06 17:13:39'),
(71, 'Premium Stecker', 'Description for Premium Stecker', 'Stück', 'Verbrauchsmaterial', '2024-03-25 04:18:25'),
(72, 'Premium Rohr', 'Description for Premium Rohr', 'Stück', 'Werkzeuge', '2024-08-28 06:12:45'),
(73, 'Standard Mutter', 'Description for Standard Mutter', 'Stück', 'Verbrauchsmaterial', '2024-02-03 08:23:55'),
(74, 'Premium Stecker', 'Description for Premium Stecker', 'Kilogramm', 'Elektronik', '2024-02-08 08:11:49'),
(75, 'Pro Rohr', 'Description for Pro Rohr', 'Liter', 'Elektronik', '2024-01-11 23:00:47'),
(76, 'Industrial Kabel', 'Description for Industrial Kabel', 'Karton', 'Büromaterial', '2023-03-27 05:12:07'),
(77, 'Industrial Sensor', 'Description for Industrial Sensor', 'Liter', 'Rohstoffe', '2022-02-20 05:51:21'),
(78, 'Basic Rohr', 'Description for Basic Rohr', 'Kilogramm', 'Elektronik', '2023-12-02 23:59:36'),
(79, 'Premium Sensor', 'Description for Premium Sensor', 'Stück', 'Elektronik', '2022-01-26 22:19:51'),
(80, 'Pro Schraube', 'Description for Pro Schraube', 'Palette', 'Rohstoffe', '2024-01-05 00:14:51'),
(81, 'Pro Gehäuse', 'Description for Pro Gehäuse', 'Meter', 'Rohstoffe', '2023-12-24 21:47:08'),
(82, 'Basic Stecker', 'Description for Basic Stecker', 'Stück', 'Elektronik', '2022-05-07 12:41:17'),
(83, 'Pro Gehäuse', 'Description for Pro Gehäuse', 'Meter', 'Rohstoffe', '2024-12-14 19:44:05'),
(84, 'Premium Sensor', 'Description for Premium Sensor', 'Karton', 'Verbrauchsmaterial', '2023-05-23 21:28:44'),
(85, 'Basic Gehäuse', 'Description for Basic Gehäuse', 'Karton', 'Elektronik', '2023-05-12 03:19:16'),
(86, 'Basic Gehäuse', 'Description for Basic Gehäuse', 'Liter', 'Verbrauchsmaterial', '2023-10-18 02:54:24'),
(87, 'Pro Mutter', 'Description for Pro Mutter', 'Meter', 'Werkzeuge', '2022-07-10 17:07:46'),
(88, 'Premium Stecker', 'Description for Premium Stecker', 'Liter', 'Werkzeuge', '2022-10-12 07:14:55'),
(89, 'Basic Motor', 'Description for Basic Motor', 'Stück', 'Büromaterial', '2022-08-11 06:42:43'),
(90, 'Standard Mutter', 'Description for Standard Mutter', 'Stück', 'Werkzeuge', '2023-10-28 22:40:36'),
(91, 'Pro Kabel', 'Description for Pro Kabel', 'Palette', 'Büromaterial', '2022-05-24 22:40:15'),
(92, 'Pro Sensor', 'Description for Pro Sensor', 'Kilogramm', 'Verbrauchsmaterial', '2024-08-07 02:54:16'),
(93, 'Basic Gehäuse', 'Description for Basic Gehäuse', 'Palette', 'Büromaterial', '2023-02-08 05:30:45'),
(94, 'Premium Rohr', 'Description for Premium Rohr', 'Liter', 'Büromaterial', '2022-02-28 13:33:18'),
(95, 'Standard Mutter', 'Description for Standard Mutter', 'Stück', 'Büromaterial', '2024-12-01 22:40:16'),
(96, 'Basic Platine', 'Description for Basic Platine', 'Liter', 'Elektronik', '2023-06-20 18:52:09'),
(97, 'Pro Gehäuse', 'Description for Pro Gehäuse', 'Liter', 'Werkzeuge', '2025-02-05 14:26:55'),
(98, 'Basic Schraube', 'Description for Basic Schraube', 'Stück', 'Verbrauchsmaterial', '2023-02-27 14:37:51'),
(99, 'Industrial Mutter', 'Description for Industrial Mutter', 'Liter', 'Rohstoffe', '2024-07-08 02:52:26'),
(100, 'Pro Stecker', 'Description for Pro Stecker', 'Karton', 'Elektronik', '2023-12-10 23:38:02'),
(101, 'Industrial Rohr', 'Description for Industrial Rohr', 'Palette', 'Verbrauchsmaterial', '2022-12-09 05:25:19'),
(102, 'Premium Stecker', 'Description for Premium Stecker', 'Liter', 'Büromaterial', '2022-08-09 17:53:37'),
(103, 'Basic Schraube', 'Description for Basic Schraube', 'Liter', 'Büromaterial', '2022-12-28 20:07:18'),
(104, 'Standard Stecker', 'Description for Standard Stecker', 'Meter', 'Rohstoffe', '2024-09-29 03:36:52'),
(105, 'Basic Motor', 'Description for Basic Motor', 'Kilogramm', 'Werkzeuge', '2023-01-24 03:55:39'),
(106, 'Premium Gehäuse', 'Description for Premium Gehäuse', 'Meter', 'Rohstoffe', '2022-07-26 20:48:31'),
(107, 'Standard Motor', 'Description for Standard Motor', 'Palette', 'Rohstoffe', '2024-07-14 06:05:47'),
(108, 'Pro Blech', 'Description for Pro Blech', 'Palette', 'Verbrauchsmaterial', '2024-05-25 16:05:03'),
(109, 'Standard Platine', 'Description for Standard Platine', 'Stück', 'Rohstoffe', '2022-07-27 05:35:44'),
(110, 'Industrial Kabel', 'Description for Industrial Kabel', 'Karton', 'Rohstoffe', '2022-02-17 08:40:21'),
(111, 'Premium Platine', 'Description for Premium Platine', 'Stück', 'Büromaterial', '2025-01-07 00:35:20'),
(112, 'Industrial Stecker', 'Description for Industrial Stecker', 'Liter', 'Rohstoffe', '2022-04-06 10:11:14'),
(113, 'Industrial Platine', 'Description for Industrial Platine', 'Meter', 'Büromaterial', '2023-12-29 00:23:11'),
(114, 'Basic Motor', 'Description for Basic Motor', 'Kilogramm', 'Rohstoffe', '2023-05-20 18:03:40'),
(115, 'Basic Motor', 'Description for Basic Motor', 'Liter', 'Verbrauchsmaterial', '2023-05-26 15:27:29'),
(116, 'Basic Kabel', 'Description for Basic Kabel', 'Kilogramm', 'Werkzeuge', '2022-04-06 11:52:25'),
(117, 'Premium Mutter', 'Description for Premium Mutter', 'Palette', 'Elektronik', '2024-02-25 04:15:57'),
(118, 'Basic Schraube', 'Description for Basic Schraube', 'Meter', 'Büromaterial', '2023-07-09 06:50:34'),
(119, 'Industrial Motor', 'Description for Industrial Motor', 'Palette', 'Rohstoffe', '2024-12-06 03:09:06'),
(120, 'Pro Blech', 'Description for Pro Blech', 'Karton', 'Elektronik', '2024-05-06 19:11:30'),
(121, 'Basic Mutter', 'Description for Basic Mutter', 'Karton', 'Büromaterial', '2023-08-29 04:53:07'),
(122, 'Pro Sensor', 'Description for Pro Sensor', 'Liter', 'Büromaterial', '2023-04-01 10:52:41'),
(123, 'Standard Mutter', 'Description for Standard Mutter', 'Kilogramm', 'Verbrauchsmaterial', '2023-12-27 12:09:07'),
(124, 'Industrial Rohr', 'Description for Industrial Rohr', 'Meter', 'Elektronik', '2024-12-30 02:43:02'),
(125, 'Premium Platine', 'Description for Premium Platine', 'Palette', 'Büromaterial', '2023-03-29 20:48:01'),
(126, 'Premium Schraube', 'Description for Premium Schraube', 'Stück', 'Rohstoffe', '2023-04-10 12:32:36'),
(127, 'Pro Platine', 'Description for Pro Platine', 'Karton', 'Elektronik', '2024-04-08 06:20:04'),
(128, 'Standard Sensor', 'Description for Standard Sensor', 'Kilogramm', 'Büromaterial', '2025-02-09 07:20:38'),
(129, 'Industrial Gehäuse', 'Description for Industrial Gehäuse', 'Meter', 'Büromaterial', '2024-12-28 04:18:29'),
(130, 'Pro Schraube', 'Description for Pro Schraube', 'Palette', 'Büromaterial', '2024-07-22 04:59:50'),
(131, 'Premium Schraube', 'Description for Premium Schraube', 'Meter', 'Elektronik', '2022-12-25 00:50:58'),
(132, 'Pro Schraube', 'Description for Pro Schraube', 'Liter', 'Büromaterial', '2022-03-19 14:27:17'),
(133, 'Pro Kabel', 'Description for Pro Kabel', 'Palette', 'Rohstoffe', '2023-09-14 13:58:31'),
(134, 'Basic Gehäuse', 'Description for Basic Gehäuse', 'Karton', 'Elektronik', '2024-11-14 07:45:04'),
(135, 'Premium Platine', 'Description for Premium Platine', 'Palette', 'Büromaterial', '2022-11-14 20:42:49'),
(136, 'Industrial Stecker', 'Description for Industrial Stecker', 'Karton', 'Werkzeuge', '2024-08-03 08:43:00'),
(137, 'Standard Platine', 'Description for Standard Platine', 'Liter', 'Büromaterial', '2023-01-21 13:35:23'),
(138, 'Pro Blech', 'Description for Pro Blech', 'Stück', 'Büromaterial', '2024-07-17 10:47:31'),
(139, 'Industrial Mutter', 'Description for Industrial Mutter', 'Stück', 'Werkzeuge', '2023-02-12 03:22:41'),
(140, 'Industrial Stecker', 'Description for Industrial Stecker', 'Palette', 'Büromaterial', '2024-08-10 20:34:50'),
(141, 'Standard Blech', 'Description for Standard Blech', 'Karton', 'Verbrauchsmaterial', '2022-11-26 17:48:51'),
(142, 'Pro Stecker', 'Description for Pro Stecker', 'Stück', 'Verbrauchsmaterial', '2024-09-29 10:01:30'),
(143, 'Pro Mutter', 'Description for Pro Mutter', 'Karton', 'Elektronik', '2024-11-15 03:43:34'),
(144, 'Premium Gehäuse', 'Description for Premium Gehäuse', 'Kilogramm', 'Elektronik', '2024-07-30 07:14:11'),
(145, 'Pro Blech', 'Description for Pro Blech', 'Meter', 'Büromaterial', '2024-02-12 18:45:24'),
(146, 'Industrial Stecker', 'Description for Industrial Stecker', 'Karton', 'Elektronik', '2024-09-24 20:27:52'),
(147, 'Pro Motor', 'Description for Pro Motor', 'Kilogramm', 'Werkzeuge', '2022-11-04 16:32:07'),
(148, 'Standard Sensor', 'Description for Standard Sensor', 'Liter', 'Werkzeuge', '2024-11-28 02:40:16'),
(149, 'Pro Sensor', 'Description for Pro Sensor', 'Kilogramm', 'Werkzeuge', '2022-06-18 07:19:44'),
(150, 'Industrial Stecker', 'Description for Industrial Stecker', 'Stück', 'Rohstoffe', '2024-05-13 12:47:54'),
(151, 'Basic Schraube', 'Description for Basic Schraube', 'Meter', 'Werkzeuge', '2022-03-19 04:57:02'),
(152, 'Industrial Gehäuse', 'Description for Industrial Gehäuse', 'Liter', 'Werkzeuge', '2023-07-08 11:58:29'),
(153, 'Standard Platine', 'Description for Standard Platine', 'Meter', 'Büromaterial', '2023-11-04 10:31:28'),
(154, 'Standard Motor', 'Description for Standard Motor', 'Karton', 'Werkzeuge', '2024-09-26 15:32:59'),
(155, 'Basic Sensor', 'Description for Basic Sensor', 'Palette', 'Büromaterial', '2025-02-02 20:55:32'),
(156, 'Premium Gehäuse', 'Description for Premium Gehäuse', 'Kilogramm', 'Verbrauchsmaterial', '2022-06-24 01:04:26'),
(157, 'Industrial Sensor', 'Description for Industrial Sensor', 'Meter', 'Elektronik', '2024-07-21 00:26:26'),
(158, 'Basic Rohr', 'Description for Basic Rohr', 'Karton', 'Verbrauchsmaterial', '2024-02-04 05:00:14'),
(159, 'Premium Sensor', 'Description for Premium Sensor', 'Liter', 'Verbrauchsmaterial', '2023-09-25 06:54:26'),
(160, 'Basic Mutter', 'Description for Basic Mutter', 'Karton', 'Elektronik', '2024-01-16 11:13:05'),
(161, 'Standard Stecker', 'Description for Standard Stecker', 'Meter', 'Verbrauchsmaterial', '2023-12-30 23:09:27'),
(162, 'Industrial Kabel', 'Description for Industrial Kabel', 'Meter', 'Elektronik', '2022-06-13 08:35:54'),
(163, 'Industrial Stecker', 'Description for Industrial Stecker', 'Meter', 'Büromaterial', '2024-12-03 15:27:17'),
(164, 'Pro Schraube', 'Description for Pro Schraube', 'Karton', 'Büromaterial', '2023-11-30 15:23:58'),
(165, 'Standard Blech', 'Description for Standard Blech', 'Palette', 'Rohstoffe', '2023-05-07 04:01:23'),
(166, 'Basic Platine', 'Description for Basic Platine', 'Stück', 'Büromaterial', '2022-11-15 17:58:28'),
(167, 'Industrial Kabel', 'Description for Industrial Kabel', 'Palette', 'Werkzeuge', '2022-07-19 16:18:17'),
(168, 'Premium Rohr', 'Description for Premium Rohr', 'Stück', 'Elektronik', '2022-12-29 13:52:23'),
(169, 'Industrial Stecker', 'Description for Industrial Stecker', 'Kilogramm', 'Werkzeuge', '2022-07-28 11:52:15'),
(170, 'Premium Blech', 'Description for Premium Blech', 'Kilogramm', 'Elektronik', '2023-01-04 00:51:13'),
(171, 'Pro Stecker', 'Description for Pro Stecker', 'Stück', 'Werkzeuge', '2024-08-05 15:59:29'),
(172, 'Industrial Kabel', 'Description for Industrial Kabel', 'Meter', 'Rohstoffe', '2023-03-15 07:43:42'),
(173, 'Premium Mutter', 'Description for Premium Mutter', 'Liter', 'Werkzeuge', '2024-04-25 20:15:55'),
(174, 'Premium Rohr', 'Description for Premium Rohr', 'Palette', 'Werkzeuge', '2023-12-21 17:02:31'),
(175, 'Basic Stecker', 'Description for Basic Stecker', 'Kilogramm', 'Verbrauchsmaterial', '2022-12-13 22:03:49'),
(176, 'Standard Platine', 'Description for Standard Platine', 'Stück', 'Werkzeuge', '2023-10-30 04:57:52'),
(177, 'Industrial Blech', 'Description for Industrial Blech', 'Karton', 'Rohstoffe', '2022-08-10 18:40:27'),
(178, 'Pro Rohr', 'Description for Pro Rohr', 'Meter', 'Werkzeuge', '2022-07-04 22:18:23'),
(179, 'Premium Kabel', 'Description for Premium Kabel', 'Karton', 'Werkzeuge', '2024-12-06 21:52:50'),
(180, 'Pro Kabel', 'Description for Pro Kabel', 'Karton', 'Werkzeuge', '2022-02-14 10:56:01'),
(181, 'Basic Platine', 'Description for Basic Platine', 'Kilogramm', 'Elektronik', '2023-11-06 17:08:51'),
(182, 'Premium Sensor', 'Description for Premium Sensor', 'Kilogramm', 'Rohstoffe', '2022-08-30 14:47:58'),
(183, 'Basic Blech', 'Description for Basic Blech', 'Meter', 'Werkzeuge', '2023-07-23 09:25:24'),
(184, 'Basic Motor', 'Description for Basic Motor', 'Meter', 'Werkzeuge', '2025-02-02 01:37:42'),
(185, 'Basic Rohr', 'Description for Basic Rohr', 'Liter', 'Büromaterial', '2024-06-08 06:49:30'),
(186, 'Premium Blech', 'Description for Premium Blech', 'Liter', 'Elektronik', '2024-04-11 08:07:24'),
(187, 'Industrial Schraube', 'Description for Industrial Schraube', 'Kilogramm', 'Büromaterial', '2022-07-20 09:16:40'),
(188, 'Standard Mutter', 'Description for Standard Mutter', 'Meter', 'Büromaterial', '2024-01-11 22:32:20'),
(189, 'Premium Stecker', 'Description for Premium Stecker', 'Karton', 'Elektronik', '2022-07-04 08:22:36'),
(190, 'Pro Schraube', 'Description for Pro Schraube', 'Palette', 'Elektronik', '2022-03-20 14:24:39'),
(191, 'Basic Sensor', 'Description for Basic Sensor', 'Karton', 'Büromaterial', '2023-12-03 14:12:47'),
(192, 'Basic Schraube', 'Description for Basic Schraube', 'Kilogramm', 'Elektronik', '2023-08-31 14:13:54'),
(193, 'Industrial Kabel', 'Description for Industrial Kabel', 'Kilogramm', 'Büromaterial', '2024-10-28 23:49:40'),
(194, 'Premium Motor', 'Description for Premium Motor', 'Palette', 'Werkzeuge', '2023-11-05 14:32:45'),
(195, 'Pro Sensor', 'Description for Pro Sensor', 'Palette', 'Büromaterial', '2023-04-04 00:14:31'),
(196, 'Industrial Gehäuse', 'Description for Industrial Gehäuse', 'Stück', 'Büromaterial', '2024-09-15 13:15:20'),
(197, 'Standard Mutter', 'Description for Standard Mutter', 'Stück', 'Rohstoffe', '2024-05-29 21:36:19'),
(198, 'Standard Mutter', 'Description for Standard Mutter', 'Meter', 'Rohstoffe', '2023-01-25 13:12:46'),
(199, 'Industrial Motor', 'Description for Industrial Motor', 'Kilogramm', 'Büromaterial', '2024-06-16 00:02:43'),
(200, 'Standard Mutter', 'Description for Standard Mutter', 'Palette', 'Büromaterial', '2022-02-10 17:50:25');

INSERT INTO employee (employee_id, name, department, role, created_at) VALUES
(1, 'Andreas Schulz', 'Einkauf', 'purchaser', '2023-06-09 01:47:49'),
(2, 'Stefan Fischer', 'Management', 'approver', '2024-12-05 04:44:02'),
(3, 'Maria Schneider', 'Finanzen', 'accountant', '2023-01-29 15:42:12'),
(4, 'Sandra Schneider', 'Finanzen', 'accountant', '2024-02-02 13:17:28'),
(5, 'Stefan Hoffmann', 'Operations', 'operations_manager', '2023-01-12 06:02:29'),
(6, 'Stefan Schneider', 'Logistik', 'receiver', '2023-01-22 21:34:11'),
(7, 'Sandra Schmidt', 'Einkauf', 'purchaser', '2024-06-24 22:00:07'),
(8, 'Anna Müller', 'Management', 'approver', '2024-10-30 10:31:46'),
(9, 'Peter Hoffmann', 'Management', 'approver', '2022-11-06 10:15:42'),
(10, 'Michael Schmidt', 'Logistik', 'receiver', '2023-05-08 20:58:46'),
(11, 'Maria Schulz', 'Logistik', 'receiver', '2022-09-30 19:06:43'),
(12, 'Thomas Müller', 'Einkauf', 'purchaser', '2022-03-31 06:27:46'),
(13, 'Anna Schmidt', 'Operations', 'operations_manager', '2024-08-20 08:47:41'),
(14, 'Andreas Schulz', 'Operations', 'operations_manager', '2024-03-21 07:14:42'),
(15, 'Martin Müller', 'Management', 'approver', '2022-06-21 07:37:25'),
(16, 'Julia Schulz', 'Management', 'approver', '2023-11-17 06:39:03'),
(17, 'Thomas Wagner', 'Management', 'approver', '2023-04-27 15:44:56'),
(18, 'Peter Fischer', 'Einkauf', 'purchaser', '2022-09-22 21:22:55'),
(19, 'Klaus Müller', 'Operations', 'operations_manager', '2022-12-16 07:28:13'),
(20, 'Sandra Schulz', 'Logistik', 'receiver', '2022-02-15 07:16:38'),
(21, 'Michael Schulz', 'Management', 'approver', '2023-12-22 01:18:15'),
(22, 'Sandra Becker', 'Logistik', 'receiver', '2022-04-12 02:40:14'),
(23, 'Martin Becker', 'Finanzen', 'accountant', '2022-07-23 14:30:56'),
(24, 'Peter Schneider', 'Finanzen', 'accountant', '2022-02-05 21:02:29'),
(25, 'Stefan Schulz', 'Management', 'approver', '2023-07-14 13:02:11'),
(26, 'Julia Schmidt', 'Operations', 'operations_manager', '2023-02-03 17:11:51'),
(27, 'Martin Weber', 'Einkauf', 'purchaser', '2022-11-08 14:13:20'),
(28, 'Sandra Schmidt', 'Einkauf', 'purchaser', '2025-01-15 21:36:32'),
(29, 'Anna Becker', 'Logistik', 'receiver', '2024-04-26 14:19:23'),
(30, 'Julia Fischer', 'Einkauf', 'purchaser', '2023-09-22 05:50:59'),
(31, 'Sandra Schneider', 'Finanzen', 'accountant', '2023-09-06 20:25:54'),
(32, 'Anna Hoffmann', 'Logistik', 'receiver', '2024-07-30 10:40:25'),
(33, 'Thomas Meyer', 'Management', 'approver', '2023-05-31 06:50:06'),
(34, 'Klaus Fischer', 'Management', 'approver', '2022-03-05 04:22:57'),
(35, 'Martin Schneider', 'Operations', 'operations_manager', '2022-09-05 17:02:52'),
(36, 'Julia Meyer', 'Operations', 'operations_manager', '2024-12-16 08:40:41'),
(37, 'Peter Wagner', 'Operations', 'operations_manager', '2024-03-17 11:34:08'),
(38, 'Stefan Schulz', 'Operations', 'operations_manager', '2023-05-28 20:49:24'),
(39, 'Michael Becker', 'Einkauf', 'purchaser', '2023-02-18 02:11:29'),
(40, 'Michael Schulz', 'Finanzen', 'accountant', '2022-10-15 01:14:28'),
(41, 'Anna Müller', 'Finanzen', 'accountant', '2024-12-09 00:46:32'),
(42, 'Martin Wagner', 'Einkauf', 'purchaser', '2022-12-28 16:53:59'),
(43, 'Klaus Becker', 'Logistik', 'receiver', '2022-12-14 11:30:11'),
(44, 'Martin Becker', 'Management', 'approver', '2023-01-09 23:04:39'),
(45, 'Michael Wagner', 'Operations', 'operations_manager', '2023-10-01 12:31:37'),
(46, 'Peter Fischer', 'Operations', 'operations_manager', '2023-05-05 04:37:53'),
(47, 'Thomas Schneider', 'Einkauf', 'purchaser', '2023-01-13 11:11:38'),
(48, 'Andreas Schulz', 'Management', 'approver', '2024-11-24 16:49:08'),
(49, 'Andreas Becker', 'Finanzen', 'accountant', '2023-02-14 20:00:14'),
(50, 'Peter Wagner', 'Logistik', 'receiver', '2024-02-29 11:20:16'),
(51, 'Klaus Schmidt', 'Finanzen', 'accountant', '2023-08-11 03:14:49'),
(52, 'Andreas Hoffmann', 'Management', 'approver', '2023-04-05 15:59:36'),
(53, 'Anna Fischer', 'Management', 'approver', '2025-01-03 04:05:22'),
(54, 'Klaus Müller', 'Operations', 'operations_manager', '2024-03-19 13:39:57'),
(55, 'Martin Schmidt', 'Einkauf', 'purchaser', '2022-06-11 02:49:07'),
(56, 'Martin Wagner', 'Management', 'approver', '2022-04-13 04:01:33'),
(57, 'Michael Schulz', 'Finanzen', 'accountant', '2022-04-25 17:55:05'),
(58, 'Maria Hoffmann', 'Logistik', 'receiver', '2023-05-12 08:58:35'),
(59, 'Andreas Weber', 'Logistik', 'receiver', '2023-01-20 00:18:23'),
(60, 'Maria Müller', 'Logistik', 'receiver', '2024-04-13 09:36:20'),
(61, 'Stefan Schneider', 'Finanzen', 'accountant', '2022-09-21 13:04:54'),
(62, 'Sandra Becker', 'Logistik', 'receiver', '2023-04-02 00:59:43'),
(63, 'Anna Becker', 'Logistik', 'receiver', '2022-03-22 18:05:34'),
(64, 'Anna Fischer', 'Finanzen', 'accountant', '2024-07-13 19:16:55'),
(65, 'Martin Fischer', 'Management', 'approver', '2022-11-28 17:05:29'),
(66, 'Maria Becker', 'Management', 'approver', '2023-05-31 14:39:37'),
(67, 'Julia Becker', 'Management', 'approver', '2024-02-24 09:45:50'),
(68, 'Thomas Schmidt', 'Logistik', 'receiver', '2023-03-05 07:10:45'),
(69, 'Sandra Schneider', 'Einkauf', 'purchaser', '2022-07-19 14:10:04'),
(70, 'Michael Hoffmann', 'Einkauf', 'purchaser', '2022-05-07 01:00:33'),
(71, 'Stefan Becker', 'Einkauf', 'purchaser', '2024-12-20 19:42:24'),
(72, 'Maria Fischer', 'Logistik', 'receiver', '2022-10-07 13:11:00'),
(73, 'Michael Becker', 'Management', 'approver', '2023-04-04 22:25:04'),
(74, 'Anna Becker', 'Finanzen', 'accountant', '2022-11-18 15:17:12'),
(75, 'Anna Hoffmann', 'Logistik', 'receiver', '2022-03-02 21:16:23'),
(76, 'Thomas Wagner', 'Finanzen', 'accountant', '2024-11-29 10:01:34'),
(77, 'Thomas Schneider', 'Operations', 'operations_manager', '2024-02-02 07:01:52'),
(78, 'Martin Schulz', 'Einkauf', 'purchaser', '2022-12-01 02:46:00'),
(79, 'Michael Schmidt', 'Operations', 'operations_manager', '2024-03-11 02:47:13'),
(80, 'Sandra Weber', 'Logistik', 'receiver', '2024-02-15 10:38:52'),
(81, 'Andreas Schneider', 'Operations', 'operations_manager', '2023-10-11 05:17:04'),
(82, 'Thomas Meyer', 'Finanzen', 'accountant', '2024-12-04 22:38:59'),
(83, 'Sandra Meyer', 'Finanzen', 'accountant', '2022-02-24 19:10:00'),
(84, 'Stefan Fischer', 'Einkauf', 'purchaser', '2022-05-12 17:03:56'),
(85, 'Stefan Schmidt', 'Operations', 'operations_manager', '2022-10-23 08:34:37'),
(86, 'Martin Müller', 'Logistik', 'receiver', '2023-12-20 23:41:45'),
(87, 'Martin Becker', 'Einkauf', 'purchaser', '2023-10-03 00:57:54'),
(88, 'Klaus Wagner', 'Logistik', 'receiver', '2023-07-11 18:36:44'),
(89, 'Michael Schneider', 'Logistik', 'receiver', '2023-10-11 18:26:36'),
(90, 'Michael Schulz', 'Logistik', 'receiver', '2023-11-03 21:04:58');

INSERT INTO purchase_order (po_id, supplier_id, employee_id, total_amount, currency, status, created_at) VALUES
(1, 46, 12, 0, 'USD', 'APPROVED', '2024-10-19 09:23:55'),
(2, 94, 70, 0, 'USD', 'DRAFT', '2023-10-17 18:18:39'),
(3, 33, 69, 0, 'USD', 'COMPLETED', '2023-02-24 17:50:11'),
(4, 61, 78, 0, 'EUR', 'DRAFT', '2022-03-03 07:21:28'),
(5, 23, 84, 0, 'USD', 'DRAFT', '2022-09-03 09:52:38'),
(6, 17, 1, 0, 'EUR', 'REJECTED', '2023-01-06 13:35:25'),
(7, 71, 30, 0, 'USD', 'APPROVED', '2024-11-20 12:59:47'),
(8, 82, 27, 0, 'USD', 'REJECTED', '2024-09-11 15:28:39'),
(9, 34, 7, 0, 'EUR', 'SUBMITTED', '2022-02-13 10:14:49'),
(10, 38, 47, 0, 'USD', 'APPROVED', '2024-10-27 15:15:31'),
(11, 11, 12, 0, 'USD', 'REJECTED', '2024-07-11 17:07:44'),
(12, 24, 42, 0, 'USD', 'REJECTED', '2022-01-19 18:40:36'),
(13, 90, 28, 0, 'USD', 'REJECTED', '2024-07-30 06:52:01'),
(14, 53, 28, 0, 'EUR', 'SUBMITTED', '2024-05-30 10:12:48'),
(15, 24, 18, 0, 'USD', 'COMPLETED', '2022-10-25 13:41:37'),
(16, 55, 42, 0, 'USD', 'DRAFT', '2024-03-23 10:35:22'),
(17, 89, 39, 0, 'USD', 'DRAFT', '2022-09-28 06:28:58'),
(18, 79, 28, 0, 'EUR', 'DRAFT', '2024-08-24 14:35:21'),
(19, 100, 1, 0, 'USD', 'SUBMITTED', '2024-11-18 08:31:30'),
(20, 32, 78, 0, 'EUR', 'SUBMITTED', '2025-01-14 08:56:45'),
(21, 11, 55, 0, 'EUR', 'DRAFT', '2024-09-13 11:44:31'),
(22, 86, 27, 0, 'EUR', 'REJECTED', '2024-05-01 03:51:38'),
(23, 61, 12, 0, 'USD', 'DRAFT', '2024-04-06 19:39:30'),
(24, 85, 70, 0, 'EUR', 'REJECTED', '2024-01-18 16:09:16'),
(25, 2, 47, 0, 'USD', 'SUBMITTED', '2023-03-07 13:18:33'),
(26, 68, 84, 0, 'EUR', 'COMPLETED', '2023-08-07 15:42:33'),
(27, 20, 47, 0, 'USD', 'REJECTED', '2023-05-14 09:46:42'),
(28, 77, 70, 0, 'USD', 'COMPLETED', '2022-08-19 19:43:46'),
(29, 13, 12, 0, 'USD', 'DRAFT', '2024-01-01 18:59:22'),
(30, 18, 69, 0, 'USD', 'SUBMITTED', '2023-08-16 15:14:18'),
(31, 49, 69, 0, 'EUR', 'REJECTED', '2024-07-18 04:51:30'),
(32, 73, 87, 0, 'USD', 'SUBMITTED', '2024-11-18 10:37:51'),
(33, 45, 78, 0, 'EUR', 'DRAFT', '2023-01-27 16:41:14'),
(34, 71, 42, 0, 'EUR', 'APPROVED', '2022-03-25 11:28:18'),
(35, 72, 30, 0, 'EUR', 'DRAFT', '2023-05-23 02:03:42'),
(36, 92, 27, 0, 'EUR', 'APPROVED', '2023-04-02 15:18:13'),
(37, 34, 87, 0, 'USD', 'COMPLETED', '2022-07-15 14:28:30'),
(38, 92, 1, 0, 'USD', 'DRAFT', '2023-02-14 01:30:34'),
(39, 92, 87, 0, 'USD', 'APPROVED', '2022-10-31 21:40:40'),
(40, 15, 12, 0, 'USD', 'APPROVED', '2023-08-11 01:06:15'),
(41, 93, 7, 0, 'USD', 'APPROVED', '2024-01-19 21:11:03'),
(42, 51, 39, 0, 'EUR', 'SUBMITTED', '2024-05-01 06:41:42'),
(43, 46, 70, 0, 'EUR', 'APPROVED', '2024-07-14 23:04:59'),
(44, 26, 84, 0, 'USD', 'COMPLETED', '2022-11-16 12:54:52'),
(45, 20, 55, 0, 'EUR', 'APPROVED', '2024-06-15 22:40:36'),
(46, 80, 18, 0, 'USD', 'SUBMITTED', '2024-05-20 08:26:40'),
(47, 84, 28, 0, 'EUR', 'COMPLETED', '2024-11-24 16:02:05'),
(48, 40, 18, 0, 'USD', 'SUBMITTED', '2024-07-22 17:08:41'),
(49, 21, 12, 0, 'EUR', 'APPROVED', '2025-01-11 04:52:01'),
(50, 75, 27, 0, 'USD', 'COMPLETED', '2023-03-26 03:45:46'),
(51, 8, 71, 0, 'USD', 'DRAFT', '2024-03-22 16:08:16'),
(52, 13, 70, 0, 'USD', 'SUBMITTED', '2024-03-31 14:16:24'),
(53, 30, 78, 0, 'USD', 'REJECTED', '2024-11-23 03:12:34'),
(54, 64, 42, 0, 'USD', 'SUBMITTED', '2022-05-29 11:35:41'),
(55, 91, 87, 0, 'USD', 'SUBMITTED', '2024-10-24 08:48:31'),
(56, 65, 84, 0, 'EUR', 'SUBMITTED', '2022-11-28 01:06:19'),
(57, 83, 7, 0, 'EUR', 'DRAFT', '2024-04-21 04:13:22'),
(58, 87, 18, 0, 'EUR', 'APPROVED', '2023-05-15 02:49:01'),
(59, 72, 7, 0, 'EUR', 'SUBMITTED', '2024-10-25 06:12:44'),
(60, 20, 28, 0, 'USD', 'SUBMITTED', '2024-10-27 16:21:22'),
(61, 55, 30, 0, 'USD', 'REJECTED', '2023-04-24 01:58:02'),
(62, 66, 55, 0, 'USD', 'DRAFT', '2022-07-06 14:50:11'),
(63, 61, 87, 0, 'EUR', 'APPROVED', '2022-11-27 03:03:24'),
(64, 84, 84, 0, 'USD', 'DRAFT', '2024-11-05 17:04:35'),
(65, 19, 39, 0, 'EUR', 'SUBMITTED', '2024-03-24 22:06:49'),
(66, 5, 27, 0, 'EUR', 'APPROVED', '2022-03-24 03:19:20'),
(67, 50, 84, 0, 'EUR', 'COMPLETED', '2023-02-10 05:34:06'),
(68, 87, 69, 0, 'USD', 'COMPLETED', '2024-08-18 00:58:42'),
(69, 11, 1, 0, 'USD', 'REJECTED', '2022-12-21 18:26:26'),
(70, 34, 87, 0, 'USD', 'APPROVED', '2024-01-18 00:35:45'),
(71, 13, 42, 0, 'EUR', 'APPROVED', '2023-07-07 04:02:25'),
(72, 42, 70, 0, 'USD', 'APPROVED', '2022-01-19 20:49:47'),
(73, 78, 28, 0, 'EUR', 'REJECTED', '2024-11-08 18:48:06'),
(74, 76, 30, 0, 'EUR', 'REJECTED', '2024-12-22 09:49:21'),
(75, 95, 87, 0, 'USD', 'COMPLETED', '2024-06-22 06:13:38'),
(76, 42, 28, 0, 'USD', 'APPROVED', '2024-05-21 05:49:38'),
(77, 61, 30, 0, 'EUR', 'REJECTED', '2025-02-01 23:21:54'),
(78, 86, 55, 0, 'USD', 'APPROVED', '2023-08-01 19:12:24'),
(79, 75, 69, 0, 'EUR', 'SUBMITTED', '2022-01-09 06:45:06'),
(80, 54, 78, 0, 'USD', 'REJECTED', '2023-01-22 04:56:45'),
(81, 93, 47, 0, 'EUR', 'REJECTED', '2022-10-15 12:28:48'),
(82, 41, 47, 0, 'EUR', 'REJECTED', '2023-12-07 15:46:19'),
(83, 74, 7, 0, 'EUR', 'COMPLETED', '2024-03-08 08:53:56'),
(84, 98, 71, 0, 'EUR', 'SUBMITTED', '2023-12-08 03:06:59'),
(85, 7, 69, 0, 'USD', 'COMPLETED', '2023-10-10 13:49:07'),
(86, 49, 27, 0, 'EUR', 'DRAFT', '2025-01-17 17:12:11'),
(87, 67, 47, 0, 'EUR', 'APPROVED', '2024-05-12 11:03:27'),
(88, 40, 78, 0, 'USD', 'DRAFT', '2022-09-22 05:37:14'),
(89, 22, 12, 0, 'USD', 'COMPLETED', '2022-10-31 19:23:05'),
(90, 27, 78, 0, 'EUR', 'DRAFT', '2023-08-07 04:42:43'),
(91, 68, 47, 0, 'USD', 'REJECTED', '2023-10-02 21:53:17'),
(92, 41, 69, 0, 'USD', 'REJECTED', '2023-05-24 17:45:36'),
(93, 77, 71, 0, 'EUR', 'COMPLETED', '2023-04-01 00:54:50'),
(94, 35, 7, 0, 'USD', 'COMPLETED', '2023-02-02 10:37:04'),
(95, 93, 71, 0, 'EUR', 'REJECTED', '2024-08-21 13:25:17'),
(96, 67, 18, 0, 'EUR', 'APPROVED', '2024-07-22 20:05:20'),
(97, 34, 87, 0, 'USD', 'DRAFT', '2022-09-24 05:10:05'),
(98, 29, 55, 0, 'USD', 'REJECTED', '2024-02-13 10:31:45'),
(99, 42, 42, 0, 'EUR', 'COMPLETED', '2023-06-08 03:14:57'),
(100, 97, 18, 0, 'USD', 'APPROVED', '2022-09-17 02:07:26'),
(101, 13, 42, 0, 'EUR', 'DRAFT', '2023-09-16 00:25:08'),
(102, 90, 71, 0, 'USD', 'REJECTED', '2024-12-08 08:15:40'),
(103, 32, 30, 0, 'USD', 'SUBMITTED', '2022-02-28 02:59:23'),
(104, 65, 7, 0, 'USD', 'DRAFT', '2024-01-12 00:09:07'),
(105, 65, 7, 0, 'EUR', 'SUBMITTED', '2022-03-04 14:38:30'),
(106, 27, 30, 0, 'EUR', 'SUBMITTED', '2024-01-09 10:00:25'),
(107, 76, 28, 0, 'USD', 'COMPLETED', '2024-05-05 17:45:57'),
(108, 59, 71, 0, 'EUR', 'COMPLETED', '2022-10-23 12:32:09'),
(109, 34, 78, 0, 'USD', 'REJECTED', '2024-05-07 21:39:43'),
(110, 75, 7, 0, 'EUR', 'APPROVED', '2024-06-17 15:42:23'),
(111, 78, 18, 0, 'EUR', 'COMPLETED', '2022-12-12 09:40:22'),
(112, 21, 78, 0, 'USD', 'DRAFT', '2022-07-26 11:06:51'),
(113, 50, 7, 0, 'USD', 'DRAFT', '2023-11-30 14:05:56'),
(114, 4, 78, 0, 'USD', 'REJECTED', '2023-08-15 02:43:42'),
(115, 83, 27, 0, 'EUR', 'APPROVED', '2023-12-09 01:37:38'),
(116, 54, 84, 0, 'EUR', 'REJECTED', '2023-07-04 22:33:54'),
(117, 97, 47, 0, 'EUR', 'COMPLETED', '2022-11-07 07:48:15'),
(118, 4, 28, 0, 'USD', 'APPROVED', '2023-01-03 12:21:06'),
(119, 72, 70, 0, 'EUR', 'SUBMITTED', '2022-02-14 16:18:31'),
(120, 10, 27, 0, 'USD', 'SUBMITTED', '2024-08-14 14:19:26'),
(121, 92, 55, 0, 'USD', 'DRAFT', '2022-05-01 08:03:11'),
(122, 91, 70, 0, 'EUR', 'COMPLETED', '2024-02-10 08:12:36'),
(123, 49, 84, 0, 'USD', 'DRAFT', '2023-10-29 19:57:18'),
(124, 25, 47, 0, 'EUR', 'REJECTED', '2023-03-09 13:46:57'),
(125, 44, 87, 0, 'EUR', 'DRAFT', '2023-09-30 19:46:18'),
(126, 56, 71, 0, 'EUR', 'REJECTED', '2023-01-23 15:00:14'),
(127, 18, 12, 0, 'USD', 'APPROVED', '2024-11-29 11:39:43'),
(128, 87, 30, 0, 'USD', 'REJECTED', '2022-05-22 21:21:00'),
(129, 82, 7, 0, 'EUR', 'SUBMITTED', '2022-01-31 07:12:34'),
(130, 72, 1, 0, 'EUR', 'DRAFT', '2024-11-17 23:41:13'),
(131, 24, 47, 0, 'EUR', 'DRAFT', '2024-03-08 20:15:55'),
(132, 78, 28, 0, 'EUR', 'REJECTED', '2023-04-07 12:39:10'),
(133, 53, 84, 0, 'EUR', 'APPROVED', '2024-12-01 20:54:35'),
(134, 85, 42, 0, 'EUR', 'COMPLETED', '2025-01-05 22:42:37'),
(135, 37, 84, 0, 'USD', 'APPROVED', '2024-10-02 00:12:44'),
(136, 25, 42, 0, 'USD', 'DRAFT', '2023-04-11 03:38:17'),
(137, 55, 78, 0, 'USD', 'DRAFT', '2024-08-12 08:32:32'),
(138, 81, 84, 0, 'EUR', 'APPROVED', '2024-11-16 06:57:38'),
(139, 32, 12, 0, 'EUR', 'COMPLETED', '2023-01-14 10:00:12'),
(140, 98, 39, 0, 'EUR', 'DRAFT', '2022-02-27 10:20:32'),
(141, 96, 30, 0, 'EUR', 'COMPLETED', '2023-02-16 08:09:59'),
(142, 24, 70, 0, 'USD', 'DRAFT', '2024-08-03 11:36:06'),
(143, 86, 71, 0, 'USD', 'APPROVED', '2024-12-02 12:59:34'),
(144, 12, 70, 0, 'EUR', 'COMPLETED', '2024-03-23 14:12:00'),
(145, 9, 55, 0, 'EUR', 'DRAFT', '2023-02-19 03:23:30'),
(146, 10, 12, 0, 'EUR', 'SUBMITTED', '2024-03-20 12:38:35'),
(147, 11, 70, 0, 'EUR', 'COMPLETED', '2022-07-04 02:54:22'),
(148, 83, 78, 0, 'EUR', 'APPROVED', '2024-11-08 03:54:04'),
(149, 32, 30, 0, 'EUR', 'SUBMITTED', '2022-10-16 21:56:03'),
(150, 34, 42, 0, 'USD', 'SUBMITTED', '2023-07-23 20:16:19'),
(151, 95, 28, 0, 'USD', 'REJECTED', '2022-03-21 01:15:17'),
(152, 29, 87, 0, 'USD', 'APPROVED', '2022-11-30 21:05:43'),
(153, 85, 69, 0, 'USD', 'REJECTED', '2024-07-28 06:59:07'),
(154, 65, 18, 0, 'EUR', 'REJECTED', '2024-08-15 18:40:54'),
(155, 29, 69, 0, 'USD', 'APPROVED', '2023-07-12 16:31:33'),
(156, 92, 1, 0, 'EUR', 'SUBMITTED', '2022-01-14 00:33:51'),
(157, 34, 47, 0, 'USD', 'COMPLETED', '2022-09-19 23:53:28'),
(158, 3, 12, 0, 'USD', 'SUBMITTED', '2022-07-18 06:02:42'),
(159, 38, 27, 0, 'EUR', 'REJECTED', '2022-08-15 01:50:52'),
(160, 70, 71, 0, 'EUR', 'SUBMITTED', '2024-07-31 01:41:09'),
(161, 79, 7, 0, 'USD', 'APPROVED', '2023-09-23 21:28:42'),
(162, 73, 78, 0, 'EUR', 'COMPLETED', '2022-04-03 20:42:25'),
(163, 49, 47, 0, 'EUR', 'APPROVED', '2024-07-15 12:29:10'),
(164, 71, 55, 0, 'USD', 'SUBMITTED', '2024-11-16 09:05:04'),
(165, 45, 39, 0, 'USD', 'COMPLETED', '2023-09-16 04:55:04'),
(166, 77, 78, 0, 'EUR', 'COMPLETED', '2023-04-08 14:57:06'),
(167, 30, 27, 0, 'EUR', 'REJECTED', '2023-11-24 16:01:23'),
(168, 7, 28, 0, 'USD', 'APPROVED', '2024-10-04 21:25:46'),
(169, 65, 39, 0, 'USD', 'SUBMITTED', '2024-03-27 10:30:05'),
(170, 16, 18, 0, 'EUR', 'COMPLETED', '2024-09-14 10:17:49'),
(171, 2, 1, 0, 'EUR', 'APPROVED', '2023-01-04 07:40:35'),
(172, 60, 70, 0, 'USD', 'DRAFT', '2023-05-09 17:55:18'),
(173, 44, 28, 0, 'USD', 'APPROVED', '2022-12-20 11:23:15'),
(174, 15, 55, 0, 'USD', 'APPROVED', '2022-01-30 05:30:07'),
(175, 33, 30, 0, 'EUR', 'SUBMITTED', '2022-01-15 04:54:35'),
(176, 20, 55, 0, 'USD', 'DRAFT', '2022-08-20 03:40:02'),
(177, 98, 71, 0, 'EUR', 'DRAFT', '2023-06-20 12:07:17'),
(178, 12, 30, 0, 'EUR', 'APPROVED', '2022-01-19 17:57:17'),
(179, 81, 78, 0, 'EUR', 'DRAFT', '2024-12-08 08:03:52'),
(180, 41, 69, 0, 'EUR', 'REJECTED', '2024-09-10 08:18:03'),
(181, 68, 27, 0, 'EUR', 'APPROVED', '2024-08-23 07:42:25'),
(182, 59, 87, 0, 'USD', 'REJECTED', '2024-11-05 00:13:38'),
(183, 97, 30, 0, 'USD', 'REJECTED', '2022-04-21 01:48:22'),
(184, 18, 69, 0, 'EUR', 'COMPLETED', '2024-10-06 01:24:04'),
(185, 55, 42, 0, 'USD', 'COMPLETED', '2024-05-22 21:16:59'),
(186, 37, 28, 0, 'USD', 'APPROVED', '2023-04-02 00:39:26'),
(187, 61, 71, 0, 'USD', 'REJECTED', '2022-05-30 21:07:00'),
(188, 19, 84, 0, 'EUR', 'DRAFT', '2023-08-06 03:37:21'),
(189, 43, 30, 0, 'EUR', 'DRAFT', '2024-10-14 14:43:04'),
(190, 95, 39, 0, 'EUR', 'COMPLETED', '2023-01-19 05:02:28'),
(191, 25, 84, 0, 'USD', 'REJECTED', '2024-04-04 03:45:14'),
(192, 3, 84, 0, 'EUR', 'DRAFT', '2022-02-07 12:09:39'),
(193, 66, 30, 0, 'USD', 'DRAFT', '2022-09-26 08:01:57'),
(194, 2, 18, 0, 'EUR', 'REJECTED', '2024-06-30 06:28:18'),
(195, 76, 1, 0, 'EUR', 'REJECTED', '2024-07-31 04:32:25'),
(196, 63, 71, 0, 'USD', 'DRAFT', '2022-09-10 16:01:02'),
(197, 12, 7, 0, 'USD', 'REJECTED', '2024-07-22 11:23:35'),
(198, 27, 27, 0, 'EUR', 'APPROVED', '2023-06-27 21:26:27'),
(199, 62, 84, 0, 'EUR', 'REJECTED', '2023-01-06 21:44:35'),
(200, 18, 55, 0, 'USD', 'SUBMITTED', '2023-08-06 19:10:02'),
(201, 35, 47, 0, 'EUR', 'REJECTED', '2022-05-31 06:26:48'),
(202, 36, 7, 0, 'EUR', 'SUBMITTED', '2024-08-01 16:14:35'),
(203, 56, 71, 0, 'USD', 'SUBMITTED', '2024-01-13 13:27:36'),
(204, 46, 28, 0, 'EUR', 'DRAFT', '2023-09-05 17:15:00'),
(205, 6, 55, 0, 'USD', 'REJECTED', '2024-10-03 10:32:40'),
(206, 81, 69, 0, 'EUR', 'SUBMITTED', '2024-04-14 17:30:44'),
(207, 48, 1, 0, 'USD', 'DRAFT', '2024-04-13 08:39:37'),
(208, 73, 12, 0, 'EUR', 'SUBMITTED', '2022-02-19 15:43:48'),
(209, 37, 1, 0, 'USD', 'DRAFT', '2022-09-06 19:58:35'),
(210, 90, 18, 0, 'USD', 'COMPLETED', '2023-10-24 17:06:57'),
(211, 19, 69, 0, 'USD', 'SUBMITTED', '2022-12-28 05:23:48'),
(212, 91, 18, 0, 'EUR', 'COMPLETED', '2023-07-06 00:20:11'),
(213, 19, 18, 0, 'USD', 'DRAFT', '2023-11-15 09:05:02'),
(214, 21, 78, 0, 'USD', 'COMPLETED', '2024-08-03 21:39:04'),
(215, 40, 87, 0, 'EUR', 'SUBMITTED', '2024-11-13 12:36:28'),
(216, 93, 18, 0, 'USD', 'SUBMITTED', '2025-01-04 08:30:14'),
(217, 95, 27, 0, 'EUR', 'SUBMITTED', '2022-05-25 21:23:43'),
(218, 41, 42, 0, 'EUR', 'REJECTED', '2024-04-05 03:20:55'),
(219, 43, 84, 0, 'EUR', 'COMPLETED', '2022-03-16 23:10:38'),
(220, 2, 78, 0, 'EUR', 'DRAFT', '2023-12-27 21:46:07'),
(221, 71, 47, 0, 'EUR', 'COMPLETED', '2023-12-08 09:49:48'),
(222, 92, 12, 0, 'EUR', 'APPROVED', '2023-11-27 17:26:57'),
(223, 40, 12, 0, 'USD', 'REJECTED', '2022-08-15 15:01:58'),
(224, 17, 71, 0, 'EUR', 'SUBMITTED', '2023-10-28 09:51:25'),
(225, 65, 30, 0, 'EUR', 'REJECTED', '2023-10-07 21:28:29'),
(226, 26, 7, 0, 'EUR', 'APPROVED', '2024-03-10 09:01:54'),
(227, 3, 47, 0, 'USD', 'DRAFT', '2024-02-02 02:36:53'),
(228, 10, 47, 0, 'USD', 'APPROVED', '2024-08-10 23:04:51'),
(229, 11, 87, 0, 'EUR', 'APPROVED', '2022-10-17 11:22:27'),
(230, 81, 69, 0, 'USD', 'APPROVED', '2023-08-18 17:12:05'),
(231, 90, 78, 0, 'USD', 'COMPLETED', '2023-07-16 20:24:21'),
(232, 87, 78, 0, 'EUR', 'COMPLETED', '2023-01-28 04:49:26'),
(233, 9, 47, 0, 'EUR', 'REJECTED', '2024-11-16 06:06:38'),
(234, 36, 28, 0, 'USD', 'COMPLETED', '2024-05-23 13:14:08'),
(235, 27, 78, 0, 'EUR', 'SUBMITTED', '2024-10-22 03:13:43'),
(236, 28, 87, 0, 'USD', 'DRAFT', '2022-01-05 01:16:43'),
(237, 54, 7, 0, 'USD', 'REJECTED', '2022-01-17 15:28:10'),
(238, 29, 42, 0, 'EUR', 'DRAFT', '2022-10-09 11:46:04'),
(239, 58, 28, 0, 'EUR', 'REJECTED', '2022-06-26 06:23:32'),
(240, 51, 27, 0, 'EUR', 'REJECTED', '2022-03-12 13:51:20'),
(241, 98, 18, 0, 'USD', 'COMPLETED', '2024-11-29 11:42:08'),
(242, 94, 71, 0, 'USD', 'DRAFT', '2024-06-02 09:35:28'),
(243, 13, 39, 0, 'USD', 'DRAFT', '2024-04-15 01:06:12'),
(244, 52, 27, 0, 'EUR', 'APPROVED', '2022-01-13 07:25:18'),
(245, 89, 87, 0, 'EUR', 'APPROVED', '2022-03-29 21:59:25'),
(246, 47, 69, 0, 'EUR', 'COMPLETED', '2023-08-02 11:19:55'),
(247, 61, 28, 0, 'USD', 'SUBMITTED', '2024-03-31 15:25:25'),
(248, 6, 69, 0, 'EUR', 'APPROVED', '2024-01-10 13:37:28'),
(249, 41, 42, 0, 'EUR', 'COMPLETED', '2022-09-08 15:47:47'),
(250, 92, 12, 0, 'EUR', 'DRAFT', '2022-08-31 04:32:19'),
(251, 86, 12, 0, 'USD', 'APPROVED', '2024-04-27 23:07:01'),
(252, 49, 78, 0, 'USD', 'SUBMITTED', '2022-05-11 15:05:12'),
(253, 58, 78, 0, 'USD', 'DRAFT', '2024-02-23 11:08:45'),
(254, 23, 39, 0, 'EUR', 'COMPLETED', '2024-07-31 07:14:08'),
(255, 8, 55, 0, 'USD', 'APPROVED', '2024-02-20 02:48:00'),
(256, 65, 87, 0, 'EUR', 'COMPLETED', '2024-05-21 03:12:04'),
(257, 30, 42, 0, 'EUR', 'REJECTED', '2022-05-28 18:45:28'),
(258, 49, 18, 0, 'USD', 'SUBMITTED', '2023-01-27 18:31:44'),
(259, 47, 1, 0, 'USD', 'DRAFT', '2023-04-29 17:08:09'),
(260, 100, 84, 0, 'EUR', 'COMPLETED', '2025-02-03 00:52:16'),
(261, 71, 84, 0, 'EUR', 'COMPLETED', '2023-10-20 12:09:20'),
(262, 97, 71, 0, 'EUR', 'DRAFT', '2025-02-02 19:18:17'),
(263, 95, 1, 0, 'USD', 'SUBMITTED', '2022-07-05 16:36:14'),
(264, 46, 71, 0, 'EUR', 'SUBMITTED', '2022-02-24 22:31:27'),
(265, 74, 87, 0, 'EUR', 'DRAFT', '2022-10-31 01:52:51'),
(266, 29, 39, 0, 'USD', 'COMPLETED', '2023-06-22 17:10:28'),
(267, 93, 71, 0, 'USD', 'DRAFT', '2023-03-26 14:04:57'),
(268, 57, 55, 0, 'EUR', 'COMPLETED', '2023-01-25 17:59:38'),
(269, 21, 55, 0, 'USD', 'SUBMITTED', '2023-11-18 20:30:26'),
(270, 96, 47, 0, 'EUR', 'DRAFT', '2022-06-19 00:39:43'),
(271, 82, 70, 0, 'EUR', 'SUBMITTED', '2024-04-25 02:30:32'),
(272, 68, 18, 0, 'EUR', 'DRAFT', '2023-05-04 22:56:50'),
(273, 67, 18, 0, 'USD', 'APPROVED', '2023-09-25 05:16:41'),
(274, 44, 12, 0, 'USD', 'DRAFT', '2022-06-07 13:26:56'),
(275, 49, 12, 0, 'EUR', 'DRAFT', '2022-09-04 07:41:10'),
(276, 14, 30, 0, 'USD', 'REJECTED', '2024-05-13 23:52:24'),
(277, 83, 7, 0, 'EUR', 'SUBMITTED', '2024-03-08 00:49:20'),
(278, 63, 70, 0, 'USD', 'REJECTED', '2024-02-17 02:24:48'),
(279, 20, 47, 0, 'USD', 'DRAFT', '2024-05-22 13:57:19'),
(280, 88, 84, 0, 'USD', 'APPROVED', '2023-07-27 14:11:21'),
(281, 51, 12, 0, 'USD', 'DRAFT', '2023-12-31 21:02:05'),
(282, 98, 84, 0, 'EUR', 'COMPLETED', '2023-11-12 09:43:13'),
(283, 72, 30, 0, 'USD', 'DRAFT', '2024-07-25 14:55:45'),
(284, 3, 84, 0, 'USD', 'COMPLETED', '2022-11-15 14:58:45'),
(285, 59, 87, 0, 'EUR', 'COMPLETED', '2022-10-10 08:26:03'),
(286, 11, 27, 0, 'EUR', 'REJECTED', '2022-01-26 12:31:17'),
(287, 100, 28, 0, 'EUR', 'COMPLETED', '2022-05-26 00:13:47'),
(288, 84, 70, 0, 'USD', 'DRAFT', '2023-10-26 23:27:30'),
(289, 56, 30, 0, 'USD', 'DRAFT', '2022-02-15 08:42:40'),
(290, 17, 18, 0, 'EUR', 'COMPLETED', '2025-02-18 18:53:16'),
(291, 58, 69, 0, 'USD', 'DRAFT', '2023-12-06 00:01:23'),
(292, 44, 71, 0, 'USD', 'COMPLETED', '2022-11-15 10:49:23'),
(293, 20, 71, 0, 'USD', 'DRAFT', '2023-11-16 12:26:07'),
(294, 30, 87, 0, 'USD', 'SUBMITTED', '2023-11-04 09:29:01'),
(295, 84, 87, 0, 'EUR', 'REJECTED', '2022-04-13 23:46:34'),
(296, 34, 70, 0, 'EUR', 'COMPLETED', '2022-11-10 13:28:13'),
(297, 83, 84, 0, 'EUR', 'APPROVED', '2025-02-19 09:40:47'),
(298, 41, 71, 0, 'EUR', 'APPROVED', '2022-09-04 17:38:12'),
(299, 66, 18, 0, 'EUR', 'SUBMITTED', '2023-07-10 19:04:44'),
(300, 12, 78, 0, 'USD', 'APPROVED', '2024-11-08 04:04:25'),
(301, 32, 39, 0, 'USD', 'SUBMITTED', '2024-07-29 02:33:20'),
(302, 43, 7, 0, 'USD', 'DRAFT', '2022-02-10 14:52:45'),
(303, 26, 87, 0, 'EUR', 'DRAFT', '2022-07-12 14:29:58'),
(304, 77, 30, 0, 'USD', 'COMPLETED', '2024-09-15 10:39:14'),
(305, 83, 42, 0, 'USD', 'COMPLETED', '2024-05-01 14:38:14'),
(306, 87, 47, 0, 'USD', 'SUBMITTED', '2024-01-20 14:52:09'),
(307, 64, 84, 0, 'EUR', 'DRAFT', '2023-05-15 02:48:13'),
(308, 17, 28, 0, 'USD', 'APPROVED', '2025-01-19 21:57:52'),
(309, 41, 7, 0, 'USD', 'DRAFT', '2022-02-18 15:09:59'),
(310, 14, 55, 0, 'EUR', 'COMPLETED', '2022-10-10 16:53:52'),
(311, 94, 47, 0, 'EUR', 'REJECTED', '2023-12-20 00:57:31'),
(312, 23, 18, 0, 'USD', 'DRAFT', '2022-11-12 12:19:58'),
(313, 87, 30, 0, 'EUR', 'COMPLETED', '2022-10-31 05:31:49'),
(314, 85, 47, 0, 'EUR', 'DRAFT', '2024-11-29 05:13:37'),
(315, 66, 71, 0, 'USD', 'SUBMITTED', '2023-01-18 01:41:25'),
(316, 57, 42, 0, 'USD', 'REJECTED', '2022-08-06 06:54:43'),
(317, 88, 18, 0, 'EUR', 'APPROVED', '2023-08-04 21:24:08'),
(318, 65, 28, 0, 'USD', 'COMPLETED', '2024-06-14 21:26:13'),
(319, 61, 71, 0, 'EUR', 'SUBMITTED', '2024-10-18 16:44:45'),
(320, 84, 30, 0, 'USD', 'APPROVED', '2024-11-08 03:56:05'),
(321, 68, 69, 0, 'USD', 'COMPLETED', '2023-08-11 05:21:45'),
(322, 91, 28, 0, 'USD', 'DRAFT', '2024-09-21 06:41:06'),
(323, 77, 1, 0, 'USD', 'APPROVED', '2024-03-05 17:35:03'),
(324, 10, 7, 0, 'EUR', 'COMPLETED', '2024-09-20 14:07:43'),
(325, 57, 47, 0, 'EUR', 'DRAFT', '2022-10-26 16:49:27'),
(326, 73, 42, 0, 'USD', 'APPROVED', '2022-11-06 05:34:56'),
(327, 82, 7, 0, 'EUR', 'COMPLETED', '2024-06-03 00:45:23'),
(328, 66, 69, 0, 'EUR', 'SUBMITTED', '2025-01-02 18:19:57'),
(329, 25, 30, 0, 'USD', 'COMPLETED', '2023-12-05 10:03:30'),
(330, 97, 47, 0, 'EUR', 'COMPLETED', '2022-08-14 08:44:40'),
(331, 60, 42, 0, 'EUR', 'APPROVED', '2022-01-17 00:41:40'),
(332, 34, 27, 0, 'EUR', 'DRAFT', '2023-12-24 09:42:41'),
(333, 94, 70, 0, 'EUR', 'SUBMITTED', '2023-05-29 10:16:24'),
(334, 46, 12, 0, 'USD', 'APPROVED', '2023-04-09 14:18:08'),
(335, 82, 42, 0, 'EUR', 'REJECTED', '2022-08-10 00:35:26'),
(336, 95, 7, 0, 'EUR', 'APPROVED', '2023-12-18 22:23:44'),
(337, 7, 18, 0, 'EUR', 'REJECTED', '2023-11-15 14:43:41'),
(338, 93, 42, 0, 'EUR', 'COMPLETED', '2024-03-28 03:59:02'),
(339, 65, 18, 0, 'EUR', 'REJECTED', '2022-02-08 04:11:09'),
(340, 43, 7, 0, 'EUR', 'SUBMITTED', '2024-05-07 23:35:13'),
(341, 57, 28, 0, 'USD', 'SUBMITTED', '2024-07-26 06:52:58'),
(342, 84, 27, 0, 'USD', 'COMPLETED', '2023-07-09 14:51:07'),
(343, 21, 69, 0, 'USD', 'REJECTED', '2022-08-26 17:13:23'),
(344, 74, 30, 0, 'EUR', 'REJECTED', '2022-05-08 19:00:08'),
(345, 100, 7, 0, 'EUR', 'REJECTED', '2023-01-30 03:02:01'),
(346, 25, 70, 0, 'EUR', 'APPROVED', '2023-06-30 17:49:43'),
(347, 11, 18, 0, 'USD', 'SUBMITTED', '2024-04-04 11:31:15'),
(348, 76, 1, 0, 'USD', 'APPROVED', '2022-11-11 14:38:24'),
(349, 3, 71, 0, 'USD', 'APPROVED', '2023-05-04 13:54:21'),
(350, 85, 78, 0, 'EUR', 'SUBMITTED', '2024-09-04 11:57:04'),
(351, 86, 69, 0, 'EUR', 'DRAFT', '2022-09-27 05:30:19'),
(352, 57, 78, 0, 'USD', 'APPROVED', '2024-10-19 23:09:05'),
(353, 22, 42, 0, 'USD', 'COMPLETED', '2024-12-04 19:28:15'),
(354, 66, 55, 0, 'EUR', 'REJECTED', '2024-01-15 12:47:51'),
(355, 17, 39, 0, 'EUR', 'SUBMITTED', '2024-12-01 04:20:25'),
(356, 16, 84, 0, 'USD', 'APPROVED', '2024-12-29 02:33:24'),
(357, 72, 12, 0, 'USD', 'COMPLETED', '2023-12-04 19:17:34'),
(358, 83, 42, 0, 'USD', 'REJECTED', '2022-01-16 23:42:46'),
(359, 4, 1, 0, 'USD', 'COMPLETED', '2024-02-13 17:04:53'),
(360, 61, 47, 0, 'EUR', 'COMPLETED', '2023-03-24 06:22:19'),
(361, 93, 78, 0, 'EUR', 'APPROVED', '2022-02-10 05:45:52'),
(362, 7, 69, 0, 'EUR', 'SUBMITTED', '2022-02-09 05:52:44'),
(363, 2, 70, 0, 'EUR', 'SUBMITTED', '2023-04-28 08:32:54'),
(364, 97, 7, 0, 'USD', 'REJECTED', '2022-03-23 18:38:16'),
(365, 22, 78, 0, 'EUR', 'APPROVED', '2023-08-17 07:51:11'),
(366, 22, 30, 0, 'EUR', 'COMPLETED', '2024-01-03 07:43:30'),
(367, 56, 87, 0, 'USD', 'REJECTED', '2022-07-26 17:31:40'),
(368, 4, 55, 0, 'USD', 'SUBMITTED', '2022-02-28 05:34:58'),
(369, 89, 12, 0, 'EUR', 'REJECTED', '2023-05-15 11:45:54'),
(370, 1, 1, 0, 'EUR', 'SUBMITTED', '2023-11-14 00:26:14'),
(371, 88, 87, 0, 'USD', 'APPROVED', '2022-07-28 04:25:10'),
(372, 68, 39, 0, 'EUR', 'APPROVED', '2022-01-11 00:38:14'),
(373, 26, 78, 0, 'EUR', 'DRAFT', '2022-05-06 18:37:48'),
(374, 31, 27, 0, 'EUR', 'APPROVED', '2024-07-29 08:25:38'),
(375, 100, 28, 0, 'EUR', 'APPROVED', '2022-12-31 18:39:59'),
(376, 31, 55, 0, 'USD', 'APPROVED', '2022-08-06 16:09:53'),
(377, 27, 12, 0, 'USD', 'COMPLETED', '2023-06-22 03:32:18'),
(378, 73, 87, 0, 'EUR', 'APPROVED', '2022-02-02 15:04:18'),
(379, 53, 69, 0, 'USD', 'COMPLETED', '2024-05-01 00:18:04'),
(380, 42, 18, 0, 'USD', 'APPROVED', '2023-09-10 17:51:59'),
(381, 34, 70, 0, 'USD', 'DRAFT', '2022-04-08 19:31:30'),
(382, 17, 42, 0, 'EUR', 'COMPLETED', '2023-01-05 13:22:33'),
(383, 61, 55, 0, 'EUR', 'DRAFT', '2024-11-09 22:05:22'),
(384, 89, 84, 0, 'USD', 'SUBMITTED', '2023-11-18 19:11:22'),
(385, 95, 47, 0, 'EUR', 'SUBMITTED', '2023-09-14 17:45:52'),
(386, 66, 84, 0, 'EUR', 'COMPLETED', '2024-09-30 01:03:51'),
(387, 41, 30, 0, 'EUR', 'APPROVED', '2022-02-03 18:31:23'),
(388, 3, 69, 0, 'EUR', 'DRAFT', '2022-07-26 05:29:21'),
(389, 4, 78, 0, 'USD', 'COMPLETED', '2024-07-04 08:50:16'),
(390, 19, 55, 0, 'USD', 'REJECTED', '2024-06-27 07:37:20'),
(391, 15, 71, 0, 'EUR', 'COMPLETED', '2022-03-14 10:12:21'),
(392, 33, 1, 0, 'EUR', 'COMPLETED', '2024-02-18 01:30:50'),
(393, 40, 84, 0, 'USD', 'COMPLETED', '2024-10-02 10:59:10'),
(394, 99, 70, 0, 'USD', 'DRAFT', '2022-05-02 17:40:31'),
(395, 12, 47, 0, 'EUR', 'COMPLETED', '2024-08-01 04:15:32'),
(396, 82, 30, 0, 'USD', 'DRAFT', '2024-12-04 08:54:26'),
(397, 83, 70, 0, 'USD', 'DRAFT', '2023-05-06 18:51:00'),
(398, 10, 42, 0, 'EUR', 'SUBMITTED', '2023-01-31 11:10:19'),
(399, 75, 70, 0, 'EUR', 'REJECTED', '2025-01-26 22:11:33'),
(400, 48, 27, 0, 'EUR', 'APPROVED', '2024-05-01 20:20:07'),
(401, 9, 39, 0, 'EUR', 'COMPLETED', '2024-09-13 13:21:44'),
(402, 33, 87, 0, 'EUR', 'REJECTED', '2024-07-11 22:14:30'),
(403, 51, 78, 0, 'EUR', 'SUBMITTED', '2024-04-22 08:29:20'),
(404, 17, 87, 0, 'USD', 'COMPLETED', '2022-06-26 18:11:59'),
(405, 76, 30, 0, 'EUR', 'APPROVED', '2024-02-13 11:50:42'),
(406, 79, 42, 0, 'EUR', 'APPROVED', '2023-01-06 09:06:09'),
(407, 81, 18, 0, 'USD', 'DRAFT', '2025-01-29 18:57:32'),
(408, 56, 69, 0, 'USD', 'REJECTED', '2024-03-15 11:06:20'),
(409, 3, 69, 0, 'USD', 'COMPLETED', '2024-10-13 23:26:58'),
(410, 92, 27, 0, 'EUR', 'COMPLETED', '2024-11-01 23:44:43'),
(411, 23, 70, 0, 'USD', 'APPROVED', '2022-11-14 04:22:24'),
(412, 15, 69, 0, 'USD', 'SUBMITTED', '2023-05-15 08:48:19'),
(413, 60, 47, 0, 'USD', 'DRAFT', '2022-09-22 00:53:40'),
(414, 23, 7, 0, 'USD', 'SUBMITTED', '2024-11-26 07:33:18'),
(415, 98, 18, 0, 'EUR', 'COMPLETED', '2024-01-15 23:29:43'),
(416, 57, 78, 0, 'USD', 'APPROVED', '2024-10-09 15:12:54'),
(417, 76, 78, 0, 'USD', 'COMPLETED', '2023-06-03 15:52:35'),
(418, 26, 70, 0, 'EUR', 'SUBMITTED', '2023-01-23 12:37:14'),
(419, 92, 18, 0, 'USD', 'REJECTED', '2022-01-06 10:38:37'),
(420, 60, 12, 0, 'USD', 'DRAFT', '2024-12-05 05:54:06'),
(421, 93, 18, 0, 'USD', 'REJECTED', '2024-12-23 07:24:39'),
(422, 46, 39, 0, 'EUR', 'APPROVED', '2023-08-02 21:59:42'),
(423, 41, 18, 0, 'USD', 'SUBMITTED', '2023-11-20 21:14:32'),
(424, 19, 78, 0, 'USD', 'REJECTED', '2022-04-27 10:47:46'),
(425, 20, 55, 0, 'EUR', 'REJECTED', '2023-06-16 01:49:06'),
(426, 24, 1, 0, 'EUR', 'DRAFT', '2024-12-27 13:33:35'),
(427, 56, 78, 0, 'EUR', 'SUBMITTED', '2022-10-08 01:29:04'),
(428, 86, 30, 0, 'EUR', 'SUBMITTED', '2023-03-01 05:15:01'),
(429, 5, 78, 0, 'USD', 'SUBMITTED', '2022-07-01 15:48:15'),
(430, 68, 7, 0, 'EUR', 'REJECTED', '2023-02-17 06:29:04'),
(431, 49, 55, 0, 'USD', 'COMPLETED', '2023-08-02 19:27:06'),
(432, 97, 12, 0, 'USD', 'APPROVED', '2022-01-10 21:53:57'),
(433, 85, 42, 0, 'USD', 'COMPLETED', '2022-02-07 21:45:29'),
(434, 21, 18, 0, 'EUR', 'REJECTED', '2024-11-11 11:53:04'),
(435, 44, 87, 0, 'EUR', 'REJECTED', '2023-10-31 07:08:25'),
(436, 5, 18, 0, 'USD', 'REJECTED', '2023-04-04 05:41:10'),
(437, 5, 69, 0, 'USD', 'DRAFT', '2023-11-09 20:03:28'),
(438, 74, 78, 0, 'USD', 'REJECTED', '2022-10-11 07:17:54'),
(439, 66, 30, 0, 'EUR', 'SUBMITTED', '2024-12-12 09:31:33'),
(440, 92, 47, 0, 'USD', 'DRAFT', '2024-12-19 10:36:48'),
(441, 11, 71, 0, 'EUR', 'SUBMITTED', '2024-02-23 13:37:52'),
(442, 22, 71, 0, 'USD', 'SUBMITTED', '2022-11-12 13:49:50'),
(443, 12, 69, 0, 'USD', 'DRAFT', '2022-10-05 12:06:09'),
(444, 30, 71, 0, 'USD', 'DRAFT', '2023-12-10 11:26:06'),
(445, 62, 69, 0, 'USD', 'APPROVED', '2023-03-30 00:16:09'),
(446, 25, 84, 0, 'EUR', 'REJECTED', '2023-07-29 17:06:55'),
(447, 7, 18, 0, 'EUR', 'SUBMITTED', '2025-02-09 12:48:40'),
(448, 21, 71, 0, 'EUR', 'COMPLETED', '2023-08-01 08:56:51'),
(449, 18, 70, 0, 'EUR', 'SUBMITTED', '2025-02-17 20:55:37'),
(450, 68, 12, 0, 'EUR', 'REJECTED', '2022-08-16 03:59:39'),
(451, 33, 39, 0, 'EUR', 'COMPLETED', '2022-06-04 01:00:19'),
(452, 25, 70, 0, 'USD', 'SUBMITTED', '2024-07-08 17:50:29'),
(453, 52, 87, 0, 'USD', 'COMPLETED', '2023-12-21 05:23:41'),
(454, 99, 87, 0, 'EUR', 'APPROVED', '2022-01-29 22:00:18'),
(455, 53, 27, 0, 'USD', 'REJECTED', '2022-05-20 23:45:11'),
(456, 39, 1, 0, 'USD', 'DRAFT', '2024-03-22 21:11:53'),
(457, 10, 78, 0, 'EUR', 'COMPLETED', '2023-03-09 11:40:59'),
(458, 12, 84, 0, 'USD', 'COMPLETED', '2022-11-27 01:33:57'),
(459, 22, 78, 0, 'USD', 'APPROVED', '2023-04-01 14:40:55'),
(460, 68, 1, 0, 'EUR', 'SUBMITTED', '2023-04-05 01:03:25'),
(461, 89, 42, 0, 'EUR', 'REJECTED', '2023-01-15 00:47:54'),
(462, 17, 87, 0, 'USD', 'REJECTED', '2024-11-26 19:09:36'),
(463, 5, 69, 0, 'USD', 'COMPLETED', '2023-10-09 20:21:18'),
(464, 98, 55, 0, 'USD', 'COMPLETED', '2024-12-13 10:11:03'),
(465, 99, 42, 0, 'EUR', 'APPROVED', '2023-08-14 17:05:07'),
(466, 41, 55, 0, 'USD', 'DRAFT', '2024-06-30 16:51:31'),
(467, 83, 87, 0, 'EUR', 'COMPLETED', '2023-08-04 10:16:02'),
(468, 37, 87, 0, 'USD', 'COMPLETED', '2024-01-03 05:18:15'),
(469, 54, 27, 0, 'EUR', 'COMPLETED', '2022-03-12 23:51:29'),
(470, 25, 47, 0, 'EUR', 'COMPLETED', '2023-10-14 18:01:40'),
(471, 3, 27, 0, 'USD', 'COMPLETED', '2023-08-23 23:22:08'),
(472, 82, 70, 0, 'EUR', 'APPROVED', '2022-11-03 04:43:11'),
(473, 53, 28, 0, 'EUR', 'SUBMITTED', '2024-11-10 02:15:17'),
(474, 62, 87, 0, 'EUR', 'DRAFT', '2025-02-09 17:56:45'),
(475, 27, 28, 0, 'EUR', 'SUBMITTED', '2024-10-22 06:04:35'),
(476, 44, 27, 0, 'USD', 'REJECTED', '2024-10-01 13:31:12'),
(477, 77, 27, 0, 'EUR', 'DRAFT', '2023-08-29 02:13:49'),
(478, 13, 28, 0, 'EUR', 'REJECTED', '2022-06-06 04:09:21'),
(479, 31, 7, 0, 'EUR', 'DRAFT', '2022-10-21 08:20:22'),
(480, 15, 87, 0, 'EUR', 'APPROVED', '2024-07-15 17:37:21'),
(481, 59, 18, 0, 'USD', 'COMPLETED', '2024-10-27 02:04:40'),
(482, 14, 27, 0, 'USD', 'COMPLETED', '2024-03-29 15:31:50'),
(483, 9, 70, 0, 'EUR', 'DRAFT', '2024-03-14 23:53:17'),
(484, 100, 30, 0, 'USD', 'REJECTED', '2023-04-22 16:01:48'),
(485, 89, 47, 0, 'EUR', 'REJECTED', '2022-11-27 23:35:45'),
(486, 67, 30, 0, 'EUR', 'REJECTED', '2022-09-05 14:29:12'),
(487, 97, 71, 0, 'EUR', 'APPROVED', '2023-02-02 22:18:27'),
(488, 39, 47, 0, 'USD', 'DRAFT', '2022-11-10 02:47:49'),
(489, 44, 1, 0, 'USD', 'SUBMITTED', '2024-06-17 06:50:18'),
(490, 73, 18, 0, 'USD', 'APPROVED', '2025-01-21 16:30:10'),
(491, 25, 42, 0, 'EUR', 'DRAFT', '2022-06-10 16:42:01'),
(492, 18, 30, 0, 'USD', 'COMPLETED', '2024-09-04 01:23:34'),
(493, 73, 39, 0, 'USD', 'APPROVED', '2024-06-10 18:43:46'),
(494, 11, 42, 0, 'EUR', 'REJECTED', '2023-04-08 01:46:40'),
(495, 44, 84, 0, 'EUR', 'COMPLETED', '2023-01-31 03:00:13'),
(496, 62, 12, 0, 'EUR', 'DRAFT', '2024-09-23 18:14:43'),
(497, 32, 55, 0, 'USD', 'REJECTED', '2024-06-26 15:27:27'),
(498, 67, 42, 0, 'USD', 'DRAFT', '2023-07-18 06:49:10'),
(499, 9, 42, 0, 'USD', 'COMPLETED', '2023-11-03 17:31:54'),
(500, 54, 12, 0, 'EUR', 'COMPLETED', '2022-05-31 05:01:16'),
(501, 91, 84, 0, 'USD', 'REJECTED', '2024-05-05 12:03:25'),
(502, 4, 12, 0, 'EUR', 'DRAFT', '2023-09-18 06:54:04'),
(503, 55, 30, 0, 'EUR', 'SUBMITTED', '2022-07-20 07:04:45'),
(504, 38, 78, 0, 'EUR', 'COMPLETED', '2022-02-26 18:06:22'),
(505, 86, 1, 0, 'USD', 'APPROVED', '2022-10-12 08:59:51'),
(506, 91, 30, 0, 'EUR', 'COMPLETED', '2024-06-06 02:48:33'),
(507, 68, 28, 0, 'USD', 'REJECTED', '2023-03-21 18:32:18'),
(508, 24, 27, 0, 'USD', 'DRAFT', '2025-02-16 07:31:36'),
(509, 63, 18, 0, 'USD', 'DRAFT', '2023-06-01 22:55:21'),
(510, 25, 42, 0, 'EUR', 'APPROVED', '2023-12-08 03:54:49'),
(511, 1, 71, 0, 'EUR', 'SUBMITTED', '2024-12-20 16:08:04'),
(512, 91, 18, 0, 'EUR', 'COMPLETED', '2022-07-28 05:17:04'),
(513, 7, 69, 0, 'USD', 'DRAFT', '2024-08-20 14:10:16'),
(514, 78, 1, 0, 'USD', 'REJECTED', '2023-06-05 22:36:18'),
(515, 10, 39, 0, 'EUR', 'SUBMITTED', '2023-03-26 09:46:31'),
(516, 66, 30, 0, 'USD', 'APPROVED', '2022-10-08 02:42:02'),
(517, 31, 1, 0, 'EUR', 'DRAFT', '2022-07-15 13:52:29'),
(518, 70, 28, 0, 'USD', 'COMPLETED', '2024-02-10 13:12:14'),
(519, 64, 28, 0, 'EUR', 'REJECTED', '2023-05-03 11:39:35'),
(520, 31, 47, 0, 'USD', 'COMPLETED', '2023-11-19 05:05:25'),
(521, 31, 39, 0, 'EUR', 'REJECTED', '2022-12-26 16:50:31'),
(522, 82, 70, 0, 'USD', 'REJECTED', '2022-10-19 21:16:41'),
(523, 19, 47, 0, 'USD', 'APPROVED', '2024-10-29 18:54:20'),
(524, 11, 84, 0, 'EUR', 'SUBMITTED', '2024-01-28 18:51:59'),
(525, 68, 27, 0, 'EUR', 'REJECTED', '2023-01-01 02:30:08'),
(526, 1, 39, 0, 'USD', 'COMPLETED', '2025-02-16 00:18:53'),
(527, 98, 47, 0, 'USD', 'REJECTED', '2024-07-19 16:37:17'),
(528, 79, 84, 0, 'EUR', 'COMPLETED', '2023-02-17 02:46:20'),
(529, 34, 78, 0, 'EUR', 'SUBMITTED', '2023-08-15 20:47:14'),
(530, 93, 87, 0, 'EUR', 'SUBMITTED', '2023-04-25 05:02:27'),
(531, 42, 70, 0, 'EUR', 'DRAFT', '2024-05-14 12:46:10'),
(532, 41, 47, 0, 'EUR', 'SUBMITTED', '2023-03-16 03:56:49'),
(533, 87, 28, 0, 'EUR', 'DRAFT', '2024-11-07 01:11:39'),
(534, 31, 7, 0, 'EUR', 'DRAFT', '2024-09-18 01:21:33'),
(535, 54, 71, 0, 'USD', 'COMPLETED', '2024-11-20 13:42:34'),
(536, 63, 55, 0, 'EUR', 'REJECTED', '2024-08-01 06:30:04'),
(537, 71, 30, 0, 'USD', 'COMPLETED', '2024-03-19 07:12:50'),
(538, 31, 78, 0, 'EUR', 'SUBMITTED', '2022-07-08 14:36:19'),
(539, 12, 28, 0, 'USD', 'REJECTED', '2024-05-22 18:11:49'),
(540, 96, 30, 0, 'USD', 'COMPLETED', '2023-07-02 12:33:04'),
(541, 41, 30, 0, 'USD', 'SUBMITTED', '2023-02-02 16:23:13'),
(542, 95, 87, 0, 'EUR', 'REJECTED', '2023-01-30 17:35:09'),
(543, 27, 27, 0, 'EUR', 'APPROVED', '2025-01-27 03:18:21'),
(544, 75, 1, 0, 'EUR', 'DRAFT', '2022-12-06 05:56:03'),
(545, 100, 1, 0, 'EUR', 'REJECTED', '2022-12-07 22:18:33'),
(546, 63, 1, 0, 'USD', 'SUBMITTED', '2023-08-21 08:55:32'),
(547, 53, 69, 0, 'USD', 'APPROVED', '2022-09-08 17:24:14'),
(548, 79, 7, 0, 'USD', 'COMPLETED', '2023-03-24 02:03:21'),
(549, 81, 1, 0, 'USD', 'COMPLETED', '2024-02-02 05:39:29'),
(550, 14, 55, 0, 'EUR', 'REJECTED', '2022-11-15 12:28:45'),
(551, 12, 28, 0, 'EUR', 'COMPLETED', '2024-05-08 07:21:25'),
(552, 44, 69, 0, 'EUR', 'DRAFT', '2023-07-07 21:30:15'),
(553, 32, 27, 0, 'USD', 'COMPLETED', '2024-10-05 15:09:45'),
(554, 55, 30, 0, 'USD', 'COMPLETED', '2023-08-17 00:51:07'),
(555, 54, 42, 0, 'EUR', 'REJECTED', '2023-11-26 20:30:27'),
(556, 52, 18, 0, 'EUR', 'SUBMITTED', '2024-12-05 11:24:24'),
(557, 3, 39, 0, 'USD', 'SUBMITTED', '2024-11-06 19:12:53'),
(558, 26, 70, 0, 'USD', 'REJECTED', '2024-07-03 23:12:39'),
(559, 55, 1, 0, 'USD', 'DRAFT', '2025-01-28 19:23:02'),
(560, 50, 69, 0, 'EUR', 'COMPLETED', '2024-03-13 19:57:28'),
(561, 64, 71, 0, 'USD', 'DRAFT', '2024-07-15 13:02:59'),
(562, 89, 27, 0, 'EUR', 'DRAFT', '2024-11-23 23:59:35'),
(563, 54, 12, 0, 'EUR', 'DRAFT', '2023-07-18 18:58:17'),
(564, 96, 12, 0, 'USD', 'SUBMITTED', '2024-09-10 14:06:35'),
(565, 15, 27, 0, 'USD', 'DRAFT', '2022-04-29 23:08:53'),
(566, 12, 70, 0, 'USD', 'APPROVED', '2022-12-23 13:03:36'),
(567, 25, 78, 0, 'EUR', 'APPROVED', '2024-12-23 11:49:12'),
(568, 43, 55, 0, 'EUR', 'SUBMITTED', '2024-05-21 05:00:10'),
(569, 66, 70, 0, 'EUR', 'COMPLETED', '2023-08-25 00:48:38'),
(570, 20, 39, 0, 'EUR', 'SUBMITTED', '2023-07-21 16:26:10'),
(571, 33, 12, 0, 'EUR', 'COMPLETED', '2023-03-07 10:06:34'),
(572, 69, 78, 0, 'EUR', 'APPROVED', '2022-01-14 15:54:48'),
(573, 89, 7, 0, 'USD', 'COMPLETED', '2023-05-12 01:41:00'),
(574, 40, 18, 0, 'EUR', 'APPROVED', '2022-04-18 22:38:48'),
(575, 50, 30, 0, 'USD', 'DRAFT', '2022-10-08 12:45:06'),
(576, 79, 78, 0, 'USD', 'REJECTED', '2024-08-28 11:35:19'),
(577, 93, 12, 0, 'EUR', 'COMPLETED', '2024-10-28 17:47:41'),
(578, 32, 47, 0, 'EUR', 'DRAFT', '2024-11-10 13:33:41'),
(579, 75, 30, 0, 'EUR', 'REJECTED', '2023-05-08 11:46:14'),
(580, 94, 70, 0, 'EUR', 'REJECTED', '2023-10-01 20:36:09'),
(581, 28, 69, 0, 'EUR', 'DRAFT', '2022-07-27 10:16:32'),
(582, 96, 55, 0, 'EUR', 'APPROVED', '2022-08-17 09:18:49'),
(583, 30, 47, 0, 'USD', 'REJECTED', '2025-02-05 17:02:43'),
(584, 90, 55, 0, 'USD', 'DRAFT', '2022-08-06 13:54:57'),
(585, 4, 87, 0, 'USD', 'COMPLETED', '2025-02-10 21:54:43'),
(586, 100, 12, 0, 'EUR', 'REJECTED', '2024-02-23 14:28:01'),
(587, 42, 30, 0, 'EUR', 'DRAFT', '2024-02-02 11:55:13'),
(588, 83, 47, 0, 'EUR', 'REJECTED', '2024-01-19 11:09:53'),
(589, 76, 12, 0, 'USD', 'DRAFT', '2023-08-15 12:01:51'),
(590, 65, 39, 0, 'USD', 'COMPLETED', '2022-07-02 14:56:32'),
(591, 25, 18, 0, 'USD', 'COMPLETED', '2024-01-23 17:39:25'),
(592, 8, 55, 0, 'USD', 'SUBMITTED', '2022-03-08 05:08:18'),
(593, 70, 71, 0, 'USD', 'COMPLETED', '2023-08-15 07:22:21'),
(594, 86, 7, 0, 'EUR', 'DRAFT', '2024-04-21 01:28:26'),
(595, 6, 18, 0, 'EUR', 'REJECTED', '2024-06-23 17:57:03'),
(596, 61, 27, 0, 'USD', 'DRAFT', '2022-10-16 16:31:13'),
(597, 11, 39, 0, 'USD', 'REJECTED', '2024-06-19 13:18:01'),
(598, 45, 39, 0, 'USD', 'REJECTED', '2024-10-05 03:37:24'),
(599, 11, 84, 0, 'USD', 'DRAFT', '2023-01-05 18:52:22'),
(600, 14, 71, 0, 'USD', 'DRAFT', '2024-02-21 01:57:07'),
(601, 79, 18, 0, 'USD', 'REJECTED', '2022-07-26 07:06:42'),
(602, 13, 7, 0, 'USD', 'APPROVED', '2023-03-31 12:57:46'),
(603, 65, 39, 0, 'USD', 'REJECTED', '2023-04-20 01:11:27'),
(604, 11, 27, 0, 'USD', 'DRAFT', '2023-09-11 13:14:26'),
(605, 20, 87, 0, 'USD', 'COMPLETED', '2023-08-17 17:14:53'),
(606, 38, 18, 0, 'USD', 'DRAFT', '2022-12-14 22:17:03'),
(607, 89, 28, 0, 'EUR', 'SUBMITTED', '2024-08-01 02:15:27'),
(608, 18, 7, 0, 'EUR', 'COMPLETED', '2023-06-18 08:40:07'),
(609, 28, 87, 0, 'EUR', 'DRAFT', '2024-12-15 08:56:20'),
(610, 67, 84, 0, 'USD', 'APPROVED', '2023-09-22 15:34:03'),
(611, 8, 27, 0, 'EUR', 'COMPLETED', '2022-01-26 06:47:05'),
(612, 17, 39, 0, 'EUR', 'COMPLETED', '2024-11-12 11:23:51'),
(613, 33, 39, 0, 'USD', 'COMPLETED', '2025-02-03 02:30:43'),
(614, 28, 42, 0, 'EUR', 'APPROVED', '2025-02-03 18:25:47'),
(615, 100, 70, 0, 'EUR', 'COMPLETED', '2024-10-05 09:11:38'),
(616, 56, 55, 0, 'EUR', 'DRAFT', '2022-03-17 17:32:16'),
(617, 35, 7, 0, 'USD', 'SUBMITTED', '2025-02-19 14:10:26'),
(618, 18, 71, 0, 'USD', 'APPROVED', '2022-03-04 06:16:50'),
(619, 40, 84, 0, 'EUR', 'DRAFT', '2023-03-18 18:32:19'),
(620, 87, 39, 0, 'EUR', 'DRAFT', '2023-12-02 18:51:44'),
(621, 24, 47, 0, 'EUR', 'COMPLETED', '2025-01-20 11:36:57'),
(622, 83, 71, 0, 'EUR', 'REJECTED', '2023-08-11 15:40:39'),
(623, 88, 18, 0, 'EUR', 'APPROVED', '2023-09-04 20:20:36'),
(624, 76, 70, 0, 'USD', 'REJECTED', '2022-02-19 05:49:50'),
(625, 4, 47, 0, 'USD', 'DRAFT', '2024-01-09 23:40:49'),
(626, 10, 87, 0, 'EUR', 'COMPLETED', '2024-05-11 19:11:58'),
(627, 74, 42, 0, 'EUR', 'REJECTED', '2023-01-08 20:12:15'),
(628, 82, 27, 0, 'EUR', 'DRAFT', '2024-09-18 09:58:59'),
(629, 82, 7, 0, 'EUR', 'DRAFT', '2023-07-17 09:01:26'),
(630, 35, 71, 0, 'EUR', 'COMPLETED', '2024-12-18 01:02:28'),
(631, 95, 87, 0, 'USD', 'APPROVED', '2024-12-02 03:32:17'),
(632, 68, 28, 0, 'EUR', 'DRAFT', '2022-12-01 07:06:57'),
(633, 88, 55, 0, 'EUR', 'APPROVED', '2024-04-21 21:11:03'),
(634, 94, 42, 0, 'USD', 'COMPLETED', '2023-10-24 20:42:28'),
(635, 18, 42, 0, 'USD', 'APPROVED', '2024-07-12 17:14:49'),
(636, 3, 70, 0, 'EUR', 'REJECTED', '2025-02-12 10:26:09'),
(637, 26, 87, 0, 'USD', 'COMPLETED', '2022-04-14 01:51:49'),
(638, 27, 69, 0, 'EUR', 'APPROVED', '2023-03-13 13:10:07'),
(639, 57, 7, 0, 'USD', 'REJECTED', '2024-08-23 15:37:05'),
(640, 68, 87, 0, 'USD', 'DRAFT', '2022-01-25 07:46:51'),
(641, 55, 1, 0, 'USD', 'DRAFT', '2023-06-05 09:49:55'),
(642, 38, 84, 0, 'EUR', 'APPROVED', '2024-08-07 00:44:18'),
(643, 83, 7, 0, 'EUR', 'APPROVED', '2025-02-17 20:02:54'),
(644, 26, 47, 0, 'USD', 'APPROVED', '2023-06-18 15:34:29'),
(645, 38, 1, 0, 'EUR', 'SUBMITTED', '2024-02-19 19:14:22'),
(646, 75, 69, 0, 'EUR', 'APPROVED', '2022-09-12 23:58:08'),
(647, 48, 7, 0, 'EUR', 'COMPLETED', '2023-09-26 10:03:01'),
(648, 47, 18, 0, 'EUR', 'REJECTED', '2024-12-26 04:53:51'),
(649, 50, 28, 0, 'USD', 'APPROVED', '2022-05-06 12:59:49'),
(650, 49, 7, 0, 'USD', 'REJECTED', '2023-06-15 00:43:38'),
(651, 22, 27, 0, 'USD', 'APPROVED', '2024-12-22 09:21:01'),
(652, 19, 30, 0, 'USD', 'SUBMITTED', '2024-08-04 01:47:04'),
(653, 96, 28, 0, 'EUR', 'SUBMITTED', '2024-09-06 10:39:06'),
(654, 14, 39, 0, 'USD', 'COMPLETED', '2024-04-21 15:55:39'),
(655, 85, 42, 0, 'USD', 'COMPLETED', '2022-09-16 20:14:31'),
(656, 75, 27, 0, 'EUR', 'REJECTED', '2022-01-23 17:03:02'),
(657, 46, 47, 0, 'EUR', 'COMPLETED', '2024-08-15 07:15:17'),
(658, 45, 70, 0, 'USD', 'SUBMITTED', '2023-11-18 05:52:40'),
(659, 43, 47, 0, 'EUR', 'REJECTED', '2024-10-23 07:36:50'),
(660, 14, 12, 0, 'USD', 'REJECTED', '2024-12-06 00:10:52'),
(661, 24, 30, 0, 'EUR', 'DRAFT', '2023-06-02 23:21:02'),
(662, 32, 69, 0, 'EUR', 'APPROVED', '2023-07-30 01:14:33'),
(663, 71, 55, 0, 'EUR', 'COMPLETED', '2023-09-24 06:56:44'),
(664, 85, 12, 0, 'USD', 'COMPLETED', '2022-03-27 02:14:03'),
(665, 53, 84, 0, 'USD', 'APPROVED', '2024-09-27 06:10:19'),
(666, 90, 18, 0, 'EUR', 'APPROVED', '2024-04-15 17:20:01'),
(667, 99, 70, 0, 'USD', 'APPROVED', '2024-08-25 07:08:01'),
(668, 25, 78, 0, 'USD', 'COMPLETED', '2022-02-18 19:03:48'),
(669, 81, 12, 0, 'USD', 'DRAFT', '2023-05-12 01:11:53'),
(670, 13, 87, 0, 'USD', 'REJECTED', '2022-06-04 06:40:37'),
(671, 40, 28, 0, 'USD', 'COMPLETED', '2023-05-17 14:09:12'),
(672, 25, 39, 0, 'EUR', 'APPROVED', '2024-11-26 06:23:34'),
(673, 24, 47, 0, 'EUR', 'REJECTED', '2023-03-27 12:07:13'),
(674, 28, 70, 0, 'EUR', 'DRAFT', '2023-07-25 09:39:28'),
(675, 52, 12, 0, 'USD', 'DRAFT', '2022-08-11 01:48:19'),
(676, 56, 28, 0, 'USD', 'REJECTED', '2023-06-10 03:40:09'),
(677, 60, 42, 0, 'USD', 'DRAFT', '2024-03-13 13:53:41'),
(678, 5, 78, 0, 'EUR', 'APPROVED', '2022-07-25 13:28:43'),
(679, 20, 47, 0, 'EUR', 'APPROVED', '2023-12-20 10:12:50'),
(680, 75, 47, 0, 'USD', 'DRAFT', '2023-09-07 14:46:03'),
(681, 35, 70, 0, 'EUR', 'APPROVED', '2022-02-23 04:37:20'),
(682, 55, 71, 0, 'EUR', 'DRAFT', '2022-09-06 15:35:35'),
(683, 38, 71, 0, 'USD', 'SUBMITTED', '2022-08-31 18:59:38'),
(684, 5, 70, 0, 'USD', 'SUBMITTED', '2022-02-14 02:38:48'),
(685, 69, 55, 0, 'EUR', 'COMPLETED', '2024-12-18 01:41:14'),
(686, 32, 27, 0, 'USD', 'REJECTED', '2023-06-06 21:16:42'),
(687, 51, 1, 0, 'USD', 'DRAFT', '2024-03-22 06:35:47'),
(688, 40, 84, 0, 'USD', 'DRAFT', '2023-01-06 08:33:11'),
(689, 88, 28, 0, 'EUR', 'DRAFT', '2024-04-11 07:50:44'),
(690, 73, 71, 0, 'EUR', 'APPROVED', '2023-03-03 22:17:24'),
(691, 98, 70, 0, 'USD', 'REJECTED', '2024-06-05 05:28:26'),
(692, 84, 87, 0, 'USD', 'COMPLETED', '2023-09-21 20:08:45'),
(693, 4, 84, 0, 'EUR', 'REJECTED', '2024-02-21 00:26:59'),
(694, 49, 69, 0, 'USD', 'REJECTED', '2023-06-25 19:11:04'),
(695, 60, 69, 0, 'USD', 'SUBMITTED', '2023-03-16 23:54:05'),
(696, 15, 7, 0, 'EUR', 'DRAFT', '2023-08-13 21:07:34'),
(697, 38, 55, 0, 'EUR', 'DRAFT', '2025-01-15 01:36:40'),
(698, 80, 70, 0, 'USD', 'COMPLETED', '2023-01-28 18:25:46'),
(699, 78, 47, 0, 'USD', 'SUBMITTED', '2022-06-09 23:07:26'),
(700, 73, 42, 0, 'EUR', 'SUBMITTED', '2022-09-10 15:02:30'),
(701, 35, 1, 0, 'EUR', 'APPROVED', '2023-09-17 05:17:39'),
(702, 95, 28, 0, 'EUR', 'APPROVED', '2022-09-09 00:06:00'),
(703, 82, 55, 0, 'EUR', 'REJECTED', '2023-03-05 05:07:02'),
(704, 64, 87, 0, 'USD', 'SUBMITTED', '2022-05-26 03:41:37'),
(705, 90, 87, 0, 'EUR', 'APPROVED', '2022-03-24 21:11:21'),
(706, 47, 70, 0, 'EUR', 'REJECTED', '2022-05-28 15:12:39'),
(707, 13, 71, 0, 'USD', 'APPROVED', '2024-10-08 16:10:26'),
(708, 67, 71, 0, 'EUR', 'REJECTED', '2023-09-13 10:59:09'),
(709, 57, 27, 0, 'EUR', 'COMPLETED', '2022-08-09 12:51:17'),
(710, 5, 78, 0, 'EUR', 'REJECTED', '2023-10-13 07:47:04'),
(711, 65, 55, 0, 'EUR', 'DRAFT', '2024-05-04 04:38:46'),
(712, 49, 7, 0, 'EUR', 'SUBMITTED', '2023-03-24 08:12:28'),
(713, 61, 78, 0, 'USD', 'REJECTED', '2022-12-12 03:23:18'),
(714, 53, 78, 0, 'USD', 'REJECTED', '2022-11-04 04:20:15'),
(715, 69, 87, 0, 'USD', 'APPROVED', '2024-10-19 12:53:12'),
(716, 9, 84, 0, 'EUR', 'APPROVED', '2022-11-17 17:06:54'),
(717, 100, 7, 0, 'USD', 'COMPLETED', '2024-10-11 11:28:27'),
(718, 42, 39, 0, 'EUR', 'SUBMITTED', '2023-02-24 19:21:54'),
(719, 1, 1, 0, 'EUR', 'APPROVED', '2022-05-22 20:32:23'),
(720, 10, 55, 0, 'USD', 'DRAFT', '2024-10-10 07:29:36'),
(721, 73, 18, 0, 'USD', 'COMPLETED', '2023-02-18 20:37:18'),
(722, 22, 12, 0, 'EUR', 'APPROVED', '2025-02-07 23:04:54'),
(723, 86, 87, 0, 'USD', 'APPROVED', '2023-11-11 05:18:10'),
(724, 75, 87, 0, 'USD', 'COMPLETED', '2024-10-13 04:01:45'),
(725, 27, 70, 0, 'USD', 'APPROVED', '2023-05-09 23:01:38'),
(726, 13, 84, 0, 'USD', 'SUBMITTED', '2023-02-13 15:24:33'),
(727, 43, 70, 0, 'USD', 'DRAFT', '2023-03-17 11:17:44'),
(728, 79, 28, 0, 'USD', 'DRAFT', '2022-09-15 12:38:08'),
(729, 55, 42, 0, 'USD', 'REJECTED', '2022-03-21 04:45:08'),
(730, 44, 12, 0, 'USD', 'DRAFT', '2024-02-27 20:19:03'),
(731, 29, 1, 0, 'EUR', 'REJECTED', '2024-02-11 15:24:19'),
(732, 9, 27, 0, 'EUR', 'DRAFT', '2022-08-30 11:03:04'),
(733, 73, 55, 0, 'EUR', 'DRAFT', '2023-05-18 13:47:47'),
(734, 41, 27, 0, 'USD', 'REJECTED', '2024-08-17 02:23:09'),
(735, 39, 28, 0, 'USD', 'APPROVED', '2024-02-11 10:27:55'),
(736, 73, 7, 0, 'EUR', 'APPROVED', '2023-05-03 18:31:58'),
(737, 31, 28, 0, 'EUR', 'APPROVED', '2024-03-25 07:35:11'),
(738, 14, 71, 0, 'USD', 'REJECTED', '2023-04-30 14:13:19'),
(739, 3, 70, 0, 'USD', 'REJECTED', '2023-10-24 21:51:03'),
(740, 65, 69, 0, 'EUR', 'REJECTED', '2023-12-04 20:00:54'),
(741, 27, 27, 0, 'USD', 'SUBMITTED', '2022-09-04 14:31:31'),
(742, 71, 28, 0, 'USD', 'COMPLETED', '2024-06-09 03:56:38'),
(743, 6, 47, 0, 'USD', 'SUBMITTED', '2024-01-04 17:29:30'),
(744, 79, 30, 0, 'EUR', 'SUBMITTED', '2023-01-16 23:15:31'),
(745, 10, 71, 0, 'EUR', 'APPROVED', '2024-02-20 12:06:20'),
(746, 21, 87, 0, 'EUR', 'DRAFT', '2023-06-30 06:28:33'),
(747, 78, 87, 0, 'EUR', 'SUBMITTED', '2022-11-29 19:52:09'),
(748, 66, 42, 0, 'USD', 'DRAFT', '2025-02-10 06:52:25'),
(749, 98, 47, 0, 'EUR', 'DRAFT', '2024-10-13 11:54:36'),
(750, 46, 7, 0, 'EUR', 'REJECTED', '2024-03-24 23:44:23'),
(751, 5, 1, 0, 'EUR', 'SUBMITTED', '2024-11-16 12:36:08'),
(752, 8, 12, 0, 'USD', 'DRAFT', '2022-02-28 00:41:28'),
(753, 2, 70, 0, 'EUR', 'REJECTED', '2022-01-04 07:42:35'),
(754, 78, 18, 0, 'USD', 'SUBMITTED', '2022-06-16 09:13:25'),
(755, 98, 39, 0, 'USD', 'DRAFT', '2023-04-01 15:20:05'),
(756, 85, 87, 0, 'USD', 'DRAFT', '2022-09-04 00:55:34'),
(757, 83, 55, 0, 'USD', 'SUBMITTED', '2023-10-29 18:27:37'),
(758, 31, 27, 0, 'USD', 'APPROVED', '2023-01-24 21:29:41'),
(759, 12, 87, 0, 'USD', 'SUBMITTED', '2024-02-21 14:51:11'),
(760, 67, 69, 0, 'USD', 'SUBMITTED', '2022-10-12 22:20:32'),
(761, 30, 1, 0, 'EUR', 'DRAFT', '2022-02-22 04:39:08'),
(762, 82, 71, 0, 'EUR', 'SUBMITTED', '2023-02-21 05:49:12'),
(763, 77, 84, 0, 'USD', 'DRAFT', '2023-11-16 01:24:23'),
(764, 60, 70, 0, 'USD', 'APPROVED', '2023-04-14 13:26:02'),
(765, 24, 47, 0, 'USD', 'REJECTED', '2023-06-08 21:10:57'),
(766, 3, 42, 0, 'USD', 'COMPLETED', '2023-03-11 21:17:17'),
(767, 43, 71, 0, 'EUR', 'SUBMITTED', '2025-02-03 02:06:57'),
(768, 43, 42, 0, 'USD', 'SUBMITTED', '2022-05-09 03:43:10'),
(769, 39, 7, 0, 'USD', 'SUBMITTED', '2023-02-03 23:13:03'),
(770, 3, 7, 0, 'EUR', 'DRAFT', '2022-06-27 21:54:19'),
(771, 81, 78, 0, 'USD', 'SUBMITTED', '2022-10-15 13:23:08'),
(772, 1, 18, 0, 'EUR', 'APPROVED', '2023-07-15 18:12:51'),
(773, 18, 78, 0, 'EUR', 'DRAFT', '2023-05-16 19:41:36'),
(774, 61, 42, 0, 'EUR', 'SUBMITTED', '2024-06-23 22:50:18'),
(775, 97, 7, 0, 'USD', 'COMPLETED', '2022-12-07 17:45:54'),
(776, 17, 12, 0, 'USD', 'DRAFT', '2024-03-09 23:43:10'),
(777, 77, 55, 0, 'EUR', 'COMPLETED', '2022-07-18 13:53:17'),
(778, 14, 39, 0, 'USD', 'COMPLETED', '2022-04-13 14:41:44'),
(779, 16, 42, 0, 'USD', 'COMPLETED', '2023-07-13 12:39:08'),
(780, 99, 69, 0, 'USD', 'REJECTED', '2024-05-01 02:18:38'),
(781, 24, 87, 0, 'USD', 'REJECTED', '2023-07-10 14:18:38'),
(782, 38, 71, 0, 'USD', 'APPROVED', '2024-05-27 01:38:21'),
(783, 27, 7, 0, 'USD', 'SUBMITTED', '2024-10-31 01:49:27'),
(784, 26, 28, 0, 'EUR', 'REJECTED', '2023-10-31 12:22:03'),
(785, 30, 30, 0, 'EUR', 'COMPLETED', '2024-06-20 21:37:39'),
(786, 53, 70, 0, 'EUR', 'SUBMITTED', '2025-01-01 15:59:31'),
(787, 23, 55, 0, 'EUR', 'SUBMITTED', '2022-03-03 00:17:19'),
(788, 96, 1, 0, 'EUR', 'DRAFT', '2024-05-19 10:06:06'),
(789, 92, 39, 0, 'EUR', 'COMPLETED', '2024-09-04 06:11:34'),
(790, 45, 87, 0, 'USD', 'DRAFT', '2023-06-08 17:23:39'),
(791, 98, 28, 0, 'USD', 'REJECTED', '2024-02-12 18:07:55'),
(792, 51, 42, 0, 'USD', 'COMPLETED', '2022-10-24 12:09:56'),
(793, 8, 70, 0, 'EUR', 'COMPLETED', '2023-06-15 03:08:56'),
(794, 4, 28, 0, 'EUR', 'DRAFT', '2022-08-03 15:44:59'),
(795, 16, 30, 0, 'EUR', 'COMPLETED', '2023-10-17 22:09:36'),
(796, 84, 28, 0, 'USD', 'APPROVED', '2024-02-09 03:33:47'),
(797, 22, 71, 0, 'EUR', 'SUBMITTED', '2023-07-03 06:12:01'),
(798, 29, 84, 0, 'USD', 'SUBMITTED', '2022-05-13 10:58:26'),
(799, 42, 69, 0, 'EUR', 'COMPLETED', '2024-07-06 14:26:50'),
(800, 51, 12, 0, 'USD', 'REJECTED', '2023-07-17 01:18:48'),
(801, 61, 42, 0, 'USD', 'COMPLETED', '2022-12-11 07:51:45'),
(802, 75, 7, 0, 'USD', 'SUBMITTED', '2022-04-03 08:00:46'),
(803, 18, 27, 0, 'EUR', 'SUBMITTED', '2023-03-26 14:26:53'),
(804, 35, 55, 0, 'EUR', 'COMPLETED', '2022-09-16 21:30:39'),
(805, 37, 42, 0, 'EUR', 'APPROVED', '2023-08-25 06:14:35'),
(806, 7, 1, 0, 'USD', 'DRAFT', '2023-11-05 13:40:21'),
(807, 67, 78, 0, 'USD', 'DRAFT', '2022-10-12 06:33:51'),
(808, 16, 71, 0, 'EUR', 'APPROVED', '2024-07-12 06:45:22'),
(809, 27, 39, 0, 'EUR', 'REJECTED', '2024-10-08 19:27:35'),
(810, 32, 30, 0, 'USD', 'APPROVED', '2024-10-25 16:44:51'),
(811, 29, 27, 0, 'USD', 'DRAFT', '2024-02-05 00:06:09'),
(812, 8, 84, 0, 'EUR', 'DRAFT', '2024-03-13 11:39:46'),
(813, 11, 69, 0, 'EUR', 'DRAFT', '2024-12-01 03:32:44'),
(814, 66, 87, 0, 'USD', 'SUBMITTED', '2022-05-10 18:25:56'),
(815, 79, 69, 0, 'USD', 'REJECTED', '2022-03-12 03:42:11'),
(816, 77, 18, 0, 'EUR', 'DRAFT', '2024-05-28 07:55:38'),
(817, 19, 39, 0, 'EUR', 'APPROVED', '2024-01-27 00:33:29'),
(818, 31, 18, 0, 'EUR', 'DRAFT', '2023-03-16 07:12:16'),
(819, 94, 7, 0, 'USD', 'APPROVED', '2023-03-05 11:50:40'),
(820, 14, 18, 0, 'USD', 'REJECTED', '2024-03-02 23:53:56'),
(821, 98, 69, 0, 'USD', 'DRAFT', '2024-06-16 14:28:55'),
(822, 12, 39, 0, 'EUR', 'SUBMITTED', '2024-04-08 01:15:55'),
(823, 52, 27, 0, 'USD', 'COMPLETED', '2024-11-10 05:41:29'),
(824, 85, 69, 0, 'EUR', 'APPROVED', '2024-09-04 02:46:09'),
(825, 5, 70, 0, 'USD', 'APPROVED', '2023-12-22 01:43:49'),
(826, 82, 42, 0, 'EUR', 'APPROVED', '2024-02-28 01:44:46'),
(827, 86, 71, 0, 'EUR', 'COMPLETED', '2023-04-11 19:40:19'),
(828, 5, 55, 0, 'USD', 'APPROVED', '2023-05-13 05:59:52'),
(829, 16, 47, 0, 'EUR', 'APPROVED', '2022-12-15 16:50:10'),
(830, 60, 78, 0, 'EUR', 'DRAFT', '2024-08-30 13:41:29'),
(831, 100, 39, 0, 'USD', 'SUBMITTED', '2024-12-02 21:07:13'),
(832, 35, 78, 0, 'EUR', 'SUBMITTED', '2022-09-17 00:15:25'),
(833, 12, 87, 0, 'USD', 'APPROVED', '2024-05-11 03:26:01'),
(834, 12, 78, 0, 'USD', 'APPROVED', '2022-03-14 03:55:34'),
(835, 94, 39, 0, 'EUR', 'DRAFT', '2023-09-11 22:32:58'),
(836, 13, 12, 0, 'USD', 'REJECTED', '2024-08-22 13:54:00'),
(837, 12, 42, 0, 'USD', 'DRAFT', '2023-07-17 22:57:10'),
(838, 90, 55, 0, 'USD', 'REJECTED', '2024-12-23 09:26:21'),
(839, 57, 28, 0, 'EUR', 'APPROVED', '2023-09-08 02:33:39'),
(840, 77, 84, 0, 'USD', 'COMPLETED', '2023-02-25 09:23:52'),
(841, 58, 69, 0, 'USD', 'SUBMITTED', '2025-01-05 09:26:01'),
(842, 30, 7, 0, 'EUR', 'APPROVED', '2023-11-11 14:24:36'),
(843, 95, 30, 0, 'EUR', 'REJECTED', '2023-04-21 18:01:12'),
(844, 61, 84, 0, 'EUR', 'SUBMITTED', '2023-03-09 18:01:01'),
(845, 15, 28, 0, 'USD', 'COMPLETED', '2022-11-18 08:08:50'),
(846, 97, 7, 0, 'EUR', 'DRAFT', '2023-11-07 16:20:20'),
(847, 26, 30, 0, 'USD', 'SUBMITTED', '2023-02-24 08:53:37'),
(848, 36, 12, 0, 'USD', 'REJECTED', '2024-12-16 18:06:49'),
(849, 20, 12, 0, 'EUR', 'DRAFT', '2023-03-04 21:04:39'),
(850, 11, 7, 0, 'EUR', 'SUBMITTED', '2023-04-16 16:45:12'),
(851, 82, 28, 0, 'EUR', 'DRAFT', '2024-11-19 06:57:56'),
(852, 51, 7, 0, 'EUR', 'SUBMITTED', '2024-06-01 14:38:27'),
(853, 78, 84, 0, 'EUR', 'APPROVED', '2023-06-11 22:37:33'),
(854, 76, 70, 0, 'USD', 'REJECTED', '2022-05-27 04:35:21'),
(855, 97, 39, 0, 'EUR', 'SUBMITTED', '2023-08-29 19:32:56'),
(856, 92, 39, 0, 'EUR', 'COMPLETED', '2023-07-06 04:56:12'),
(857, 53, 27, 0, 'EUR', 'APPROVED', '2025-02-09 14:51:21'),
(858, 17, 47, 0, 'EUR', 'SUBMITTED', '2023-06-16 14:21:05'),
(859, 4, 28, 0, 'USD', 'APPROVED', '2024-03-01 23:32:21'),
(860, 22, 12, 0, 'EUR', 'DRAFT', '2022-08-19 04:36:04'),
(861, 80, 28, 0, 'USD', 'APPROVED', '2023-08-24 06:30:56'),
(862, 46, 84, 0, 'EUR', 'COMPLETED', '2023-12-10 13:41:36'),
(863, 33, 69, 0, 'USD', 'DRAFT', '2023-05-12 05:14:47'),
(864, 20, 87, 0, 'USD', 'COMPLETED', '2023-01-06 16:12:53'),
(865, 100, 12, 0, 'EUR', 'COMPLETED', '2024-09-16 09:55:46'),
(866, 23, 78, 0, 'USD', 'REJECTED', '2023-04-21 13:42:25'),
(867, 74, 12, 0, 'USD', 'REJECTED', '2024-04-14 21:34:52'),
(868, 62, 84, 0, 'EUR', 'COMPLETED', '2023-01-25 19:37:56'),
(869, 90, 78, 0, 'EUR', 'APPROVED', '2023-09-18 11:31:44'),
(870, 73, 70, 0, 'USD', 'APPROVED', '2023-10-12 08:55:56'),
(871, 81, 42, 0, 'EUR', 'SUBMITTED', '2022-02-08 06:43:57'),
(872, 70, 69, 0, 'EUR', 'REJECTED', '2022-09-22 09:25:53'),
(873, 31, 12, 0, 'USD', 'SUBMITTED', '2025-01-17 01:31:35'),
(874, 16, 71, 0, 'EUR', 'SUBMITTED', '2023-05-25 02:25:03'),
(875, 47, 84, 0, 'EUR', 'SUBMITTED', '2023-05-16 16:31:55'),
(876, 69, 87, 0, 'EUR', 'SUBMITTED', '2022-04-04 05:34:59'),
(877, 44, 84, 0, 'EUR', 'APPROVED', '2022-12-13 13:46:27'),
(878, 9, 27, 0, 'USD', 'DRAFT', '2023-11-13 07:49:51'),
(879, 43, 71, 0, 'USD', 'COMPLETED', '2022-04-01 22:40:46'),
(880, 91, 7, 0, 'USD', 'SUBMITTED', '2023-10-07 21:25:54'),
(881, 95, 69, 0, 'USD', 'DRAFT', '2024-08-31 19:14:33'),
(882, 59, 30, 0, 'USD', 'SUBMITTED', '2023-08-14 02:24:55'),
(883, 36, 1, 0, 'USD', 'DRAFT', '2023-12-22 19:55:32'),
(884, 85, 84, 0, 'EUR', 'REJECTED', '2024-04-08 16:59:00'),
(885, 20, 47, 0, 'EUR', 'REJECTED', '2023-12-16 18:54:31'),
(886, 27, 42, 0, 'EUR', 'SUBMITTED', '2022-02-17 07:43:34'),
(887, 76, 27, 0, 'USD', 'SUBMITTED', '2022-09-15 18:49:02'),
(888, 50, 1, 0, 'USD', 'SUBMITTED', '2022-11-29 11:19:12'),
(889, 34, 30, 0, 'USD', 'REJECTED', '2024-07-17 23:42:07'),
(890, 71, 39, 0, 'USD', 'SUBMITTED', '2024-08-15 13:15:17'),
(891, 36, 12, 0, 'USD', 'COMPLETED', '2022-04-20 18:28:12'),
(892, 91, 47, 0, 'USD', 'DRAFT', '2022-01-22 07:33:25'),
(893, 92, 55, 0, 'USD', 'APPROVED', '2024-05-11 23:37:57'),
(894, 21, 42, 0, 'USD', 'REJECTED', '2023-11-01 22:33:21'),
(895, 24, 55, 0, 'USD', 'DRAFT', '2024-02-12 02:25:35'),
(896, 52, 55, 0, 'EUR', 'APPROVED', '2023-08-04 14:55:54'),
(897, 56, 39, 0, 'EUR', 'SUBMITTED', '2022-01-23 20:40:49'),
(898, 97, 87, 0, 'EUR', 'REJECTED', '2022-04-11 12:04:32'),
(899, 58, 84, 0, 'EUR', 'COMPLETED', '2024-12-20 10:06:48'),
(900, 38, 47, 0, 'EUR', 'DRAFT', '2022-04-29 21:11:38'),
(901, 69, 12, 0, 'USD', 'APPROVED', '2022-04-07 02:28:57'),
(902, 22, 55, 0, 'EUR', 'COMPLETED', '2023-12-09 12:12:49'),
(903, 24, 30, 0, 'USD', 'COMPLETED', '2023-01-22 16:51:43'),
(904, 100, 42, 0, 'USD', 'COMPLETED', '2024-05-03 18:13:14'),
(905, 13, 42, 0, 'EUR', 'SUBMITTED', '2022-10-23 16:42:45'),
(906, 72, 69, 0, 'USD', 'COMPLETED', '2025-02-19 21:32:01'),
(907, 32, 47, 0, 'USD', 'COMPLETED', '2023-07-30 17:56:41'),
(908, 19, 47, 0, 'USD', 'SUBMITTED', '2024-02-06 12:35:12'),
(909, 89, 18, 0, 'EUR', 'APPROVED', '2023-09-19 16:56:39'),
(910, 28, 27, 0, 'USD', 'COMPLETED', '2023-08-23 13:05:17'),
(911, 77, 84, 0, 'USD', 'APPROVED', '2024-07-04 17:00:51'),
(912, 52, 42, 0, 'EUR', 'APPROVED', '2024-04-13 23:22:40'),
(913, 28, 47, 0, 'USD', 'COMPLETED', '2024-09-16 00:32:57'),
(914, 68, 39, 0, 'USD', 'COMPLETED', '2023-07-13 12:56:58'),
(915, 18, 18, 0, 'EUR', 'REJECTED', '2022-04-05 02:29:12'),
(916, 81, 39, 0, 'USD', 'SUBMITTED', '2023-03-18 03:29:12'),
(917, 16, 18, 0, 'EUR', 'DRAFT', '2024-09-27 08:57:58'),
(918, 87, 28, 0, 'USD', 'DRAFT', '2023-11-26 20:48:39'),
(919, 45, 1, 0, 'EUR', 'SUBMITTED', '2022-07-22 08:11:04'),
(920, 48, 71, 0, 'EUR', 'APPROVED', '2023-04-17 03:41:31'),
(921, 62, 27, 0, 'EUR', 'SUBMITTED', '2024-12-07 20:32:48'),
(922, 55, 69, 0, 'EUR', 'COMPLETED', '2023-03-23 14:16:22'),
(923, 94, 12, 0, 'USD', 'COMPLETED', '2023-05-01 09:41:33'),
(924, 79, 28, 0, 'EUR', 'APPROVED', '2023-10-16 21:14:17'),
(925, 52, 69, 0, 'EUR', 'APPROVED', '2024-12-24 01:58:46'),
(926, 53, 84, 0, 'USD', 'COMPLETED', '2024-02-11 05:27:19'),
(927, 28, 42, 0, 'USD', 'COMPLETED', '2023-08-01 22:05:44'),
(928, 10, 30, 0, 'EUR', 'DRAFT', '2023-11-01 16:00:32'),
(929, 38, 69, 0, 'USD', 'APPROVED', '2023-10-21 09:49:21'),
(930, 83, 27, 0, 'USD', 'DRAFT', '2022-10-20 05:47:52'),
(931, 31, 78, 0, 'USD', 'APPROVED', '2024-06-29 18:25:20'),
(932, 91, 12, 0, 'EUR', 'COMPLETED', '2024-11-26 22:26:22'),
(933, 26, 55, 0, 'EUR', 'REJECTED', '2023-04-16 18:55:52'),
(934, 100, 71, 0, 'USD', 'DRAFT', '2023-03-30 09:25:40'),
(935, 34, 87, 0, 'EUR', 'COMPLETED', '2024-03-13 04:56:29'),
(936, 12, 84, 0, 'USD', 'SUBMITTED', '2022-05-21 17:21:45'),
(937, 5, 69, 0, 'USD', 'COMPLETED', '2022-01-22 19:36:31'),
(938, 99, 71, 0, 'USD', 'DRAFT', '2022-04-28 21:06:06'),
(939, 81, 69, 0, 'EUR', 'COMPLETED', '2025-01-13 16:23:27'),
(940, 42, 69, 0, 'EUR', 'SUBMITTED', '2024-01-17 21:13:52'),
(941, 30, 55, 0, 'EUR', 'APPROVED', '2024-07-24 02:50:28'),
(942, 34, 78, 0, 'EUR', 'SUBMITTED', '2024-01-18 05:36:49'),
(943, 65, 39, 0, 'USD', 'DRAFT', '2023-11-27 14:22:16'),
(944, 41, 69, 0, 'EUR', 'COMPLETED', '2022-07-26 19:17:26'),
(945, 55, 28, 0, 'EUR', 'DRAFT', '2023-11-28 02:57:06'),
(946, 73, 30, 0, 'EUR', 'COMPLETED', '2024-02-04 22:18:29'),
(947, 88, 55, 0, 'EUR', 'APPROVED', '2022-06-22 19:27:50'),
(948, 17, 27, 0, 'EUR', 'REJECTED', '2025-01-15 01:46:32'),
(949, 23, 18, 0, 'EUR', 'APPROVED', '2022-08-26 05:16:22'),
(950, 57, 30, 0, 'EUR', 'SUBMITTED', '2024-12-11 12:20:48'),
(951, 77, 28, 0, 'USD', 'DRAFT', '2025-02-17 01:56:37'),
(952, 3, 47, 0, 'USD', 'DRAFT', '2023-03-27 15:46:43'),
(953, 22, 70, 0, 'USD', 'REJECTED', '2022-09-26 19:45:09'),
(954, 94, 12, 0, 'USD', 'DRAFT', '2022-07-13 10:49:09'),
(955, 66, 42, 0, 'EUR', 'REJECTED', '2023-08-23 05:42:26'),
(956, 5, 30, 0, 'USD', 'REJECTED', '2022-03-23 22:06:29'),
(957, 30, 47, 0, 'EUR', 'DRAFT', '2024-03-16 23:06:16'),
(958, 32, 39, 0, 'USD', 'APPROVED', '2023-09-15 02:56:40'),
(959, 36, 12, 0, 'USD', 'REJECTED', '2024-10-30 21:11:51'),
(960, 88, 7, 0, 'USD', 'DRAFT', '2022-03-17 16:27:55'),
(961, 93, 69, 0, 'USD', 'APPROVED', '2023-10-23 09:41:20'),
(962, 50, 30, 0, 'EUR', 'APPROVED', '2023-07-01 04:11:45'),
(963, 51, 30, 0, 'EUR', 'APPROVED', '2023-07-05 05:52:32'),
(964, 36, 18, 0, 'USD', 'SUBMITTED', '2022-03-08 23:36:20'),
(965, 64, 84, 0, 'EUR', 'COMPLETED', '2022-08-16 01:14:09'),
(966, 14, 78, 0, 'USD', 'COMPLETED', '2024-09-06 06:46:48'),
(967, 19, 78, 0, 'USD', 'APPROVED', '2024-06-27 13:38:05'),
(968, 49, 42, 0, 'EUR', 'COMPLETED', '2023-06-11 16:08:09'),
(969, 33, 28, 0, 'EUR', 'DRAFT', '2024-01-30 13:10:02'),
(970, 96, 87, 0, 'EUR', 'COMPLETED', '2022-11-14 22:03:01'),
(971, 58, 70, 0, 'EUR', 'COMPLETED', '2025-02-06 21:04:21'),
(972, 10, 47, 0, 'USD', 'COMPLETED', '2024-11-09 04:04:06'),
(973, 78, 42, 0, 'EUR', 'COMPLETED', '2024-02-24 04:40:58'),
(974, 75, 12, 0, 'EUR', 'APPROVED', '2023-10-12 05:51:50'),
(975, 17, 18, 0, 'USD', 'SUBMITTED', '2024-12-16 05:27:39'),
(976, 25, 28, 0, 'EUR', 'REJECTED', '2023-10-23 22:10:17'),
(977, 5, 78, 0, 'USD', 'SUBMITTED', '2025-01-22 19:32:11'),
(978, 73, 55, 0, 'EUR', 'COMPLETED', '2022-04-21 23:32:38'),
(979, 32, 47, 0, 'USD', 'SUBMITTED', '2022-07-27 15:46:50'),
(980, 2, 87, 0, 'EUR', 'REJECTED', '2023-03-29 10:57:53'),
(981, 80, 1, 0, 'USD', 'COMPLETED', '2024-04-25 05:05:44'),
(982, 65, 84, 0, 'EUR', 'APPROVED', '2023-07-29 20:32:03'),
(983, 79, 39, 0, 'USD', 'REJECTED', '2024-05-12 00:55:19'),
(984, 3, 55, 0, 'USD', 'SUBMITTED', '2022-03-26 12:52:11'),
(985, 70, 27, 0, 'EUR', 'DRAFT', '2022-12-19 23:10:08'),
(986, 38, 28, 0, 'USD', 'REJECTED', '2024-02-27 01:26:14'),
(987, 65, 12, 0, 'EUR', 'COMPLETED', '2022-11-24 20:32:01'),
(988, 16, 27, 0, 'EUR', 'DRAFT', '2024-03-27 15:25:30'),
(989, 100, 55, 0, 'EUR', 'APPROVED', '2022-12-21 00:18:45'),
(990, 97, 87, 0, 'EUR', 'COMPLETED', '2022-03-04 15:34:45'),
(991, 58, 84, 0, 'EUR', 'REJECTED', '2022-08-03 06:19:43'),
(992, 21, 1, 0, 'USD', 'SUBMITTED', '2024-05-14 12:13:00'),
(993, 90, 28, 0, 'EUR', 'REJECTED', '2022-01-15 07:06:33'),
(994, 16, 39, 0, 'USD', 'REJECTED', '2023-03-22 01:42:00'),
(995, 81, 87, 0, 'EUR', 'APPROVED', '2024-09-28 14:22:14'),
(996, 9, 69, 0, 'USD', 'DRAFT', '2024-11-14 20:13:23'),
(997, 90, 71, 0, 'USD', 'COMPLETED', '2022-04-11 17:51:00'),
(998, 1, 70, 0, 'USD', 'COMPLETED', '2024-12-14 20:19:19'),
(999, 83, 47, 0, 'USD', 'REJECTED', '2023-03-04 06:53:41'),
(1000, 48, 71, 0, 'USD', 'COMPLETED', '2024-12-22 05:35:52');

INSERT INTO order_item (order_item_id, po_id, material_id, quantity, price_per_unit) VALUES
(1, 533, 129, 52, 744.53),
(2, 694, 108, 7, 384.9),
(3, 375, 135, 52, 721.27),
(4, 59, 21, 71, 443.32),
(5, 321, 32, 76, 175.24),
(6, 921, 89, 68, 205.78),
(7, 189, 14, 21, 279.17),
(8, 375, 163, 66, 902.13),
(9, 783, 119, 56, 813.66),
(10, 49, 5, 47, 627.0),
(11, 478, 62, 1, 103.71),
(12, 146, 183, 72, 373.91),
(13, 2, 132, 52, 25.97),
(14, 794, 157, 25, 628.53),
(15, 511, 65, 51, 442.41),
(16, 972, 144, 37, 187.93),
(17, 620, 60, 62, 81.46),
(18, 316, 32, 97, 583.76),
(19, 370, 48, 81, 718.13),
(20, 904, 172, 80, 707.41),
(21, 126, 83, 82, 599.1),
(22, 534, 145, 75, 819.2),
(23, 259, 46, 19, 755.65),
(24, 139, 122, 12, 305.57),
(25, 614, 94, 69, 770.39),
(26, 602, 22, 26, 665.9),
(27, 374, 179, 42, 61.65),
(28, 409, 5, 29, 987.27),
(29, 331, 42, 35, 584.7),
(30, 341, 8, 80, 468.16),
(31, 421, 196, 81, 709.45),
(32, 804, 164, 15, 948.05),
(33, 294, 175, 83, 73.62),
(34, 440, 84, 43, 467.8),
(35, 88, 195, 72, 885.01),
(36, 800, 13, 92, 298.73),
(37, 363, 89, 26, 929.54),
(38, 814, 68, 71, 346.76),
(39, 303, 44, 9, 770.8),
(40, 14, 109, 33, 657.15),
(41, 156, 171, 56, 168.17),
(42, 415, 147, 15, 654.11),
(43, 813, 121, 61, 305.94),
(44, 945, 154, 94, 415.48),
(45, 494, 28, 69, 882.84),
(46, 351, 51, 39, 741.63),
(47, 928, 122, 55, 660.22),
(48, 452, 44, 85, 177.88),
(49, 20, 65, 80, 838.99),
(50, 538, 197, 38, 62.56),
(51, 203, 157, 58, 689.32),
(52, 522, 107, 84, 894.44),
(53, 521, 116, 100, 407.73),
(54, 756, 10, 65, 663.67),
(55, 142, 20, 44, 692.31),
(56, 357, 122, 66, 593.49),
(57, 355, 128, 83, 819.13),
(58, 615, 41, 98, 40.62),
(59, 625, 33, 45, 138.98),
(60, 426, 70, 63, 628.8),
(61, 439, 52, 52, 78.48),
(62, 101, 79, 40, 265.2),
(63, 175, 1, 2, 972.69),
(64, 859, 62, 8, 211.41),
(65, 851, 189, 95, 68.35),
(66, 666, 112, 25, 523.4),
(67, 451, 171, 30, 203.63),
(68, 925, 33, 39, 64.41),
(69, 74, 160, 45, 261.29),
(70, 182, 66, 45, 744.96),
(71, 779, 32, 58, 225.32),
(72, 971, 121, 81, 723.61),
(73, 327, 124, 61, 154.78),
(74, 841, 126, 21, 908.9),
(75, 619, 41, 63, 695.06),
(76, 915, 11, 51, 225.01),
(77, 550, 160, 67, 606.28),
(78, 812, 6, 22, 250.86),
(79, 24, 36, 9, 582.56),
(80, 915, 104, 49, 942.14),
(81, 906, 51, 33, 153.29),
(82, 209, 165, 32, 859.99),
(83, 417, 48, 12, 591.64),
(84, 766, 30, 36, 76.07),
(85, 192, 197, 50, 222.96),
(86, 545, 50, 87, 292.03),
(87, 711, 68, 75, 253.08),
(88, 257, 7, 39, 103.48),
(89, 820, 189, 11, 571.93),
(90, 244, 116, 2, 563.04),
(91, 583, 154, 25, 816.58),
(92, 392, 18, 5, 989.33),
(93, 437, 86, 23, 434.05),
(94, 891, 139, 19, 877.69),
(95, 726, 52, 32, 800.14),
(96, 871, 152, 27, 692.31),
(97, 946, 37, 38, 594.25),
(98, 768, 152, 59, 712.44),
(99, 626, 137, 99, 786.86),
(100, 785, 198, 10, 157.06),
(101, 732, 2, 28, 114.93),
(102, 243, 169, 69, 497.14),
(103, 106, 150, 4, 94.77),
(104, 471, 148, 50, 445.77),
(105, 864, 57, 27, 976.54),
(106, 286, 144, 65, 893.66),
(107, 470, 11, 27, 251.14),
(108, 167, 98, 16, 956.72),
(109, 547, 100, 66, 617.23),
(110, 399, 82, 22, 689.77),
(111, 157, 51, 3, 22.74),
(112, 808, 96, 28, 624.54),
(113, 943, 107, 29, 772.33),
(114, 765, 139, 74, 661.28),
(115, 746, 26, 23, 474.22),
(116, 500, 177, 40, 657.63),
(117, 835, 5, 98, 945.22),
(118, 629, 155, 16, 590.54),
(119, 167, 92, 62, 523.3),
(120, 769, 185, 86, 461.16),
(121, 120, 134, 96, 370.16),
(122, 699, 105, 42, 218.36),
(123, 475, 19, 45, 835.85),
(124, 855, 108, 61, 20.05),
(125, 267, 143, 57, 336.9),
(126, 326, 140, 32, 767.65),
(127, 669, 111, 98, 77.8),
(128, 453, 42, 63, 606.88),
(129, 652, 2, 70, 55.31),
(130, 346, 75, 29, 164.2),
(131, 838, 155, 34, 327.06),
(132, 896, 46, 45, 530.7),
(133, 303, 3, 51, 593.42),
(134, 418, 166, 80, 754.36),
(135, 213, 142, 63, 711.62),
(136, 45, 193, 77, 811.13),
(137, 191, 100, 80, 235.53),
(138, 455, 91, 11, 632.9),
(139, 930, 8, 28, 147.27),
(140, 289, 117, 79, 630.96),
(141, 277, 98, 92, 492.13),
(142, 117, 151, 72, 12.11),
(143, 390, 153, 4, 667.13),
(144, 987, 134, 58, 897.09),
(145, 413, 162, 33, 739.2),
(146, 627, 76, 47, 784.75),
(147, 95, 114, 9, 162.79),
(148, 912, 189, 86, 818.73),
(149, 579, 134, 69, 185.99),
(150, 869, 200, 35, 34.97),
(151, 440, 10, 57, 709.66),
(152, 604, 187, 74, 129.14),
(153, 761, 67, 55, 900.26),
(154, 582, 197, 89, 719.85),
(155, 892, 89, 23, 863.15),
(156, 351, 100, 20, 263.14),
(157, 322, 200, 41, 613.25),
(158, 118, 135, 61, 277.5),
(159, 91, 97, 33, 354.88),
(160, 354, 142, 1, 677.25),
(161, 148, 118, 86, 859.38),
(162, 151, 111, 2, 82.15),
(163, 917, 90, 100, 545.58),
(164, 235, 84, 63, 926.13),
(165, 181, 3, 90, 460.73),
(166, 236, 45, 83, 113.9),
(167, 852, 123, 25, 778.34),
(168, 6, 138, 36, 648.29),
(169, 32, 78, 30, 100.34),
(170, 180, 25, 58, 822.89),
(171, 744, 23, 2, 452.21),
(172, 704, 116, 39, 979.33),
(173, 576, 1, 37, 526.6),
(174, 321, 31, 82, 488.21),
(175, 530, 187, 23, 757.15),
(176, 546, 47, 84, 124.37),
(177, 337, 174, 21, 564.87),
(178, 567, 146, 60, 542.17),
(179, 295, 82, 59, 689.03),
(180, 761, 120, 22, 605.97),
(181, 461, 125, 99, 323.46),
(182, 155, 61, 47, 152.74),
(183, 578, 126, 52, 710.13),
(184, 664, 5, 43, 702.99),
(185, 727, 181, 70, 255.25),
(186, 436, 134, 80, 512.69),
(187, 496, 95, 55, 634.21),
(188, 492, 55, 64, 70.03),
(189, 462, 14, 46, 245.2),
(190, 349, 171, 44, 595.37),
(191, 416, 28, 100, 89.98),
(192, 268, 125, 91, 633.42),
(193, 920, 153, 90, 433.61),
(194, 668, 84, 31, 297.25),
(195, 311, 65, 77, 414.83),
(196, 184, 60, 6, 356.91),
(197, 624, 128, 38, 622.38),
(198, 258, 86, 20, 512.85),
(199, 550, 153, 35, 291.62),
(200, 686, 60, 73, 834.83),
(201, 952, 144, 30, 742.87),
(202, 480, 99, 94, 831.11),
(203, 467, 159, 71, 776.12),
(204, 392, 79, 70, 144.69),
(205, 620, 120, 50, 917.41),
(206, 2, 88, 90, 841.75),
(207, 692, 49, 38, 201.95),
(208, 377, 196, 95, 812.59),
(209, 876, 110, 22, 827.46),
(210, 699, 158, 79, 662.58),
(211, 225, 82, 72, 494.6),
(212, 365, 175, 49, 203.35),
(213, 692, 65, 52, 442.2),
(214, 292, 110, 26, 379.48),
(215, 176, 1, 99, 928.47),
(216, 430, 57, 96, 849.61),
(217, 352, 165, 52, 669.87),
(218, 283, 167, 96, 202.09),
(219, 747, 140, 66, 113.52),
(220, 45, 139, 90, 87.62),
(221, 311, 1, 93, 832.86),
(222, 986, 137, 62, 533.3),
(223, 778, 67, 30, 176.4),
(224, 698, 194, 79, 161.97),
(225, 977, 99, 29, 127.74),
(226, 242, 160, 10, 442.26),
(227, 124, 1, 51, 726.76),
(228, 471, 190, 40, 952.5),
(229, 184, 191, 97, 463.24),
(230, 332, 77, 27, 523.29),
(231, 970, 38, 75, 899.42),
(232, 815, 16, 44, 497.31),
(233, 954, 91, 93, 636.66),
(234, 669, 33, 44, 885.97),
(235, 284, 97, 51, 534.91),
(236, 539, 46, 45, 855.25),
(237, 799, 117, 16, 488.71),
(238, 810, 177, 47, 373.93),
(239, 36, 56, 2, 994.56),
(240, 170, 74, 32, 232.34),
(241, 804, 31, 59, 293.48),
(242, 309, 7, 30, 384.63),
(243, 334, 156, 70, 51.25),
(244, 859, 27, 12, 649.72),
(245, 457, 111, 53, 440.76),
(246, 344, 181, 94, 571.04),
(247, 875, 10, 8, 56.51),
(248, 727, 160, 15, 650.47),
(249, 548, 192, 61, 507.31),
(250, 591, 112, 18, 202.57),
(251, 797, 74, 24, 913.22),
(252, 381, 15, 10, 397.82),
(253, 460, 102, 40, 590.54),
(254, 661, 15, 70, 804.21),
(255, 452, 98, 82, 393.82),
(256, 497, 82, 96, 817.95),
(257, 61, 125, 84, 475.66),
(258, 111, 15, 97, 947.1),
(259, 91, 160, 64, 421.46),
(260, 8, 193, 3, 290.63),
(261, 661, 120, 2, 336.11),
(262, 678, 147, 32, 727.36),
(263, 546, 156, 18, 700.15),
(264, 765, 88, 60, 648.82),
(265, 310, 199, 60, 417.21),
(266, 316, 19, 46, 692.6),
(267, 60, 136, 82, 326.29),
(268, 820, 76, 1, 85.38),
(269, 938, 149, 22, 335.57),
(270, 995, 148, 56, 50.59),
(271, 903, 99, 78, 936.69),
(272, 28, 67, 37, 79.19),
(273, 30, 65, 43, 980.37),
(274, 537, 91, 5, 206.28),
(275, 400, 197, 15, 435.83),
(276, 168, 145, 67, 256.73),
(277, 761, 97, 29, 85.32),
(278, 588, 144, 61, 82.2),
(279, 430, 55, 76, 860.16),
(280, 215, 151, 27, 576.91),
(281, 658, 71, 39, 838.31),
(282, 703, 44, 79, 414.01),
(283, 839, 167, 36, 859.16),
(284, 308, 101, 62, 21.47),
(285, 826, 135, 87, 553.99),
(286, 689, 132, 23, 132.06),
(287, 922, 91, 86, 627.75),
(288, 654, 173, 80, 341.28),
(289, 183, 186, 35, 109.75),
(290, 510, 111, 14, 737.85),
(291, 385, 73, 85, 870.14),
(292, 130, 7, 42, 701.48),
(293, 67, 107, 36, 46.54),
(294, 757, 6, 80, 519.51),
(295, 107, 25, 23, 301.4),
(296, 945, 66, 83, 422.04),
(297, 772, 199, 6, 288.01),
(298, 460, 111, 45, 815.84),
(299, 853, 33, 99, 938.82),
(300, 624, 143, 75, 941.26),
(301, 607, 3, 96, 536.02),
(302, 348, 103, 45, 930.03),
(303, 159, 24, 3, 470.3),
(304, 191, 80, 45, 844.33),
(305, 630, 108, 25, 10.83),
(306, 852, 13, 90, 90.58),
(307, 296, 35, 98, 877.54),
(308, 328, 27, 84, 212.14),
(309, 962, 91, 60, 740.19),
(310, 173, 177, 40, 159.56),
(311, 616, 56, 54, 186.31),
(312, 368, 14, 85, 61.82),
(313, 498, 34, 28, 253.12),
(314, 404, 135, 83, 161.13),
(315, 388, 159, 48, 710.49),
(316, 997, 103, 92, 397.54),
(317, 677, 85, 21, 817.01),
(318, 270, 50, 13, 526.77),
(319, 513, 158, 63, 612.25),
(320, 731, 137, 21, 603.35),
(321, 490, 182, 6, 292.31),
(322, 157, 135, 46, 888.04),
(323, 332, 29, 6, 208.65),
(324, 903, 139, 4, 235.83),
(325, 322, 101, 34, 320.27),
(326, 665, 7, 64, 450.09),
(327, 932, 132, 51, 723.83),
(328, 616, 70, 64, 833.07),
(329, 182, 143, 9, 85.72),
(330, 71, 65, 8, 468.96),
(331, 414, 64, 67, 196.54),
(332, 945, 136, 70, 990.28),
(333, 868, 127, 61, 862.13),
(334, 673, 34, 86, 449.87),
(335, 86, 151, 34, 174.01),
(336, 689, 111, 23, 523.21),
(337, 736, 12, 100, 374.38),
(338, 767, 197, 8, 207.54),
(339, 142, 157, 85, 209.09),
(340, 787, 75, 58, 746.4),
(341, 214, 15, 43, 882.53),
(342, 994, 37, 81, 25.33),
(343, 96, 84, 34, 293.69),
(344, 720, 143, 87, 845.65),
(345, 816, 180, 53, 609.46),
(346, 963, 57, 4, 163.03),
(347, 468, 144, 48, 974.11),
(348, 995, 101, 64, 301.89),
(349, 360, 29, 8, 546.9),
(350, 814, 113, 27, 348.85),
(351, 688, 43, 22, 311.34),
(352, 130, 147, 3, 388.03),
(353, 818, 139, 70, 181.53),
(354, 554, 183, 48, 302.0),
(355, 591, 59, 21, 695.93),
(356, 339, 68, 63, 460.24),
(357, 299, 22, 35, 36.49),
(358, 345, 39, 65, 101.22),
(359, 462, 97, 28, 701.02),
(360, 656, 158, 90, 199.66),
(361, 115, 146, 70, 823.75),
(362, 522, 96, 61, 155.83),
(363, 661, 95, 51, 647.54),
(364, 943, 97, 11, 360.56),
(365, 55, 34, 34, 384.05),
(366, 355, 184, 82, 404.99),
(367, 765, 179, 77, 953.77),
(368, 193, 86, 84, 387.51),
(369, 174, 96, 65, 252.7),
(370, 744, 56, 50, 454.59),
(371, 566, 91, 12, 561.66),
(372, 113, 41, 66, 878.93),
(373, 337, 187, 68, 613.99),
(374, 344, 198, 25, 746.19),
(375, 443, 113, 80, 515.95),
(376, 567, 134, 25, 596.27),
(377, 442, 134, 53, 846.71),
(378, 91, 108, 53, 814.3),
(379, 165, 38, 28, 320.88),
(380, 894, 12, 54, 951.16),
(381, 237, 199, 43, 311.57),
(382, 283, 90, 68, 760.48),
(383, 413, 185, 4, 60.95),
(384, 737, 149, 18, 382.62),
(385, 528, 64, 37, 617.67),
(386, 735, 83, 83, 804.38),
(387, 442, 183, 96, 166.87),
(388, 59, 196, 7, 765.19),
(389, 814, 198, 59, 630.09),
(390, 640, 80, 99, 987.13),
(391, 845, 147, 72, 835.57),
(392, 124, 170, 66, 455.1),
(393, 24, 109, 26, 100.61),
(394, 371, 136, 15, 782.0),
(395, 77, 21, 22, 614.32),
(396, 932, 21, 76, 280.54),
(397, 972, 101, 94, 737.73),
(398, 461, 21, 91, 607.48),
(399, 817, 178, 38, 927.29),
(400, 174, 59, 37, 362.05),
(401, 670, 64, 17, 667.21),
(402, 138, 199, 57, 859.57),
(403, 298, 110, 17, 27.56),
(404, 930, 33, 25, 244.82),
(405, 810, 135, 71, 636.85),
(406, 775, 200, 24, 846.24),
(407, 964, 129, 81, 145.12),
(408, 159, 119, 67, 986.89),
(409, 490, 154, 45, 526.24),
(410, 14, 93, 54, 830.43),
(411, 631, 141, 78, 611.43),
(412, 329, 200, 44, 916.06),
(413, 179, 130, 6, 911.89),
(414, 429, 22, 94, 634.83),
(415, 676, 25, 42, 765.12),
(416, 424, 65, 12, 537.62),
(417, 747, 91, 75, 976.3),
(418, 725, 117, 24, 421.5),
(419, 674, 78, 26, 871.45),
(420, 372, 44, 55, 808.16),
(421, 565, 115, 7, 188.35),
(422, 1, 96, 65, 532.35),
(423, 474, 143, 48, 10.12),
(424, 75, 43, 78, 162.12),
(425, 83, 168, 85, 675.03),
(426, 881, 35, 42, 980.99),
(427, 51, 14, 37, 264.33),
(428, 266, 95, 64, 827.09),
(429, 600, 82, 92, 171.3),
(430, 452, 14, 15, 955.55),
(431, 989, 38, 31, 688.13),
(432, 4, 99, 5, 137.59),
(433, 178, 129, 52, 993.84),
(434, 768, 104, 41, 757.47),
(435, 772, 157, 53, 97.58),
(436, 863, 200, 52, 939.59),
(437, 49, 192, 6, 86.94),
(438, 321, 118, 66, 127.64),
(439, 101, 123, 46, 788.06),
(440, 216, 54, 67, 467.23),
(441, 597, 161, 75, 784.92),
(442, 339, 72, 28, 163.71),
(443, 863, 15, 36, 34.89),
(444, 682, 195, 27, 606.17),
(445, 246, 72, 23, 600.52),
(446, 850, 200, 31, 676.8),
(447, 264, 34, 68, 372.68),
(448, 246, 78, 65, 261.47),
(449, 316, 50, 58, 703.22),
(450, 44, 147, 42, 988.27),
(451, 432, 192, 34, 346.61),
(452, 30, 143, 95, 370.65),
(453, 861, 131, 7, 680.12),
(454, 892, 96, 77, 942.54),
(455, 902, 181, 77, 939.32),
(456, 927, 5, 82, 104.21),
(457, 942, 76, 94, 674.82),
(458, 827, 117, 94, 962.5),
(459, 539, 133, 66, 161.07),
(460, 684, 18, 4, 469.54),
(461, 765, 75, 66, 736.87),
(462, 152, 155, 84, 49.73),
(463, 538, 199, 57, 453.13),
(464, 831, 167, 82, 462.57),
(465, 88, 160, 42, 880.78),
(466, 26, 6, 33, 483.69),
(467, 61, 29, 14, 322.18),
(468, 212, 107, 24, 65.54),
(469, 662, 154, 87, 862.74),
(470, 65, 23, 75, 623.83),
(471, 497, 190, 26, 548.43),
(472, 620, 27, 37, 962.79),
(473, 741, 183, 86, 641.26),
(474, 254, 35, 51, 718.05),
(475, 668, 114, 7, 566.9),
(476, 460, 88, 7, 53.54),
(477, 282, 3, 48, 514.18),
(478, 724, 165, 33, 472.96),
(479, 669, 174, 28, 119.32),
(480, 413, 200, 34, 157.1),
(481, 608, 112, 92, 681.35),
(482, 726, 77, 91, 559.08),
(483, 659, 158, 90, 863.86),
(484, 236, 54, 24, 190.12),
(485, 577, 115, 77, 96.58),
(486, 606, 48, 51, 868.02),
(487, 816, 84, 15, 556.76),
(488, 161, 18, 66, 845.46),
(489, 73, 59, 40, 183.03),
(490, 848, 194, 24, 522.11),
(491, 962, 147, 77, 251.13),
(492, 684, 80, 44, 861.39),
(493, 6, 4, 69, 125.85),
(494, 654, 155, 8, 439.59),
(495, 285, 76, 42, 438.59),
(496, 422, 98, 57, 164.29),
(497, 703, 120, 95, 669.67),
(498, 203, 155, 79, 236.35),
(499, 128, 54, 98, 435.19),
(500, 322, 76, 96, 358.93),
(501, 800, 147, 69, 328.42),
(502, 919, 188, 98, 956.83),
(503, 38, 140, 54, 94.02),
(504, 393, 142, 36, 270.16),
(505, 217, 106, 23, 836.88),
(506, 43, 108, 52, 509.43),
(507, 165, 4, 39, 746.24),
(508, 140, 41, 40, 440.49),
(509, 140, 128, 28, 520.24),
(510, 289, 47, 90, 111.09),
(511, 680, 47, 20, 369.87),
(512, 28, 42, 24, 105.9),
(513, 197, 59, 96, 12.06),
(514, 511, 191, 91, 178.89),
(515, 951, 4, 80, 886.6),
(516, 950, 47, 43, 257.51),
(517, 507, 170, 100, 186.68),
(518, 717, 89, 53, 805.01),
(519, 369, 88, 65, 670.95),
(520, 577, 62, 81, 827.09),
(521, 337, 113, 49, 818.18),
(522, 190, 179, 18, 287.63),
(523, 776, 9, 91, 223.35),
(524, 445, 22, 19, 451.82),
(525, 933, 200, 10, 25.64),
(526, 817, 190, 31, 859.37),
(527, 467, 72, 98, 621.91),
(528, 197, 88, 10, 637.21),
(529, 966, 23, 71, 433.41),
(530, 993, 19, 90, 224.73),
(531, 267, 79, 30, 346.4),
(532, 341, 191, 50, 967.63),
(533, 85, 115, 37, 466.0),
(534, 350, 27, 85, 642.86),
(535, 407, 14, 72, 871.07),
(536, 572, 178, 72, 307.29),
(537, 447, 44, 8, 686.38),
(538, 250, 17, 74, 25.1),
(539, 734, 102, 62, 961.54),
(540, 984, 187, 27, 860.77),
(541, 343, 15, 85, 839.85),
(542, 697, 39, 97, 27.82),
(543, 129, 42, 29, 832.19),
(544, 46, 176, 99, 183.06),
(545, 280, 26, 47, 69.51),
(546, 767, 179, 74, 885.49),
(547, 240, 168, 51, 248.89),
(548, 43, 27, 4, 451.23),
(549, 138, 90, 67, 510.23),
(550, 528, 159, 6, 740.26),
(551, 143, 151, 91, 217.14),
(552, 357, 100, 29, 509.94),
(553, 761, 49, 73, 200.22),
(554, 884, 153, 88, 596.11),
(555, 617, 128, 21, 39.82),
(556, 954, 76, 77, 445.8),
(557, 502, 84, 79, 155.04),
(558, 912, 184, 11, 769.19),
(559, 335, 82, 8, 271.56),
(560, 335, 21, 81, 765.88),
(561, 588, 151, 81, 397.88),
(562, 227, 78, 41, 773.81),
(563, 766, 123, 27, 560.47),
(564, 561, 189, 100, 51.87),
(565, 454, 144, 18, 551.48),
(566, 303, 9, 75, 457.17),
(567, 434, 76, 82, 964.88),
(568, 620, 188, 71, 516.09),
(569, 61, 42, 37, 837.92),
(570, 908, 77, 60, 593.07),
(571, 970, 150, 5, 559.85),
(572, 435, 59, 70, 623.81),
(573, 696, 52, 47, 983.5),
(574, 730, 173, 41, 323.02),
(575, 512, 160, 38, 370.63),
(576, 560, 198, 25, 998.16),
(577, 95, 91, 5, 162.79),
(578, 623, 17, 67, 642.12),
(579, 533, 112, 11, 210.55),
(580, 539, 111, 30, 123.49),
(581, 767, 28, 52, 242.84),
(582, 720, 177, 13, 888.89),
(583, 790, 72, 14, 757.04),
(584, 538, 177, 25, 489.53),
(585, 46, 65, 34, 102.12),
(586, 729, 192, 37, 464.03),
(587, 44, 25, 2, 301.42),
(588, 541, 152, 90, 717.22),
(589, 700, 91, 9, 534.73),
(590, 190, 136, 74, 321.54),
(591, 836, 43, 83, 453.13),
(592, 661, 119, 64, 549.12),
(593, 668, 58, 96, 780.12),
(594, 977, 121, 42, 448.34),
(595, 933, 177, 62, 674.14),
(596, 942, 100, 88, 601.38),
(597, 322, 147, 91, 529.52),
(598, 820, 89, 2, 734.57),
(599, 862, 88, 7, 183.96),
(600, 223, 25, 74, 486.83),
(601, 66, 110, 19, 197.31),
(602, 195, 164, 2, 874.56),
(603, 9, 141, 12, 611.1),
(604, 748, 172, 87, 737.0),
(605, 112, 71, 88, 533.09),
(606, 881, 23, 93, 165.99),
(607, 52, 68, 84, 335.28),
(608, 604, 151, 45, 485.78),
(609, 327, 46, 93, 123.59),
(610, 512, 87, 82, 374.8),
(611, 439, 156, 84, 844.65),
(612, 998, 157, 63, 998.0),
(613, 155, 166, 66, 469.19),
(614, 470, 68, 51, 97.61),
(615, 355, 195, 30, 39.37),
(616, 518, 135, 95, 343.37),
(617, 184, 189, 58, 703.72),
(618, 654, 38, 20, 323.91),
(619, 870, 157, 22, 689.93),
(620, 143, 70, 66, 792.19),
(621, 833, 131, 5, 602.44),
(622, 612, 39, 99, 669.35),
(623, 327, 123, 80, 699.65),
(624, 529, 103, 45, 727.0),
(625, 280, 169, 30, 536.38),
(626, 10, 104, 67, 392.62),
(627, 128, 176, 63, 294.98),
(628, 619, 165, 97, 704.27),
(629, 606, 184, 17, 173.51),
(630, 895, 26, 48, 789.85),
(631, 620, 185, 42, 514.6),
(632, 92, 34, 34, 996.32),
(633, 39, 125, 83, 550.45),
(634, 558, 82, 33, 107.34),
(635, 82, 155, 55, 256.87),
(636, 919, 85, 57, 730.63),
(637, 932, 27, 50, 37.81),
(638, 524, 84, 20, 877.4),
(639, 80, 163, 76, 744.84),
(640, 331, 79, 72, 634.33),
(641, 687, 22, 79, 123.49),
(642, 531, 148, 18, 880.88),
(643, 257, 197, 46, 237.85),
(644, 825, 95, 26, 123.52),
(645, 314, 63, 55, 107.21),
(646, 680, 61, 76, 588.82),
(647, 492, 154, 90, 770.29),
(648, 54, 174, 53, 114.6),
(649, 538, 98, 83, 686.35),
(650, 1000, 4, 60, 610.35),
(651, 61, 5, 78, 102.58),
(652, 460, 95, 32, 666.89),
(653, 197, 78, 98, 268.4),
(654, 546, 18, 79, 841.66),
(655, 966, 24, 16, 132.32),
(656, 573, 200, 93, 903.57),
(657, 496, 69, 9, 361.47),
(658, 645, 194, 39, 739.95),
(659, 716, 156, 37, 718.04),
(660, 502, 145, 7, 961.27),
(661, 390, 88, 14, 89.49),
(662, 432, 17, 65, 46.19),
(663, 804, 85, 92, 330.12),
(664, 864, 5, 80, 574.25),
(665, 228, 75, 1, 177.75),
(666, 242, 96, 67, 828.22),
(667, 401, 169, 18, 191.8),
(668, 679, 172, 66, 933.42),
(669, 69, 170, 46, 879.39),
(670, 642, 139, 53, 777.59),
(671, 807, 27, 40, 907.45),
(672, 410, 157, 58, 388.84),
(673, 196, 52, 8, 281.18),
(674, 170, 70, 50, 834.03),
(675, 580, 18, 64, 218.66),
(676, 884, 170, 2, 609.68),
(677, 680, 187, 13, 405.69),
(678, 131, 66, 72, 419.86),
(679, 856, 165, 74, 909.46),
(680, 369, 130, 93, 491.17),
(681, 629, 85, 56, 582.67),
(682, 194, 196, 15, 342.11),
(683, 372, 5, 36, 33.26),
(684, 319, 9, 66, 524.03),
(685, 776, 30, 96, 172.11),
(686, 650, 77, 19, 269.23),
(687, 523, 82, 81, 233.62),
(688, 820, 60, 9, 236.22),
(689, 667, 82, 91, 834.73),
(690, 563, 148, 31, 852.29),
(691, 167, 69, 73, 279.39),
(692, 766, 119, 76, 136.12),
(693, 150, 162, 93, 774.5),
(694, 337, 40, 44, 696.86),
(695, 175, 61, 46, 874.82),
(696, 640, 103, 28, 521.03),
(697, 636, 197, 89, 738.92),
(698, 818, 175, 98, 313.81),
(699, 910, 12, 60, 540.1),
(700, 882, 47, 45, 977.9),
(701, 830, 96, 33, 10.31),
(702, 138, 55, 17, 117.29),
(703, 804, 29, 16, 218.84),
(704, 635, 184, 51, 241.6),
(705, 849, 150, 88, 945.83),
(706, 16, 60, 74, 180.39),
(707, 355, 11, 51, 53.36),
(708, 48, 129, 71, 657.4),
(709, 40, 142, 31, 60.57),
(710, 380, 97, 24, 742.36),
(711, 509, 197, 27, 574.89),
(712, 175, 131, 27, 265.4),
(713, 368, 31, 85, 468.64),
(714, 790, 200, 97, 555.11),
(715, 312, 62, 96, 134.06),
(716, 552, 18, 48, 289.53),
(717, 564, 19, 80, 583.44),
(718, 671, 190, 79, 872.78),
(719, 679, 166, 84, 554.98),
(720, 522, 45, 6, 597.94),
(721, 785, 124, 19, 163.3),
(722, 627, 160, 84, 428.72),
(723, 136, 197, 40, 701.61),
(724, 539, 96, 100, 31.3),
(725, 928, 81, 46, 268.6),
(726, 637, 26, 54, 746.24),
(727, 12, 15, 39, 654.25),
(728, 161, 96, 23, 830.43),
(729, 540, 37, 100, 522.59),
(730, 895, 36, 64, 254.42),
(731, 284, 158, 53, 457.84),
(732, 897, 58, 70, 17.53),
(733, 804, 174, 86, 405.11),
(734, 83, 192, 84, 86.72),
(735, 363, 15, 37, 173.51),
(736, 575, 31, 93, 177.17),
(737, 646, 6, 53, 928.43),
(738, 543, 102, 38, 228.93),
(739, 701, 174, 58, 178.89),
(740, 283, 151, 2, 461.73),
(741, 579, 112, 34, 912.47),
(742, 994, 136, 36, 983.35),
(743, 51, 116, 8, 215.14),
(744, 899, 36, 38, 514.47),
(745, 119, 5, 15, 785.4),
(746, 527, 70, 76, 480.38),
(747, 878, 27, 49, 755.79),
(748, 655, 57, 1, 322.43),
(749, 892, 129, 36, 390.77),
(750, 289, 48, 45, 414.82),
(751, 288, 76, 94, 283.03),
(752, 875, 19, 29, 794.86),
(753, 656, 82, 63, 346.29),
(754, 151, 149, 98, 235.27),
(755, 602, 153, 47, 698.22),
(756, 529, 42, 84, 36.45),
(757, 895, 87, 44, 617.08),
(758, 720, 183, 26, 648.47),
(759, 751, 130, 79, 334.35),
(760, 728, 197, 45, 650.09),
(761, 685, 169, 33, 667.51),
(762, 902, 174, 75, 207.79),
(763, 178, 144, 95, 698.14),
(764, 154, 178, 78, 490.76),
(765, 25, 54, 90, 363.64),
(766, 76, 155, 13, 893.83),
(767, 180, 87, 23, 701.23),
(768, 343, 123, 32, 573.94),
(769, 212, 90, 42, 557.19),
(770, 534, 6, 19, 36.52),
(771, 799, 51, 37, 287.24),
(772, 375, 105, 7, 572.12),
(773, 310, 71, 93, 873.62),
(774, 303, 194, 28, 965.01),
(775, 431, 30, 69, 127.12),
(776, 451, 96, 51, 208.73),
(777, 470, 20, 4, 567.48),
(778, 465, 144, 3, 370.24),
(779, 297, 54, 81, 444.82),
(780, 590, 157, 22, 778.83),
(781, 182, 97, 39, 614.04),
(782, 305, 115, 73, 257.87),
(783, 692, 63, 88, 921.52),
(784, 700, 157, 80, 64.28),
(785, 977, 144, 14, 590.89),
(786, 451, 174, 20, 546.64),
(787, 232, 115, 18, 349.61),
(788, 93, 157, 11, 104.53),
(789, 67, 115, 72, 112.1),
(790, 555, 195, 66, 960.98),
(791, 517, 167, 19, 567.57),
(792, 722, 101, 16, 943.21),
(793, 504, 42, 43, 60.6),
(794, 3, 32, 73, 633.86),
(795, 723, 36, 96, 107.33),
(796, 843, 72, 52, 722.78),
(797, 135, 97, 83, 446.08),
(798, 639, 58, 29, 510.7),
(799, 477, 108, 91, 260.3),
(800, 567, 98, 62, 558.74),
(801, 822, 1, 60, 766.56),
(802, 482, 135, 40, 271.21),
(803, 554, 68, 29, 375.32),
(804, 383, 96, 17, 209.66),
(805, 91, 191, 13, 206.78),
(806, 948, 64, 46, 75.74),
(807, 530, 58, 50, 677.16),
(808, 314, 150, 10, 611.68),
(809, 723, 20, 25, 458.31),
(810, 672, 25, 11, 14.14),
(811, 946, 134, 46, 63.05),
(812, 106, 115, 44, 928.77),
(813, 125, 94, 49, 280.9),
(814, 871, 157, 63, 862.03),
(815, 237, 161, 69, 62.54),
(816, 514, 98, 13, 614.67),
(817, 246, 73, 91, 940.77),
(818, 647, 145, 48, 233.29),
(819, 606, 115, 5, 998.06),
(820, 154, 76, 78, 588.27),
(821, 445, 72, 29, 429.33),
(822, 290, 122, 82, 176.76),
(823, 559, 109, 37, 471.27),
(824, 46, 119, 64, 621.96),
(825, 952, 117, 37, 733.82),
(826, 327, 169, 89, 600.24),
(827, 160, 154, 39, 227.42),
(828, 75, 104, 8, 419.62),
(829, 323, 56, 3, 234.96),
(830, 158, 32, 12, 364.49),
(831, 203, 1, 34, 119.02),
(832, 396, 38, 37, 398.59),
(833, 393, 91, 10, 823.45),
(834, 213, 140, 57, 929.49),
(835, 50, 112, 17, 277.36),
(836, 756, 145, 79, 636.4),
(837, 813, 98, 47, 905.83),
(838, 534, 102, 14, 616.56),
(839, 515, 84, 33, 89.11),
(840, 186, 53, 64, 331.29),
(841, 985, 176, 31, 523.43),
(842, 487, 15, 49, 909.13),
(843, 161, 118, 66, 629.93),
(844, 545, 131, 14, 480.75),
(845, 700, 85, 2, 437.28),
(846, 993, 73, 96, 466.58),
(847, 908, 31, 57, 124.6),
(848, 291, 15, 77, 592.96),
(849, 590, 187, 65, 938.26),
(850, 108, 79, 5, 802.0),
(851, 199, 19, 47, 355.64),
(852, 319, 165, 19, 899.7),
(853, 355, 52, 93, 558.15),
(854, 685, 160, 55, 232.01),
(855, 462, 90, 8, 297.35),
(856, 79, 153, 70, 738.25),
(857, 565, 148, 100, 928.0),
(858, 705, 19, 97, 913.39),
(859, 205, 107, 7, 374.9),
(860, 131, 3, 82, 946.22),
(861, 818, 70, 6, 430.24),
(862, 700, 110, 30, 214.94),
(863, 570, 166, 16, 241.87),
(864, 137, 135, 30, 612.72),
(865, 306, 124, 16, 613.24),
(866, 259, 127, 65, 419.94),
(867, 852, 93, 4, 237.12),
(868, 644, 172, 84, 788.97),
(869, 137, 20, 70, 159.49),
(870, 528, 17, 88, 689.23),
(871, 534, 135, 22, 322.65),
(872, 401, 183, 3, 831.08),
(873, 403, 161, 96, 423.48),
(874, 180, 7, 72, 141.24),
(875, 197, 139, 26, 428.61),
(876, 82, 53, 93, 873.6),
(877, 47, 176, 40, 173.73),
(878, 692, 91, 54, 77.26),
(879, 365, 70, 66, 963.08),
(880, 860, 158, 100, 345.78),
(881, 274, 168, 92, 956.59),
(882, 734, 11, 70, 112.1),
(883, 257, 63, 11, 641.74),
(884, 471, 176, 96, 715.17),
(885, 139, 38, 77, 112.22),
(886, 516, 47, 22, 919.36),
(887, 880, 24, 47, 848.96),
(888, 100, 155, 53, 358.24),
(889, 606, 24, 10, 938.62),
(890, 280, 14, 94, 837.21),
(891, 494, 173, 94, 126.84),
(892, 949, 85, 67, 547.84),
(893, 809, 41, 28, 285.5),
(894, 477, 140, 23, 297.5),
(895, 693, 135, 79, 268.3),
(896, 246, 176, 10, 583.8),
(897, 3, 105, 46, 344.66),
(898, 771, 11, 79, 919.26),
(899, 392, 187, 86, 63.01),
(900, 465, 136, 23, 175.85),
(901, 702, 68, 32, 957.02),
(902, 725, 6, 61, 834.26),
(903, 850, 63, 29, 572.97),
(904, 54, 146, 53, 729.21),
(905, 905, 177, 94, 651.93),
(906, 724, 199, 46, 561.42),
(907, 721, 37, 13, 911.22),
(908, 650, 81, 88, 151.72),
(909, 131, 70, 16, 601.76),
(910, 260, 192, 2, 329.42),
(911, 741, 126, 14, 597.06),
(912, 928, 167, 62, 401.25),
(913, 827, 181, 75, 602.94),
(914, 504, 189, 17, 33.36),
(915, 578, 32, 90, 571.02),
(916, 448, 30, 73, 972.98),
(917, 475, 21, 2, 673.73),
(918, 105, 77, 73, 930.32),
(919, 85, 80, 48, 944.02),
(920, 706, 164, 65, 571.18),
(921, 98, 92, 69, 906.12),
(922, 455, 8, 87, 691.86),
(923, 777, 73, 75, 904.16),
(924, 794, 53, 87, 379.03),
(925, 162, 136, 90, 75.36),
(926, 113, 174, 62, 873.49),
(927, 505, 80, 50, 10.82),
(928, 20, 8, 88, 532.04),
(929, 208, 116, 4, 255.42),
(930, 627, 52, 56, 944.88),
(931, 574, 134, 11, 905.15),
(932, 778, 161, 96, 853.46),
(933, 7, 145, 81, 787.05),
(934, 432, 101, 8, 249.51),
(935, 105, 153, 87, 948.29),
(936, 665, 188, 7, 214.91),
(937, 213, 186, 92, 390.95),
(938, 569, 27, 87, 954.83),
(939, 78, 171, 3, 799.39),
(940, 867, 86, 12, 384.26),
(941, 503, 74, 46, 310.35),
(942, 227, 44, 72, 689.06),
(943, 605, 95, 32, 665.59),
(944, 655, 27, 87, 82.0),
(945, 260, 177, 27, 814.83),
(946, 959, 72, 21, 227.53),
(947, 730, 21, 24, 34.52),
(948, 887, 84, 74, 838.91),
(949, 700, 101, 93, 93.14),
(950, 903, 183, 31, 810.52),
(951, 216, 17, 80, 73.83),
(952, 643, 187, 99, 89.16),
(953, 565, 46, 70, 332.67),
(954, 823, 110, 12, 910.5),
(955, 17, 171, 36, 235.0),
(956, 718, 81, 98, 299.34),
(957, 985, 74, 91, 752.29),
(958, 793, 77, 92, 906.73),
(959, 920, 31, 8, 998.64),
(960, 728, 54, 56, 26.94),
(961, 847, 149, 21, 641.6),
(962, 863, 156, 53, 730.17),
(963, 972, 83, 98, 609.83),
(964, 283, 197, 16, 217.81),
(965, 839, 152, 38, 388.98),
(966, 174, 99, 8, 881.05),
(967, 805, 133, 21, 923.98),
(968, 935, 25, 70, 373.56),
(969, 538, 107, 38, 422.48),
(970, 445, 56, 33, 38.93),
(971, 942, 100, 4, 913.51),
(972, 110, 62, 71, 612.41),
(973, 343, 28, 75, 750.0),
(974, 74, 121, 43, 169.69),
(975, 160, 24, 14, 835.19),
(976, 795, 184, 7, 65.35),
(977, 816, 147, 59, 536.08),
(978, 224, 164, 13, 390.46),
(979, 481, 81, 55, 812.59),
(980, 722, 112, 8, 824.9),
(981, 853, 10, 33, 959.95),
(982, 705, 92, 49, 664.95),
(983, 679, 31, 33, 748.76),
(984, 618, 163, 26, 286.89),
(985, 686, 153, 81, 598.72),
(986, 997, 198, 76, 707.51),
(987, 613, 14, 92, 195.36),
(988, 231, 10, 26, 745.1),
(989, 268, 132, 20, 384.58),
(990, 929, 22, 1, 714.25),
(991, 26, 156, 33, 964.58),
(992, 215, 91, 16, 294.05),
(993, 738, 171, 15, 377.69),
(994, 247, 62, 39, 277.83),
(995, 151, 165, 12, 308.24),
(996, 486, 67, 4, 401.63),
(997, 784, 96, 88, 580.81),
(998, 5, 49, 1, 960.59),
(999, 529, 189, 8, 646.44),
(1000, 143, 29, 46, 211.7),
(1001, 483, 98, 30, 466.53),
(1002, 662, 139, 35, 431.54),
(1003, 887, 24, 10, 584.19),
(1004, 859, 146, 25, 268.41),
(1005, 605, 47, 43, 507.79),
(1006, 499, 58, 56, 816.43),
(1007, 736, 22, 55, 469.05),
(1008, 380, 40, 5, 789.12),
(1009, 927, 148, 52, 428.13),
(1010, 426, 190, 80, 258.29),
(1011, 620, 102, 27, 328.1),
(1012, 572, 5, 15, 892.67),
(1013, 98, 9, 67, 511.29),
(1014, 77, 32, 9, 235.01),
(1015, 726, 42, 54, 161.72),
(1016, 967, 175, 42, 462.02),
(1017, 125, 38, 65, 260.29),
(1018, 484, 14, 99, 109.63),
(1019, 944, 38, 71, 107.5),
(1020, 235, 101, 95, 987.78),
(1021, 321, 137, 15, 999.58),
(1022, 725, 140, 82, 478.45),
(1023, 469, 63, 66, 790.79),
(1024, 514, 39, 22, 258.22),
(1025, 185, 125, 17, 803.69),
(1026, 870, 67, 61, 266.33),
(1027, 789, 185, 89, 58.49),
(1028, 977, 34, 7, 614.56),
(1029, 600, 162, 39, 807.05),
(1030, 996, 86, 94, 269.67),
(1031, 523, 145, 2, 820.51),
(1032, 490, 178, 62, 703.98),
(1033, 430, 87, 13, 409.83),
(1034, 948, 108, 34, 196.77),
(1035, 571, 191, 15, 988.34),
(1036, 279, 93, 77, 943.73),
(1037, 440, 76, 27, 570.26),
(1038, 553, 95, 5, 529.67),
(1039, 773, 62, 83, 610.73),
(1040, 61, 63, 40, 640.97),
(1041, 114, 169, 29, 363.79),
(1042, 295, 49, 82, 488.26),
(1043, 41, 165, 3, 313.22),
(1044, 773, 10, 58, 165.76),
(1045, 229, 195, 80, 127.09),
(1046, 467, 97, 88, 911.37),
(1047, 985, 133, 8, 432.75),
(1048, 607, 106, 36, 142.13),
(1049, 34, 167, 28, 847.72),
(1050, 964, 37, 5, 569.02),
(1051, 585, 71, 71, 149.88),
(1052, 487, 148, 48, 848.05),
(1053, 753, 97, 14, 292.89),
(1054, 726, 1, 4, 776.49),
(1055, 949, 95, 75, 136.43),
(1056, 366, 23, 22, 659.87),
(1057, 151, 100, 88, 565.85),
(1058, 426, 200, 96, 523.08),
(1059, 214, 148, 14, 859.65),
(1060, 830, 114, 73, 541.62),
(1061, 951, 68, 36, 21.94),
(1062, 987, 73, 87, 912.2),
(1063, 247, 62, 13, 990.49),
(1064, 325, 59, 39, 847.06),
(1065, 134, 181, 19, 928.58),
(1066, 122, 129, 27, 788.27),
(1067, 24, 29, 91, 445.63),
(1068, 364, 79, 51, 563.63),
(1069, 88, 139, 45, 33.45),
(1070, 235, 170, 17, 606.14),
(1071, 773, 14, 5, 362.62),
(1072, 613, 142, 41, 170.78),
(1073, 44, 93, 38, 361.11),
(1074, 7, 174, 76, 597.29),
(1075, 541, 93, 27, 310.28),
(1076, 825, 176, 20, 688.73),
(1077, 3, 81, 71, 405.0),
(1078, 140, 126, 30, 526.18),
(1079, 677, 128, 94, 913.25),
(1080, 625, 184, 19, 312.83),
(1081, 20, 197, 73, 575.93),
(1082, 893, 166, 53, 951.54),
(1083, 150, 177, 41, 164.1),
(1084, 440, 40, 86, 647.04),
(1085, 108, 178, 69, 677.63),
(1086, 860, 162, 55, 559.33),
(1087, 30, 109, 46, 225.03),
(1088, 533, 193, 56, 291.2),
(1089, 393, 49, 80, 175.66),
(1090, 91, 45, 47, 624.61),
(1091, 104, 178, 58, 178.35),
(1092, 872, 8, 20, 989.43),
(1093, 832, 175, 75, 98.52),
(1094, 832, 198, 99, 474.84),
(1095, 392, 11, 32, 847.78),
(1096, 275, 107, 9, 540.47),
(1097, 18, 130, 61, 15.04),
(1098, 492, 112, 54, 298.55),
(1099, 333, 142, 21, 537.57),
(1100, 6, 121, 21, 834.81),
(1101, 750, 59, 31, 794.54),
(1102, 337, 69, 32, 833.71),
(1103, 162, 188, 100, 973.01),
(1104, 58, 128, 99, 107.4),
(1105, 717, 195, 31, 245.6),
(1106, 232, 116, 10, 161.18),
(1107, 21, 14, 77, 261.82),
(1108, 953, 119, 35, 47.76),
(1109, 27, 134, 36, 161.17),
(1110, 671, 168, 93, 278.38),
(1111, 542, 96, 10, 382.04),
(1112, 980, 176, 48, 513.2),
(1113, 966, 97, 7, 317.33),
(1114, 25, 188, 74, 171.0),
(1115, 941, 72, 66, 930.0),
(1116, 918, 128, 13, 714.39),
(1117, 557, 86, 4, 245.99),
(1118, 578, 177, 34, 205.5),
(1119, 321, 30, 92, 37.64),
(1120, 775, 153, 39, 450.24),
(1121, 220, 52, 56, 873.46),
(1122, 184, 124, 44, 765.73),
(1123, 508, 146, 1, 31.75),
(1124, 496, 80, 9, 330.7),
(1125, 298, 82, 28, 694.06),
(1126, 16, 89, 12, 690.35),
(1127, 143, 123, 66, 69.61),
(1128, 712, 115, 6, 80.02),
(1129, 566, 86, 50, 550.86),
(1130, 974, 123, 3, 771.64),
(1131, 830, 134, 86, 743.0),
(1132, 429, 26, 2, 55.2),
(1133, 719, 60, 71, 90.48),
(1134, 487, 15, 75, 668.07),
(1135, 364, 3, 10, 652.28),
(1136, 59, 172, 22, 400.56),
(1137, 855, 32, 58, 351.09),
(1138, 325, 92, 59, 372.22),
(1139, 1000, 77, 63, 359.17),
(1140, 121, 14, 14, 915.16),
(1141, 516, 75, 2, 295.12),
(1142, 765, 169, 7, 234.83),
(1143, 593, 66, 25, 996.28),
(1144, 120, 65, 43, 313.56),
(1145, 726, 70, 1, 348.66),
(1146, 11, 130, 80, 20.97),
(1147, 907, 86, 21, 293.46),
(1148, 181, 112, 63, 820.16),
(1149, 955, 32, 49, 525.48),
(1150, 962, 66, 6, 798.99),
(1151, 995, 89, 44, 437.05),
(1152, 859, 112, 72, 931.3),
(1153, 844, 161, 88, 897.53),
(1154, 124, 16, 61, 258.83),
(1155, 50, 105, 96, 388.82),
(1156, 905, 156, 94, 448.6),
(1157, 166, 122, 20, 63.37),
(1158, 678, 83, 48, 219.05),
(1159, 884, 59, 22, 437.13),
(1160, 37, 83, 30, 435.03),
(1161, 159, 149, 31, 291.08),
(1162, 992, 141, 37, 962.0),
(1163, 919, 197, 75, 415.28),
(1164, 252, 200, 95, 996.75),
(1165, 105, 78, 68, 105.11),
(1166, 419, 96, 32, 239.6),
(1167, 900, 121, 66, 993.16),
(1168, 878, 169, 55, 107.82),
(1169, 121, 62, 63, 490.32),
(1170, 159, 180, 65, 955.2),
(1171, 203, 133, 15, 683.99),
(1172, 101, 158, 70, 233.54),
(1173, 262, 38, 88, 404.9),
(1174, 798, 42, 84, 554.3),
(1175, 40, 103, 85, 511.83),
(1176, 983, 117, 98, 906.75),
(1177, 124, 10, 88, 818.1),
(1178, 933, 180, 66, 363.33),
(1179, 913, 90, 25, 493.52),
(1180, 309, 43, 71, 410.86),
(1181, 233, 175, 57, 149.97),
(1182, 48, 166, 53, 781.64),
(1183, 731, 90, 21, 731.0),
(1184, 664, 108, 93, 219.76),
(1185, 376, 12, 24, 603.81),
(1186, 21, 169, 12, 749.02),
(1187, 317, 173, 70, 996.07),
(1188, 218, 130, 87, 829.94),
(1189, 321, 119, 63, 583.61),
(1190, 935, 13, 88, 877.21),
(1191, 490, 128, 9, 851.07),
(1192, 42, 47, 3, 755.72),
(1193, 938, 66, 28, 987.12),
(1194, 698, 22, 80, 234.59),
(1195, 690, 107, 27, 880.24),
(1196, 190, 143, 98, 939.27),
(1197, 238, 184, 38, 488.69),
(1198, 425, 188, 19, 975.28),
(1199, 19, 64, 15, 345.45),
(1200, 412, 184, 56, 241.67),
(1201, 243, 132, 95, 320.43),
(1202, 150, 22, 19, 673.59),
(1203, 44, 27, 76, 492.03),
(1204, 288, 82, 65, 408.39),
(1205, 872, 39, 8, 236.04),
(1206, 700, 106, 86, 531.98),
(1207, 143, 56, 74, 922.54),
(1208, 125, 129, 99, 599.97),
(1209, 129, 118, 33, 877.92),
(1210, 354, 15, 19, 528.61),
(1211, 487, 164, 10, 713.66),
(1212, 686, 133, 47, 533.36),
(1213, 928, 171, 9, 268.06),
(1214, 541, 79, 74, 523.73),
(1215, 888, 32, 24, 394.67),
(1216, 482, 194, 99, 754.03),
(1217, 230, 18, 52, 534.34),
(1218, 864, 32, 46, 626.14),
(1219, 975, 52, 22, 964.25),
(1220, 535, 105, 99, 88.28),
(1221, 229, 5, 31, 154.62),
(1222, 341, 102, 91, 167.61),
(1223, 234, 2, 34, 796.96),
(1224, 673, 193, 18, 238.19),
(1225, 71, 173, 61, 196.45),
(1226, 276, 2, 11, 446.94),
(1227, 282, 62, 41, 132.78),
(1228, 876, 89, 92, 851.82),
(1229, 623, 138, 35, 849.42),
(1230, 441, 169, 83, 472.25),
(1231, 130, 15, 95, 81.6),
(1232, 453, 151, 98, 164.35),
(1233, 878, 96, 46, 688.73),
(1234, 353, 38, 94, 914.12),
(1235, 623, 50, 98, 333.85),
(1236, 514, 40, 25, 200.4),
(1237, 175, 144, 20, 720.05),
(1238, 644, 187, 28, 529.98),
(1239, 754, 99, 5, 385.4),
(1240, 450, 121, 43, 358.19),
(1241, 721, 11, 73, 308.2),
(1242, 132, 29, 31, 564.49),
(1243, 179, 36, 66, 338.48),
(1244, 77, 21, 81, 745.45),
(1245, 177, 112, 42, 203.23),
(1246, 169, 115, 48, 563.14),
(1247, 461, 41, 76, 901.12),
(1248, 188, 170, 23, 562.17),
(1249, 586, 183, 81, 904.89),
(1250, 976, 145, 52, 778.36),
(1251, 870, 99, 65, 542.53),
(1252, 490, 23, 16, 438.91),
(1253, 22, 190, 87, 11.23),
(1254, 682, 2, 91, 818.27),
(1255, 452, 90, 45, 538.58),
(1256, 818, 5, 5, 665.03),
(1257, 57, 81, 43, 553.34),
(1258, 371, 166, 44, 774.67),
(1259, 719, 44, 70, 790.35),
(1260, 853, 172, 31, 316.21),
(1261, 692, 168, 2, 911.25),
(1262, 729, 173, 23, 362.52),
(1263, 868, 12, 86, 423.77),
(1264, 817, 65, 66, 845.79),
(1265, 577, 59, 37, 800.24),
(1266, 262, 184, 75, 960.22),
(1267, 292, 86, 20, 554.7),
(1268, 882, 70, 56, 547.61),
(1269, 995, 134, 96, 347.3),
(1270, 657, 175, 50, 391.72),
(1271, 250, 64, 38, 936.82),
(1272, 954, 66, 58, 362.56),
(1273, 289, 128, 15, 995.51),
(1274, 698, 34, 67, 811.28),
(1275, 968, 3, 8, 59.38),
(1276, 217, 101, 5, 690.79),
(1277, 747, 188, 38, 607.87),
(1278, 490, 153, 6, 990.28),
(1279, 857, 57, 62, 812.38),
(1280, 690, 61, 45, 27.43),
(1281, 801, 7, 72, 431.31),
(1282, 380, 198, 66, 53.82),
(1283, 542, 45, 67, 747.83),
(1284, 173, 194, 23, 955.59),
(1285, 447, 123, 54, 396.56),
(1286, 580, 39, 35, 73.13),
(1287, 999, 137, 69, 911.61),
(1288, 258, 107, 75, 699.14),
(1289, 915, 18, 83, 160.85),
(1290, 565, 174, 100, 571.85),
(1291, 210, 24, 38, 586.91),
(1292, 617, 31, 87, 819.1),
(1293, 285, 105, 10, 266.02),
(1294, 131, 26, 77, 832.26),
(1295, 528, 3, 45, 666.89),
(1296, 372, 115, 6, 697.96),
(1297, 718, 173, 92, 983.7),
(1298, 900, 86, 36, 707.08),
(1299, 27, 200, 95, 426.83),
(1300, 639, 197, 41, 594.4),
(1301, 336, 25, 93, 131.93),
(1302, 209, 71, 43, 860.31),
(1303, 938, 58, 91, 75.11),
(1304, 504, 66, 9, 270.92),
(1305, 508, 145, 77, 47.5),
(1306, 993, 103, 89, 778.89),
(1307, 290, 174, 94, 144.21),
(1308, 251, 79, 31, 219.07),
(1309, 718, 123, 4, 859.12),
(1310, 723, 35, 64, 206.91),
(1311, 856, 103, 91, 97.86),
(1312, 575, 96, 8, 445.27),
(1313, 64, 93, 90, 451.44),
(1314, 519, 155, 40, 799.72),
(1315, 473, 104, 57, 118.58),
(1316, 148, 148, 53, 790.66),
(1317, 223, 169, 95, 113.05),
(1318, 890, 118, 62, 204.64),
(1319, 716, 144, 53, 199.85),
(1320, 105, 32, 84, 945.57),
(1321, 986, 58, 53, 62.83),
(1322, 787, 61, 13, 634.71),
(1323, 149, 192, 18, 532.97),
(1324, 435, 121, 92, 766.41),
(1325, 375, 42, 24, 858.28),
(1326, 999, 101, 20, 417.14),
(1327, 500, 85, 5, 42.03),
(1328, 793, 44, 57, 480.46),
(1329, 956, 123, 26, 96.05),
(1330, 348, 81, 5, 71.91),
(1331, 572, 43, 63, 284.91),
(1332, 577, 4, 36, 83.09),
(1333, 46, 24, 80, 182.89),
(1334, 934, 56, 14, 750.95),
(1335, 729, 134, 87, 621.95),
(1336, 302, 36, 64, 757.17),
(1337, 950, 115, 59, 480.76),
(1338, 411, 149, 71, 528.27),
(1339, 14, 185, 78, 73.51),
(1340, 892, 75, 19, 529.48),
(1341, 45, 71, 56, 85.05),
(1342, 428, 64, 11, 458.8),
(1343, 595, 2, 58, 573.3),
(1344, 563, 60, 23, 372.96),
(1345, 965, 71, 60, 683.55),
(1346, 757, 188, 89, 707.47),
(1347, 262, 138, 22, 13.86),
(1348, 782, 29, 76, 304.2),
(1349, 363, 175, 21, 347.65),
(1350, 993, 38, 16, 600.05),
(1351, 150, 37, 32, 855.65),
(1352, 648, 3, 44, 929.32),
(1353, 627, 139, 37, 506.53),
(1354, 489, 161, 7, 831.93),
(1355, 561, 85, 33, 936.95),
(1356, 755, 81, 91, 803.73),
(1357, 778, 134, 65, 529.52),
(1358, 146, 115, 70, 698.84),
(1359, 467, 75, 79, 779.78),
(1360, 773, 66, 46, 178.33),
(1361, 591, 62, 34, 148.6),
(1362, 483, 167, 56, 135.27),
(1363, 889, 194, 60, 489.47),
(1364, 318, 74, 88, 253.98),
(1365, 408, 124, 79, 463.45),
(1366, 177, 19, 50, 596.14),
(1367, 610, 193, 84, 700.55),
(1368, 153, 50, 22, 351.31),
(1369, 404, 127, 32, 698.18),
(1370, 434, 24, 21, 543.98),
(1371, 571, 62, 89, 17.02),
(1372, 499, 157, 51, 750.84),
(1373, 944, 102, 26, 803.4),
(1374, 114, 51, 65, 333.95),
(1375, 516, 41, 54, 980.87),
(1376, 235, 179, 91, 908.07),
(1377, 597, 130, 96, 432.96),
(1378, 750, 171, 94, 373.42),
(1379, 958, 169, 66, 457.24),
(1380, 426, 168, 8, 890.86),
(1381, 720, 135, 55, 492.09),
(1382, 692, 121, 47, 170.52),
(1383, 228, 18, 67, 764.12),
(1384, 739, 148, 37, 391.2),
(1385, 282, 116, 78, 899.28),
(1386, 905, 168, 19, 211.09),
(1387, 266, 89, 50, 134.47),
(1388, 848, 195, 61, 945.82),
(1389, 220, 143, 93, 129.8),
(1390, 414, 197, 5, 807.65),
(1391, 554, 97, 93, 957.74),
(1392, 806, 79, 99, 373.7),
(1393, 986, 137, 41, 133.96),
(1394, 190, 106, 36, 78.22),
(1395, 556, 75, 67, 815.76),
(1396, 374, 72, 46, 27.88),
(1397, 468, 177, 6, 437.17),
(1398, 127, 83, 20, 669.53),
(1399, 886, 54, 43, 235.85),
(1400, 644, 154, 77, 36.12),
(1401, 493, 181, 60, 534.41),
(1402, 598, 80, 67, 453.96),
(1403, 198, 106, 89, 242.92),
(1404, 311, 51, 90, 30.17),
(1405, 243, 36, 91, 57.98),
(1406, 133, 106, 16, 83.83),
(1407, 409, 145, 68, 687.74),
(1408, 399, 135, 61, 304.29),
(1409, 478, 13, 14, 713.6),
(1410, 886, 198, 35, 959.95),
(1411, 905, 189, 45, 638.57),
(1412, 651, 18, 95, 413.46),
(1413, 659, 126, 83, 708.9),
(1414, 982, 58, 63, 347.03),
(1415, 855, 66, 39, 481.43),
(1416, 317, 81, 2, 982.87),
(1417, 479, 38, 40, 437.45),
(1418, 349, 192, 77, 574.38),
(1419, 723, 186, 79, 693.8),
(1420, 991, 200, 77, 460.19),
(1421, 549, 111, 70, 341.11),
(1422, 719, 119, 96, 619.9),
(1423, 188, 104, 26, 430.4),
(1424, 890, 134, 3, 159.59),
(1425, 940, 192, 70, 186.14),
(1426, 173, 151, 89, 776.75),
(1427, 257, 184, 93, 922.04),
(1428, 644, 69, 52, 995.34),
(1429, 718, 87, 10, 946.53),
(1430, 779, 81, 57, 623.9),
(1431, 665, 52, 2, 176.71),
(1432, 765, 80, 89, 968.72),
(1433, 38, 166, 89, 432.49),
(1434, 377, 63, 56, 616.89),
(1435, 1, 152, 95, 367.99),
(1436, 86, 73, 31, 692.92),
(1437, 949, 77, 11, 52.03),
(1438, 57, 183, 87, 381.59),
(1439, 523, 125, 92, 657.39),
(1440, 377, 41, 94, 334.43),
(1441, 294, 167, 42, 873.36),
(1442, 725, 111, 45, 273.72),
(1443, 204, 188, 42, 896.56),
(1444, 548, 167, 9, 669.57),
(1445, 832, 70, 44, 688.89),
(1446, 643, 137, 78, 707.47),
(1447, 253, 140, 61, 603.41),
(1448, 306, 65, 66, 415.48),
(1449, 841, 42, 64, 810.33),
(1450, 852, 34, 62, 803.65),
(1451, 493, 189, 56, 102.73),
(1452, 975, 121, 48, 991.81),
(1453, 125, 68, 100, 284.3),
(1454, 424, 9, 90, 825.23),
(1455, 392, 91, 93, 504.02),
(1456, 391, 2, 35, 229.03),
(1457, 511, 46, 24, 458.87),
(1458, 758, 127, 31, 126.96),
(1459, 946, 139, 50, 365.64),
(1460, 362, 51, 65, 259.7),
(1461, 180, 88, 31, 580.91),
(1462, 258, 17, 97, 651.23),
(1463, 757, 75, 16, 39.82),
(1464, 824, 3, 13, 630.47),
(1465, 298, 14, 89, 731.57),
(1466, 590, 71, 85, 208.98),
(1467, 24, 122, 67, 427.35),
(1468, 484, 124, 96, 32.94),
(1469, 159, 184, 86, 322.34),
(1470, 896, 83, 47, 444.76),
(1471, 956, 92, 73, 982.71),
(1472, 168, 117, 59, 560.82),
(1473, 926, 66, 16, 471.92),
(1474, 879, 49, 100, 225.81),
(1475, 29, 101, 28, 410.43),
(1476, 574, 56, 25, 205.3),
(1477, 420, 14, 12, 487.12),
(1478, 558, 103, 90, 458.95),
(1479, 180, 109, 67, 777.55),
(1480, 623, 20, 27, 729.88),
(1481, 966, 10, 49, 831.42),
(1482, 816, 62, 28, 981.83),
(1483, 863, 199, 11, 527.25),
(1484, 109, 69, 87, 781.18),
(1485, 900, 184, 91, 731.82),
(1486, 15, 39, 89, 145.68),
(1487, 751, 2, 36, 334.13),
(1488, 303, 81, 8, 104.62),
(1489, 169, 59, 58, 684.39),
(1490, 17, 136, 74, 564.03),
(1491, 922, 109, 67, 958.65),
(1492, 335, 6, 10, 319.58),
(1493, 743, 182, 63, 326.95),
(1494, 638, 55, 94, 748.94),
(1495, 550, 181, 12, 72.47),
(1496, 526, 174, 83, 636.28),
(1497, 464, 186, 50, 352.87),
(1498, 359, 109, 1, 402.08),
(1499, 447, 14, 46, 389.44),
(1500, 739, 152, 92, 307.41),
(1501, 4, 15, 95, 376.91),
(1502, 419, 113, 14, 528.29),
(1503, 55, 191, 15, 883.3),
(1504, 981, 70, 77, 227.58),
(1505, 376, 3, 79, 690.6),
(1506, 355, 33, 77, 773.88),
(1507, 664, 87, 66, 868.96),
(1508, 778, 43, 3, 745.08),
(1509, 826, 2, 18, 348.66),
(1510, 725, 85, 20, 168.44),
(1511, 845, 23, 63, 643.37),
(1512, 26, 82, 83, 394.41),
(1513, 767, 178, 27, 449.41),
(1514, 254, 198, 57, 231.02),
(1515, 13, 189, 54, 128.99),
(1516, 417, 27, 75, 146.27),
(1517, 450, 128, 5, 422.74),
(1518, 508, 169, 31, 318.45),
(1519, 727, 34, 21, 875.32),
(1520, 844, 61, 32, 786.7),
(1521, 423, 89, 96, 99.5),
(1522, 68, 75, 87, 955.91),
(1523, 16, 47, 43, 482.49),
(1524, 583, 29, 48, 217.01),
(1525, 916, 2, 24, 123.16),
(1526, 702, 28, 91, 21.24),
(1527, 256, 115, 78, 933.46),
(1528, 795, 51, 24, 758.7),
(1529, 354, 115, 68, 435.7),
(1530, 506, 131, 80, 631.53),
(1531, 608, 92, 99, 495.42),
(1532, 880, 17, 1, 883.94),
(1533, 414, 76, 19, 358.92),
(1534, 870, 29, 1, 319.81),
(1535, 554, 10, 33, 218.42),
(1536, 143, 32, 34, 31.59),
(1537, 245, 174, 81, 38.75),
(1538, 533, 196, 48, 423.65),
(1539, 970, 7, 28, 122.69),
(1540, 188, 154, 74, 510.49),
(1541, 959, 129, 23, 89.04),
(1542, 13, 135, 38, 863.52),
(1543, 384, 124, 36, 417.73),
(1544, 183, 62, 77, 92.13),
(1545, 696, 78, 91, 825.62),
(1546, 242, 162, 69, 184.84),
(1547, 255, 98, 77, 597.58),
(1548, 110, 95, 29, 782.18),
(1549, 743, 149, 54, 253.05),
(1550, 694, 142, 38, 231.44),
(1551, 899, 161, 94, 41.4),
(1552, 12, 30, 76, 599.7),
(1553, 843, 122, 73, 659.3),
(1554, 523, 50, 34, 953.08),
(1555, 900, 164, 21, 500.88),
(1556, 227, 100, 42, 64.67),
(1557, 403, 106, 97, 337.62),
(1558, 192, 172, 35, 375.39),
(1559, 924, 36, 34, 923.88),
(1560, 374, 147, 48, 773.56),
(1561, 777, 72, 53, 293.57),
(1562, 577, 148, 61, 478.24),
(1563, 11, 26, 12, 832.63),
(1564, 501, 14, 20, 602.15),
(1565, 931, 199, 3, 911.46),
(1566, 915, 30, 61, 302.17),
(1567, 284, 63, 76, 675.68),
(1568, 152, 27, 34, 30.15),
(1569, 961, 191, 95, 995.11),
(1570, 594, 153, 72, 386.1),
(1571, 153, 109, 1, 165.95),
(1572, 167, 37, 93, 616.18),
(1573, 708, 170, 39, 290.03),
(1574, 72, 149, 50, 660.48),
(1575, 373, 82, 68, 845.02),
(1576, 514, 19, 54, 241.7),
(1577, 568, 186, 41, 763.54),
(1578, 573, 58, 30, 360.64),
(1579, 238, 103, 88, 557.47),
(1580, 59, 159, 25, 269.34),
(1581, 292, 32, 85, 93.42),
(1582, 924, 182, 53, 905.48),
(1583, 824, 174, 35, 698.89),
(1584, 163, 127, 2, 875.08),
(1585, 552, 91, 13, 116.02),
(1586, 734, 56, 97, 633.19),
(1587, 566, 76, 27, 350.08),
(1588, 489, 192, 63, 83.32),
(1589, 500, 177, 53, 279.5),
(1590, 148, 153, 42, 604.04),
(1591, 887, 53, 34, 790.19),
(1592, 521, 21, 80, 143.39),
(1593, 686, 110, 43, 983.75),
(1594, 678, 149, 34, 609.96),
(1595, 93, 60, 60, 995.76),
(1596, 865, 8, 77, 822.6),
(1597, 593, 103, 13, 172.62),
(1598, 254, 59, 13, 45.24),
(1599, 529, 126, 60, 470.91),
(1600, 145, 5, 34, 301.59),
(1601, 818, 112, 2, 390.76),
(1602, 349, 158, 30, 575.77),
(1603, 853, 191, 41, 272.93),
(1604, 746, 94, 93, 606.54),
(1605, 659, 129, 49, 487.55),
(1606, 463, 119, 25, 694.1),
(1607, 868, 47, 72, 723.93),
(1608, 253, 63, 83, 302.75),
(1609, 304, 110, 65, 775.62),
(1610, 691, 154, 96, 53.46),
(1611, 786, 180, 45, 203.86),
(1612, 498, 39, 95, 626.67),
(1613, 857, 55, 94, 893.67),
(1614, 167, 86, 88, 282.64),
(1615, 94, 63, 57, 448.72),
(1616, 454, 44, 4, 274.46),
(1617, 936, 80, 47, 331.61),
(1618, 993, 160, 76, 227.14),
(1619, 442, 111, 91, 899.79),
(1620, 341, 26, 18, 463.02),
(1621, 166, 2, 28, 283.55),
(1622, 190, 175, 74, 84.93),
(1623, 24, 146, 94, 190.08),
(1624, 30, 74, 88, 946.82),
(1625, 563, 36, 70, 388.99),
(1626, 762, 176, 60, 675.04),
(1627, 534, 55, 79, 57.44),
(1628, 828, 139, 30, 624.09),
(1629, 397, 145, 67, 559.13),
(1630, 922, 72, 44, 968.63),
(1631, 876, 88, 72, 929.16),
(1632, 47, 140, 73, 549.87),
(1633, 54, 163, 33, 115.59),
(1634, 617, 153, 36, 594.03),
(1635, 961, 194, 31, 487.18),
(1636, 723, 32, 58, 605.26),
(1637, 118, 174, 60, 290.83),
(1638, 52, 135, 8, 573.35),
(1639, 218, 130, 5, 490.84),
(1640, 543, 159, 75, 129.4),
(1641, 121, 197, 46, 474.59),
(1642, 993, 33, 80, 269.46),
(1643, 104, 185, 79, 20.57),
(1644, 5, 124, 1, 253.85),
(1645, 424, 64, 91, 822.59),
(1646, 682, 58, 32, 976.58),
(1647, 784, 60, 51, 889.94),
(1648, 812, 187, 30, 599.13),
(1649, 326, 23, 33, 851.08),
(1650, 176, 14, 32, 72.49),
(1651, 758, 94, 100, 966.6),
(1652, 609, 192, 85, 740.94),
(1653, 209, 117, 48, 956.79),
(1654, 806, 54, 23, 314.45),
(1655, 361, 98, 25, 862.26),
(1656, 744, 187, 83, 106.22),
(1657, 878, 53, 58, 874.88),
(1658, 742, 115, 39, 729.3),
(1659, 144, 6, 67, 73.07),
(1660, 543, 33, 77, 410.72),
(1661, 574, 57, 100, 223.07),
(1662, 257, 192, 35, 452.64),
(1663, 715, 124, 15, 617.0),
(1664, 557, 15, 36, 202.25),
(1665, 724, 156, 53, 646.18),
(1666, 30, 158, 79, 693.57),
(1667, 511, 200, 33, 80.65),
(1668, 172, 105, 54, 526.38),
(1669, 470, 28, 72, 575.03),
(1670, 247, 154, 59, 762.0),
(1671, 301, 93, 55, 905.62),
(1672, 27, 48, 83, 560.51),
(1673, 349, 12, 71, 637.52),
(1674, 224, 57, 80, 737.28),
(1675, 863, 193, 6, 966.44),
(1676, 856, 28, 4, 318.73),
(1677, 868, 156, 99, 982.32),
(1678, 81, 106, 55, 894.65),
(1679, 271, 183, 65, 23.33),
(1680, 823, 137, 60, 68.27),
(1681, 916, 137, 41, 534.33),
(1682, 885, 127, 67, 535.98),
(1683, 205, 32, 73, 312.82),
(1684, 277, 122, 64, 23.5),
(1685, 984, 127, 75, 871.77),
(1686, 482, 174, 36, 143.15),
(1687, 522, 84, 21, 361.17),
(1688, 234, 185, 50, 704.98),
(1689, 388, 90, 80, 673.17),
(1690, 803, 49, 13, 275.96),
(1691, 359, 28, 68, 978.15),
(1692, 359, 182, 70, 216.38),
(1693, 157, 182, 82, 824.99),
(1694, 387, 56, 75, 576.85),
(1695, 108, 58, 70, 607.16),
(1696, 338, 101, 20, 659.98),
(1697, 57, 175, 87, 220.48),
(1698, 486, 104, 23, 634.9),
(1699, 858, 122, 66, 271.31),
(1700, 322, 136, 44, 101.04),
(1701, 440, 73, 81, 786.9),
(1702, 838, 10, 64, 928.84),
(1703, 591, 189, 79, 142.5),
(1704, 374, 83, 34, 817.08),
(1705, 489, 53, 19, 434.1),
(1706, 540, 142, 10, 889.48),
(1707, 591, 81, 10, 67.29),
(1708, 390, 168, 85, 876.24),
(1709, 383, 23, 86, 931.57),
(1710, 788, 42, 38, 46.13),
(1711, 656, 95, 60, 313.87),
(1712, 932, 18, 8, 668.31),
(1713, 997, 55, 97, 951.8),
(1714, 712, 37, 11, 766.42),
(1715, 128, 21, 24, 523.94),
(1716, 446, 12, 41, 139.36),
(1717, 489, 170, 58, 58.57),
(1718, 51, 59, 61, 520.61),
(1719, 405, 156, 98, 263.35),
(1720, 166, 78, 75, 11.04),
(1721, 988, 112, 84, 844.42),
(1722, 323, 40, 63, 373.77),
(1723, 122, 102, 20, 604.91),
(1724, 846, 90, 14, 226.82),
(1725, 755, 114, 89, 804.97),
(1726, 231, 100, 97, 111.04),
(1727, 62, 84, 20, 784.05),
(1728, 965, 9, 68, 977.8),
(1729, 662, 95, 85, 741.31),
(1730, 562, 149, 28, 288.15),
(1731, 570, 40, 67, 70.1),
(1732, 58, 51, 64, 900.22),
(1733, 743, 6, 42, 459.93),
(1734, 931, 44, 41, 523.82),
(1735, 257, 26, 60, 312.48),
(1736, 763, 100, 74, 921.83),
(1737, 625, 80, 60, 871.79),
(1738, 470, 108, 72, 530.21),
(1739, 290, 140, 83, 885.01),
(1740, 533, 100, 66, 392.9),
(1741, 506, 115, 63, 74.41),
(1742, 643, 129, 100, 515.03),
(1743, 815, 98, 43, 115.35),
(1744, 577, 143, 85, 242.13),
(1745, 239, 134, 79, 210.26),
(1746, 964, 104, 11, 504.38),
(1747, 883, 124, 33, 408.75),
(1748, 527, 131, 67, 839.82),
(1749, 232, 179, 44, 69.73),
(1750, 748, 30, 23, 747.06),
(1751, 871, 67, 12, 598.87),
(1752, 24, 186, 47, 33.91),
(1753, 490, 140, 56, 968.89),
(1754, 160, 9, 1, 674.39),
(1755, 204, 90, 80, 157.02),
(1756, 283, 71, 71, 879.96),
(1757, 698, 138, 22, 329.21),
(1758, 1, 196, 70, 230.35),
(1759, 474, 3, 6, 709.08),
(1760, 649, 114, 31, 718.17),
(1761, 637, 112, 71, 393.74),
(1762, 621, 89, 6, 243.78),
(1763, 873, 153, 26, 456.66),
(1764, 20, 66, 41, 250.2),
(1765, 566, 133, 38, 548.85),
(1766, 197, 182, 26, 437.3),
(1767, 46, 132, 93, 773.91),
(1768, 31, 46, 53, 10.43),
(1769, 753, 140, 95, 796.32),
(1770, 375, 12, 87, 338.32),
(1771, 715, 177, 45, 760.13),
(1772, 678, 126, 73, 286.05),
(1773, 800, 49, 46, 544.72),
(1774, 444, 148, 31, 637.04),
(1775, 134, 188, 64, 56.99),
(1776, 772, 28, 55, 666.33),
(1777, 607, 111, 91, 159.11),
(1778, 705, 103, 63, 356.74),
(1779, 957, 149, 20, 124.8),
(1780, 848, 12, 86, 809.41),
(1781, 650, 68, 77, 759.24),
(1782, 70, 162, 7, 511.08),
(1783, 346, 175, 39, 796.79),
(1784, 464, 198, 11, 657.33),
(1785, 421, 182, 61, 161.01),
(1786, 610, 79, 13, 494.02),
(1787, 98, 63, 93, 135.48),
(1788, 6, 97, 89, 487.15),
(1789, 479, 73, 41, 362.84),
(1790, 952, 66, 52, 292.6),
(1791, 90, 41, 85, 596.53),
(1792, 131, 163, 60, 518.02),
(1793, 253, 152, 66, 703.73),
(1794, 854, 42, 78, 67.35),
(1795, 960, 29, 94, 209.67),
(1796, 560, 189, 92, 689.05),
(1797, 410, 84, 81, 298.53),
(1798, 622, 108, 78, 167.53),
(1799, 84, 12, 17, 122.17),
(1800, 539, 37, 24, 136.32),
(1801, 388, 175, 92, 424.47),
(1802, 941, 171, 65, 965.29),
(1803, 67, 153, 2, 276.94),
(1804, 237, 19, 88, 675.07),
(1805, 114, 166, 48, 687.56),
(1806, 228, 15, 66, 387.87),
(1807, 875, 30, 67, 783.49),
(1808, 182, 54, 12, 807.36),
(1809, 428, 32, 16, 977.85),
(1810, 407, 111, 23, 293.7),
(1811, 436, 101, 33, 12.13),
(1812, 354, 198, 42, 448.01),
(1813, 300, 170, 19, 480.37),
(1814, 673, 31, 12, 199.66),
(1815, 403, 123, 29, 490.91),
(1816, 226, 25, 62, 665.21),
(1817, 608, 50, 34, 231.09),
(1818, 12, 170, 41, 692.6),
(1819, 995, 71, 81, 318.68),
(1820, 742, 20, 32, 359.47),
(1821, 382, 4, 66, 207.04),
(1822, 385, 125, 48, 524.65),
(1823, 44, 15, 50, 567.6),
(1824, 542, 163, 3, 495.19),
(1825, 111, 21, 11, 999.23),
(1826, 482, 104, 90, 285.69),
(1827, 901, 182, 82, 256.53),
(1828, 322, 196, 55, 886.63),
(1829, 258, 142, 26, 440.17),
(1830, 362, 80, 25, 268.92),
(1831, 263, 200, 71, 395.89),
(1832, 849, 134, 78, 112.33),
(1833, 453, 128, 93, 883.91),
(1834, 466, 57, 42, 65.26),
(1835, 43, 184, 74, 977.64),
(1836, 505, 131, 81, 204.62),
(1837, 342, 134, 44, 911.38),
(1838, 422, 130, 55, 396.79),
(1839, 344, 91, 73, 137.11),
(1840, 437, 147, 16, 444.52),
(1841, 350, 55, 84, 110.61),
(1842, 908, 139, 94, 611.74),
(1843, 926, 143, 95, 191.54),
(1844, 711, 150, 14, 458.75),
(1845, 288, 162, 14, 114.97),
(1846, 365, 83, 78, 213.45),
(1847, 302, 1, 94, 927.29),
(1848, 618, 191, 45, 375.13),
(1849, 1, 156, 72, 923.79),
(1850, 552, 124, 6, 135.66),
(1851, 440, 116, 100, 275.83),
(1852, 697, 81, 56, 54.07),
(1853, 784, 130, 74, 473.51),
(1854, 25, 161, 79, 780.0),
(1855, 703, 77, 35, 904.65),
(1856, 686, 136, 94, 170.97),
(1857, 559, 35, 46, 943.87),
(1858, 699, 82, 6, 376.72),
(1859, 951, 116, 20, 939.3),
(1860, 177, 156, 6, 259.14),
(1861, 178, 64, 11, 755.4),
(1862, 231, 67, 94, 39.27),
(1863, 825, 108, 47, 116.7),
(1864, 430, 35, 8, 843.92),
(1865, 969, 83, 22, 151.74),
(1866, 662, 175, 86, 204.42),
(1867, 144, 56, 66, 488.83),
(1868, 591, 94, 91, 500.56),
(1869, 944, 155, 68, 982.96),
(1870, 503, 132, 67, 323.9),
(1871, 953, 181, 90, 707.37),
(1872, 422, 77, 30, 802.34),
(1873, 890, 31, 56, 355.54),
(1874, 936, 41, 36, 421.84),
(1875, 72, 30, 4, 500.84),
(1876, 370, 50, 82, 876.66),
(1877, 551, 30, 81, 170.98),
(1878, 286, 192, 26, 768.96),
(1879, 698, 199, 30, 922.2),
(1880, 595, 193, 32, 828.46),
(1881, 653, 67, 17, 164.04),
(1882, 32, 6, 83, 99.71),
(1883, 449, 173, 10, 362.5),
(1884, 705, 34, 65, 927.03),
(1885, 272, 6, 63, 45.85),
(1886, 29, 94, 70, 39.01),
(1887, 638, 169, 48, 30.35),
(1888, 224, 153, 69, 547.08),
(1889, 419, 84, 60, 444.62),
(1890, 696, 178, 38, 640.62),
(1891, 107, 155, 90, 622.16),
(1892, 634, 8, 73, 410.75),
(1893, 963, 185, 44, 870.06),
(1894, 909, 154, 25, 687.61),
(1895, 539, 121, 20, 53.94),
(1896, 41, 26, 58, 948.68),
(1897, 75, 187, 22, 757.24),
(1898, 184, 88, 37, 923.32),
(1899, 237, 67, 43, 313.44),
(1900, 554, 7, 80, 213.99),
(1901, 545, 198, 30, 912.8),
(1902, 760, 5, 44, 487.06),
(1903, 869, 138, 61, 487.88),
(1904, 526, 109, 39, 822.06),
(1905, 641, 44, 34, 729.18),
(1906, 446, 166, 27, 101.9),
(1907, 320, 128, 18, 292.04),
(1908, 565, 11, 53, 234.93),
(1909, 360, 190, 92, 585.38),
(1910, 357, 183, 82, 124.29),
(1911, 857, 142, 15, 709.02),
(1912, 867, 1, 40, 368.78),
(1913, 808, 143, 69, 242.69),
(1914, 23, 91, 28, 92.76),
(1915, 955, 75, 10, 497.87),
(1916, 904, 25, 60, 41.81),
(1917, 843, 45, 27, 306.58),
(1918, 537, 85, 80, 979.51),
(1919, 928, 121, 11, 422.19),
(1920, 885, 83, 68, 525.65),
(1921, 430, 126, 92, 611.58),
(1922, 661, 80, 48, 255.45),
(1923, 949, 123, 49, 567.47),
(1924, 301, 104, 84, 366.4),
(1925, 42, 48, 5, 670.11),
(1926, 156, 2, 14, 968.93),
(1927, 754, 34, 68, 425.76),
(1928, 865, 61, 50, 376.37),
(1929, 470, 140, 4, 923.34),
(1930, 6, 32, 99, 291.42),
(1931, 528, 134, 71, 787.87),
(1932, 768, 4, 99, 31.49),
(1933, 639, 47, 67, 450.25),
(1934, 233, 112, 21, 759.73),
(1935, 455, 159, 53, 763.05),
(1936, 883, 15, 82, 611.2),
(1937, 917, 143, 44, 653.83),
(1938, 636, 59, 56, 697.69),
(1939, 83, 101, 72, 792.12),
(1940, 780, 16, 28, 630.52),
(1941, 604, 99, 31, 439.64),
(1942, 580, 154, 57, 382.37),
(1943, 683, 30, 94, 592.39),
(1944, 64, 180, 15, 755.98),
(1945, 269, 80, 12, 301.97),
(1946, 512, 170, 82, 142.3),
(1947, 256, 114, 16, 418.75),
(1948, 999, 165, 86, 233.61),
(1949, 411, 59, 39, 288.76),
(1950, 768, 155, 4, 821.09),
(1951, 256, 10, 59, 920.7),
(1952, 846, 130, 73, 283.73),
(1953, 412, 180, 80, 888.85),
(1954, 606, 126, 47, 580.22),
(1955, 926, 46, 72, 433.3),
(1956, 26, 137, 1, 193.93),
(1957, 852, 131, 61, 591.51),
(1958, 843, 20, 26, 70.4),
(1959, 359, 182, 73, 34.2),
(1960, 408, 154, 29, 603.43),
(1961, 46, 23, 24, 574.0),
(1962, 522, 61, 88, 731.71),
(1963, 801, 105, 52, 946.31),
(1964, 199, 134, 15, 786.83),
(1965, 157, 140, 87, 16.13),
(1966, 797, 21, 84, 873.0),
(1967, 159, 116, 70, 657.66),
(1968, 451, 119, 18, 786.62),
(1969, 902, 37, 86, 477.8),
(1970, 367, 38, 95, 282.83),
(1971, 727, 192, 46, 942.67),
(1972, 471, 46, 5, 464.49),
(1973, 278, 180, 43, 917.93),
(1974, 527, 24, 53, 169.91),
(1975, 454, 192, 73, 111.05),
(1976, 471, 85, 31, 402.83),
(1977, 572, 122, 23, 230.92),
(1978, 855, 115, 2, 757.01),
(1979, 44, 33, 61, 403.31),
(1980, 310, 150, 49, 930.9),
(1981, 926, 133, 46, 626.86),
(1982, 811, 91, 17, 920.89),
(1983, 899, 83, 80, 34.28),
(1984, 826, 95, 97, 79.34),
(1985, 503, 124, 40, 86.46),
(1986, 274, 178, 78, 120.72),
(1987, 147, 57, 61, 307.89),
(1988, 700, 62, 35, 718.69),
(1989, 454, 6, 62, 313.13),
(1990, 208, 21, 10, 277.34),
(1991, 598, 192, 2, 156.3),
(1992, 463, 30, 71, 942.7),
(1993, 360, 101, 87, 843.64),
(1994, 304, 78, 98, 493.1),
(1995, 518, 51, 65, 107.31),
(1996, 805, 191, 43, 196.3),
(1997, 903, 95, 84, 340.57),
(1998, 63, 75, 69, 80.54),
(1999, 917, 144, 22, 655.6),
(2000, 812, 158, 10, 523.45),
(2001, 202, 78, 25, 766.49),
(2002, 629, 88, 51, 881.21),
(2003, 560, 11, 90, 681.4),
(2004, 644, 70, 44, 856.61),
(2005, 149, 80, 7, 267.2),
(2006, 575, 166, 31, 938.29),
(2007, 258, 116, 98, 894.01),
(2008, 694, 167, 25, 323.33),
(2009, 314, 198, 4, 17.5),
(2010, 457, 190, 53, 22.74),
(2011, 222, 108, 54, 346.12),
(2012, 408, 165, 71, 672.99),
(2013, 798, 67, 43, 611.15),
(2014, 680, 197, 70, 125.29),
(2015, 384, 90, 40, 966.76),
(2016, 469, 178, 94, 886.27),
(2017, 943, 192, 43, 433.56),
(2018, 340, 193, 40, 310.09),
(2019, 683, 176, 25, 920.07),
(2020, 315, 182, 72, 247.09),
(2021, 542, 77, 99, 278.08),
(2022, 532, 3, 92, 863.22),
(2023, 768, 53, 54, 974.56),
(2024, 819, 141, 91, 445.79),
(2025, 584, 49, 7, 152.88),
(2026, 281, 118, 33, 588.9),
(2027, 895, 77, 13, 166.85),
(2028, 574, 91, 18, 739.75),
(2029, 838, 54, 30, 613.79),
(2030, 152, 140, 1, 95.41),
(2031, 183, 143, 77, 94.42),
(2032, 685, 166, 12, 455.16),
(2033, 457, 29, 99, 868.55),
(2034, 142, 140, 67, 432.46),
(2035, 746, 98, 32, 695.25),
(2036, 375, 13, 62, 647.1),
(2037, 980, 189, 60, 951.22),
(2038, 431, 120, 100, 26.56),
(2039, 11, 54, 61, 546.17),
(2040, 400, 113, 71, 295.57),
(2041, 283, 116, 56, 346.73),
(2042, 707, 110, 30, 610.53),
(2043, 959, 98, 9, 225.95),
(2044, 30, 133, 90, 314.21),
(2045, 601, 136, 30, 566.24),
(2046, 218, 77, 88, 750.49),
(2047, 800, 115, 64, 619.37),
(2048, 622, 77, 79, 210.83),
(2049, 7, 187, 87, 181.83),
(2050, 646, 13, 42, 15.68),
(2051, 608, 87, 29, 662.2),
(2052, 851, 85, 99, 981.95),
(2053, 48, 121, 41, 342.95),
(2054, 672, 177, 74, 448.78),
(2055, 771, 134, 31, 151.29),
(2056, 525, 48, 77, 661.88),
(2057, 700, 90, 50, 905.76),
(2058, 911, 94, 44, 633.91),
(2059, 446, 116, 78, 685.94),
(2060, 760, 27, 74, 376.95),
(2061, 714, 44, 38, 170.48),
(2062, 448, 15, 88, 981.54),
(2063, 304, 26, 26, 881.03),
(2064, 637, 114, 32, 374.9),
(2065, 734, 121, 88, 666.91),
(2066, 439, 151, 57, 947.59),
(2067, 776, 38, 94, 725.58),
(2068, 861, 21, 70, 261.35),
(2069, 804, 148, 84, 217.55),
(2070, 170, 91, 38, 840.9),
(2071, 910, 199, 79, 991.3),
(2072, 863, 31, 49, 618.27),
(2073, 408, 63, 75, 825.16),
(2074, 302, 58, 19, 302.84),
(2075, 456, 72, 62, 643.05),
(2076, 677, 55, 86, 784.07),
(2077, 415, 148, 2, 463.13),
(2078, 800, 157, 3, 817.84),
(2079, 977, 50, 90, 599.0),
(2080, 408, 97, 96, 828.6),
(2081, 950, 103, 76, 71.93),
(2082, 276, 150, 70, 682.69),
(2083, 766, 40, 97, 80.7),
(2084, 68, 156, 27, 691.3),
(2085, 554, 34, 44, 702.75),
(2086, 146, 35, 61, 19.28),
(2087, 418, 176, 56, 658.17),
(2088, 30, 174, 13, 641.79),
(2089, 616, 172, 58, 206.31),
(2090, 225, 163, 49, 783.75),
(2091, 344, 179, 78, 305.12),
(2092, 806, 70, 81, 732.61),
(2093, 325, 118, 11, 205.71),
(2094, 998, 63, 55, 886.69),
(2095, 138, 180, 68, 546.84),
(2096, 89, 55, 76, 31.99),
(2097, 409, 17, 59, 786.39),
(2098, 499, 77, 46, 316.17),
(2099, 470, 13, 54, 327.3),
(2100, 397, 61, 73, 181.17),
(2101, 803, 50, 56, 324.01),
(2102, 539, 31, 20, 563.32),
(2103, 152, 157, 40, 762.24),
(2104, 15, 53, 8, 510.4),
(2105, 612, 155, 1, 378.79),
(2106, 997, 107, 28, 532.68),
(2107, 141, 197, 100, 780.09),
(2108, 129, 124, 2, 819.45),
(2109, 453, 190, 27, 31.56),
(2110, 502, 140, 63, 554.7),
(2111, 518, 171, 2, 432.52),
(2112, 571, 168, 71, 560.67),
(2113, 576, 186, 43, 358.17),
(2114, 428, 48, 19, 234.11),
(2115, 581, 25, 57, 570.41),
(2116, 114, 163, 25, 748.28),
(2117, 396, 38, 3, 994.91),
(2118, 504, 3, 26, 710.26),
(2119, 581, 49, 29, 373.08),
(2120, 345, 152, 33, 340.06),
(2121, 631, 101, 43, 191.79),
(2122, 903, 113, 56, 908.69),
(2123, 273, 181, 31, 289.4),
(2124, 943, 9, 86, 131.26),
(2125, 315, 68, 68, 516.38),
(2126, 715, 179, 24, 278.26),
(2127, 610, 51, 26, 830.5),
(2128, 311, 170, 9, 810.65),
(2129, 723, 40, 66, 63.76),
(2130, 245, 178, 32, 395.66),
(2131, 240, 25, 8, 332.07),
(2132, 784, 61, 86, 392.95),
(2133, 632, 11, 62, 282.28),
(2134, 755, 123, 65, 279.79),
(2135, 791, 164, 10, 950.11),
(2136, 379, 145, 44, 250.09),
(2137, 510, 186, 81, 770.26),
(2138, 536, 47, 42, 776.4),
(2139, 806, 153, 45, 120.1),
(2140, 177, 64, 79, 440.36),
(2141, 5, 67, 54, 164.62),
(2142, 403, 61, 27, 549.8),
(2143, 134, 124, 68, 497.62),
(2144, 240, 130, 78, 453.9),
(2145, 342, 144, 86, 886.85),
(2146, 77, 188, 57, 115.27),
(2147, 637, 144, 93, 650.79),
(2148, 154, 72, 9, 178.74),
(2149, 120, 150, 42, 130.31),
(2150, 890, 94, 86, 61.85),
(2151, 456, 161, 32, 929.31),
(2152, 277, 40, 37, 843.35),
(2153, 275, 111, 61, 319.94),
(2154, 971, 183, 17, 151.36),
(2155, 574, 75, 94, 507.07),
(2156, 143, 124, 36, 794.36),
(2157, 184, 45, 45, 645.24),
(2158, 384, 166, 9, 766.9),
(2159, 674, 157, 5, 102.76),
(2160, 613, 91, 70, 109.72),
(2161, 738, 52, 72, 740.02),
(2162, 946, 171, 38, 791.66),
(2163, 147, 140, 99, 572.46),
(2164, 623, 53, 94, 177.08),
(2165, 586, 39, 71, 378.86),
(2166, 659, 7, 70, 322.65),
(2167, 308, 8, 69, 930.0),
(2168, 736, 86, 77, 797.59),
(2169, 200, 39, 25, 665.56),
(2170, 351, 91, 69, 936.19),
(2171, 632, 4, 5, 920.92),
(2172, 406, 116, 83, 938.47),
(2173, 306, 126, 93, 207.52),
(2174, 429, 84, 68, 535.74),
(2175, 337, 198, 75, 162.41),
(2176, 336, 25, 22, 518.15),
(2177, 509, 42, 66, 617.28),
(2178, 967, 109, 65, 277.66),
(2179, 700, 143, 72, 715.94),
(2180, 149, 143, 80, 685.21),
(2181, 926, 121, 92, 775.88),
(2182, 554, 184, 36, 403.81),
(2183, 928, 121, 55, 91.04),
(2184, 902, 83, 48, 926.67),
(2185, 738, 8, 42, 983.6),
(2186, 75, 121, 91, 509.79),
(2187, 206, 22, 74, 590.54),
(2188, 818, 182, 67, 468.42),
(2189, 829, 48, 100, 389.02),
(2190, 364, 23, 64, 717.59),
(2191, 468, 99, 94, 166.56),
(2192, 356, 17, 56, 13.64),
(2193, 744, 34, 48, 962.89),
(2194, 273, 169, 20, 175.78),
(2195, 943, 111, 45, 670.74),
(2196, 382, 70, 81, 952.84),
(2197, 789, 158, 31, 517.56),
(2198, 51, 58, 38, 94.65),
(2199, 329, 38, 3, 467.82),
(2200, 180, 82, 49, 972.17),
(2201, 149, 26, 67, 677.99),
(2202, 9, 113, 49, 978.67),
(2203, 257, 133, 17, 960.14),
(2204, 564, 197, 28, 202.19),
(2205, 203, 96, 80, 314.43),
(2206, 428, 44, 65, 333.4),
(2207, 899, 131, 2, 926.69),
(2208, 129, 88, 7, 173.44),
(2209, 481, 163, 67, 468.72),
(2210, 476, 26, 11, 507.83),
(2211, 485, 50, 43, 652.14),
(2212, 687, 41, 13, 734.4),
(2213, 79, 144, 33, 858.52),
(2214, 610, 162, 35, 876.05),
(2215, 891, 165, 73, 379.7),
(2216, 55, 21, 23, 709.96),
(2217, 734, 186, 95, 406.61),
(2218, 455, 65, 52, 330.79),
(2219, 48, 148, 4, 372.53),
(2220, 271, 188, 38, 84.65),
(2221, 467, 43, 56, 981.53),
(2222, 277, 45, 7, 747.07),
(2223, 456, 94, 93, 782.58),
(2224, 824, 14, 52, 391.75),
(2225, 313, 138, 44, 818.1),
(2226, 754, 154, 57, 798.55),
(2227, 993, 127, 79, 84.37),
(2228, 755, 89, 65, 313.75),
(2229, 881, 133, 36, 595.59),
(2230, 914, 32, 9, 434.81),
(2231, 457, 70, 41, 410.86),
(2232, 699, 66, 70, 275.37),
(2233, 607, 60, 67, 972.56),
(2234, 180, 181, 24, 236.49),
(2235, 522, 76, 40, 898.12),
(2236, 751, 124, 25, 817.21),
(2237, 212, 23, 53, 77.08),
(2238, 817, 89, 52, 319.66),
(2239, 342, 33, 62, 197.42),
(2240, 763, 127, 9, 852.7),
(2241, 735, 199, 80, 815.77),
(2242, 471, 86, 71, 543.42),
(2243, 843, 8, 94, 648.58),
(2244, 234, 19, 25, 349.21),
(2245, 835, 176, 11, 592.23),
(2246, 61, 104, 18, 510.33),
(2247, 996, 186, 86, 87.81),
(2248, 260, 158, 26, 716.29),
(2249, 258, 184, 42, 933.98),
(2250, 265, 88, 62, 941.82),
(2251, 760, 115, 42, 512.54),
(2252, 836, 20, 17, 92.6),
(2253, 613, 15, 83, 121.32),
(2254, 738, 28, 11, 367.86),
(2255, 348, 176, 3, 160.56),
(2256, 532, 157, 100, 227.42),
(2257, 751, 178, 64, 945.72),
(2258, 650, 171, 82, 378.61),
(2259, 536, 31, 32, 551.92),
(2260, 309, 66, 84, 950.68),
(2261, 190, 58, 34, 943.9),
(2262, 557, 195, 72, 807.76),
(2263, 782, 144, 27, 440.55),
(2264, 767, 170, 97, 336.41),
(2265, 143, 143, 92, 769.64),
(2266, 629, 13, 50, 181.38),
(2267, 530, 183, 7, 767.83),
(2268, 767, 142, 15, 188.01),
(2269, 778, 112, 91, 963.45),
(2270, 932, 164, 92, 831.82),
(2271, 792, 112, 30, 574.48),
(2272, 948, 117, 27, 52.87),
(2273, 547, 174, 27, 366.07),
(2274, 147, 77, 46, 770.45),
(2275, 199, 96, 21, 549.89),
(2276, 629, 171, 53, 932.71),
(2277, 567, 68, 92, 105.91),
(2278, 700, 97, 78, 730.43),
(2279, 670, 154, 13, 116.9),
(2280, 130, 72, 14, 411.92),
(2281, 499, 58, 53, 996.86),
(2282, 924, 3, 44, 993.52),
(2283, 390, 66, 68, 628.37),
(2284, 61, 25, 18, 900.1),
(2285, 973, 37, 69, 925.09),
(2286, 1, 181, 55, 187.32),
(2287, 95, 108, 29, 153.83),
(2288, 639, 144, 78, 674.5),
(2289, 110, 60, 40, 562.12),
(2290, 841, 2, 87, 348.0),
(2291, 845, 104, 44, 680.14),
(2292, 70, 51, 83, 937.84),
(2293, 686, 87, 48, 525.21),
(2294, 504, 130, 7, 437.66),
(2295, 251, 72, 92, 546.09),
(2296, 702, 194, 3, 823.77),
(2297, 501, 65, 61, 674.82),
(2298, 221, 24, 53, 378.81),
(2299, 489, 138, 84, 612.65),
(2300, 208, 21, 3, 632.82),
(2301, 663, 61, 19, 373.08),
(2302, 152, 132, 92, 561.79),
(2303, 951, 175, 11, 502.92),
(2304, 794, 13, 56, 226.42),
(2305, 559, 28, 10, 836.65),
(2306, 445, 83, 39, 449.02),
(2307, 867, 193, 9, 996.97),
(2308, 962, 102, 23, 425.55),
(2309, 17, 113, 18, 879.36),
(2310, 144, 1, 58, 552.54),
(2311, 910, 150, 55, 882.62),
(2312, 449, 101, 24, 968.22),
(2313, 389, 59, 59, 890.27),
(2314, 837, 5, 76, 430.56),
(2315, 740, 25, 89, 205.95),
(2316, 725, 101, 35, 42.2),
(2317, 406, 78, 69, 712.96),
(2318, 100, 104, 52, 780.8),
(2319, 55, 147, 48, 742.98),
(2320, 588, 19, 98, 897.34),
(2321, 554, 89, 6, 794.18),
(2322, 282, 151, 64, 34.64),
(2323, 449, 76, 33, 370.55),
(2324, 866, 30, 91, 493.34),
(2325, 260, 121, 22, 349.18),
(2326, 950, 127, 7, 373.36),
(2327, 120, 88, 31, 269.09),
(2328, 106, 156, 14, 372.08),
(2329, 600, 100, 12, 13.84),
(2330, 375, 170, 51, 326.66),
(2331, 140, 192, 43, 536.07),
(2332, 746, 138, 11, 241.83),
(2333, 608, 133, 2, 931.99),
(2334, 201, 45, 96, 231.26),
(2335, 94, 130, 20, 730.76),
(2336, 1, 152, 62, 349.98),
(2337, 369, 106, 30, 539.35),
(2338, 823, 81, 55, 893.5),
(2339, 868, 139, 75, 727.74),
(2340, 351, 4, 76, 14.04),
(2341, 110, 61, 84, 299.85),
(2342, 480, 150, 27, 979.07),
(2343, 590, 94, 53, 915.97),
(2344, 968, 9, 24, 673.06),
(2345, 91, 180, 67, 510.28),
(2346, 982, 10, 10, 952.48),
(2347, 139, 83, 96, 796.34),
(2348, 373, 95, 16, 603.85),
(2349, 872, 140, 92, 530.19),
(2350, 262, 56, 65, 579.25),
(2351, 149, 33, 64, 947.74),
(2352, 554, 174, 39, 253.85),
(2353, 715, 40, 11, 861.76),
(2354, 622, 97, 39, 686.57),
(2355, 542, 97, 58, 325.17),
(2356, 63, 110, 13, 454.06),
(2357, 437, 20, 67, 105.71),
(2358, 881, 120, 2, 723.47),
(2359, 922, 194, 60, 138.28),
(2360, 754, 57, 100, 714.75),
(2361, 146, 75, 86, 960.35),
(2362, 236, 46, 98, 54.03),
(2363, 90, 1, 86, 96.89),
(2364, 227, 15, 29, 379.11),
(2365, 475, 86, 61, 467.78),
(2366, 585, 22, 8, 814.13),
(2367, 529, 58, 32, 587.21),
(2368, 567, 125, 24, 391.95),
(2369, 925, 194, 4, 230.49),
(2370, 39, 96, 46, 243.58),
(2371, 277, 40, 87, 845.5),
(2372, 841, 33, 32, 193.09),
(2373, 264, 169, 9, 763.46),
(2374, 652, 107, 93, 366.8),
(2375, 453, 28, 86, 409.75),
(2376, 94, 139, 18, 920.6),
(2377, 316, 61, 16, 174.85),
(2378, 408, 80, 74, 969.99),
(2379, 877, 101, 8, 515.41),
(2380, 853, 104, 90, 522.99),
(2381, 214, 57, 10, 750.64),
(2382, 951, 151, 63, 480.51),
(2383, 62, 3, 87, 589.89),
(2384, 147, 173, 45, 694.09),
(2385, 46, 6, 95, 66.55),
(2386, 480, 60, 72, 34.82),
(2387, 320, 116, 26, 174.8),
(2388, 874, 16, 95, 964.91),
(2389, 313, 15, 98, 381.32),
(2390, 131, 160, 46, 734.19),
(2391, 750, 162, 48, 41.86),
(2392, 785, 122, 48, 333.0),
(2393, 241, 2, 79, 168.09),
(2394, 990, 5, 60, 874.38),
(2395, 243, 127, 3, 603.12),
(2396, 56, 70, 83, 125.65),
(2397, 493, 83, 18, 495.84),
(2398, 783, 186, 9, 262.66),
(2399, 188, 38, 46, 415.43),
(2400, 353, 2, 99, 341.63),
(2401, 332, 45, 84, 562.44),
(2402, 983, 129, 14, 662.69),
(2403, 558, 97, 2, 615.69),
(2404, 689, 154, 9, 675.43),
(2405, 377, 71, 46, 900.01),
(2406, 668, 68, 95, 887.79),
(2407, 888, 194, 35, 663.36),
(2408, 575, 65, 24, 947.31),
(2409, 848, 48, 36, 354.94),
(2410, 669, 30, 58, 473.05),
(2411, 932, 150, 84, 979.0),
(2412, 948, 185, 32, 826.82),
(2413, 304, 22, 88, 843.95),
(2414, 299, 2, 83, 853.66),
(2415, 898, 84, 18, 39.55),
(2416, 587, 153, 5, 870.41),
(2417, 770, 96, 54, 457.86),
(2418, 401, 199, 79, 572.82),
(2419, 130, 29, 100, 568.36),
(2420, 254, 136, 99, 508.83),
(2421, 714, 107, 35, 275.06),
(2422, 879, 32, 31, 719.01),
(2423, 496, 151, 6, 912.47),
(2424, 396, 35, 49, 181.22),
(2425, 159, 102, 60, 222.7),
(2426, 716, 66, 80, 463.82),
(2427, 210, 110, 93, 169.63),
(2428, 200, 187, 48, 849.25),
(2429, 321, 149, 56, 525.4),
(2430, 770, 96, 9, 763.87),
(2431, 559, 104, 80, 732.91),
(2432, 624, 20, 8, 564.88),
(2433, 146, 2, 19, 770.0),
(2434, 516, 129, 18, 356.38),
(2435, 657, 146, 11, 138.69),
(2436, 309, 86, 66, 566.47),
(2437, 382, 21, 78, 729.87),
(2438, 463, 67, 91, 37.07),
(2439, 21, 195, 27, 453.04),
(2440, 270, 191, 71, 247.6),
(2441, 827, 13, 19, 673.15),
(2442, 710, 169, 98, 759.94),
(2443, 379, 200, 61, 752.53),
(2444, 562, 105, 13, 739.88),
(2445, 722, 16, 22, 450.67),
(2446, 773, 9, 35, 719.73),
(2447, 762, 7, 38, 664.93),
(2448, 143, 183, 85, 459.87),
(2449, 594, 2, 33, 987.51),
(2450, 126, 168, 43, 576.95),
(2451, 768, 68, 24, 25.69),
(2452, 976, 163, 67, 637.58),
(2453, 623, 161, 69, 605.23),
(2454, 931, 36, 52, 451.83),
(2455, 753, 105, 44, 285.71),
(2456, 63, 92, 33, 418.6),
(2457, 695, 13, 67, 374.37),
(2458, 785, 124, 57, 798.74),
(2459, 75, 9, 25, 951.41),
(2460, 310, 91, 4, 719.15),
(2461, 937, 75, 56, 745.04),
(2462, 900, 102, 97, 406.42),
(2463, 554, 161, 56, 986.76),
(2464, 948, 70, 29, 692.86),
(2465, 394, 159, 24, 970.11),
(2466, 541, 20, 66, 605.03),
(2467, 593, 31, 43, 537.93),
(2468, 53, 169, 9, 905.21),
(2469, 391, 53, 59, 182.49),
(2470, 808, 97, 71, 22.63),
(2471, 63, 43, 95, 167.68),
(2472, 59, 42, 73, 940.47),
(2473, 680, 167, 79, 17.16),
(2474, 51, 29, 58, 208.48),
(2475, 564, 3, 71, 89.67),
(2476, 633, 130, 96, 151.03),
(2477, 464, 187, 55, 803.58),
(2478, 337, 144, 21, 382.5),
(2479, 236, 49, 88, 562.02),
(2480, 869, 56, 85, 720.78),
(2481, 20, 161, 21, 351.21),
(2482, 786, 183, 75, 31.04),
(2483, 766, 192, 91, 326.76),
(2484, 835, 145, 99, 406.24),
(2485, 109, 120, 80, 972.91),
(2486, 270, 22, 57, 392.93),
(2487, 749, 125, 7, 756.48),
(2488, 720, 4, 59, 780.58),
(2489, 701, 77, 58, 690.86),
(2490, 39, 148, 76, 260.62),
(2491, 464, 104, 7, 405.17),
(2492, 381, 197, 25, 861.55),
(2493, 576, 142, 37, 949.5),
(2494, 69, 77, 10, 297.39),
(2495, 474, 109, 90, 463.34),
(2496, 716, 161, 76, 151.16),
(2497, 410, 162, 65, 268.12),
(2498, 250, 188, 27, 743.15),
(2499, 617, 67, 41, 787.87),
(2500, 877, 75, 55, 386.46),
(2501, 534, 192, 62, 50.48),
(2502, 237, 127, 59, 364.67),
(2503, 341, 73, 10, 793.42),
(2504, 103, 159, 82, 555.57),
(2505, 883, 78, 43, 692.28),
(2506, 481, 93, 7, 60.18),
(2507, 125, 108, 78, 234.33),
(2508, 636, 27, 100, 882.92),
(2509, 337, 39, 38, 867.59),
(2510, 522, 172, 64, 638.26),
(2511, 238, 7, 23, 788.48),
(2512, 955, 53, 83, 190.28),
(2513, 245, 104, 47, 441.8),
(2514, 268, 9, 43, 193.64),
(2515, 314, 142, 77, 214.73),
(2516, 826, 11, 92, 207.98),
(2517, 680, 194, 40, 67.01),
(2518, 770, 180, 31, 628.58),
(2519, 137, 142, 74, 642.9),
(2520, 873, 131, 48, 855.54),
(2521, 141, 11, 86, 783.18),
(2522, 731, 126, 53, 280.05),
(2523, 386, 15, 2, 327.22),
(2524, 358, 144, 34, 434.96),
(2525, 674, 15, 38, 402.3),
(2526, 373, 51, 94, 782.29),
(2527, 452, 3, 2, 607.12),
(2528, 966, 96, 95, 634.36),
(2529, 256, 83, 53, 191.56),
(2530, 703, 57, 43, 673.71),
(2531, 379, 70, 74, 800.22),
(2532, 113, 122, 18, 410.98),
(2533, 582, 102, 20, 975.57),
(2534, 946, 40, 79, 234.35),
(2535, 563, 175, 44, 900.39),
(2536, 312, 22, 45, 188.21),
(2537, 683, 125, 82, 621.88),
(2538, 862, 70, 72, 64.23),
(2539, 334, 155, 2, 783.86),
(2540, 524, 63, 82, 278.13),
(2541, 209, 175, 74, 622.89),
(2542, 230, 98, 54, 62.74),
(2543, 910, 184, 65, 941.05),
(2544, 172, 181, 31, 980.25),
(2545, 792, 47, 11, 90.12),
(2546, 118, 60, 73, 943.22),
(2547, 183, 185, 74, 67.98),
(2548, 76, 177, 91, 605.94),
(2549, 285, 184, 5, 26.47),
(2550, 451, 46, 59, 877.45),
(2551, 955, 27, 50, 398.46),
(2552, 136, 92, 59, 79.53),
(2553, 984, 36, 83, 879.6),
(2554, 570, 155, 75, 837.32),
(2555, 960, 49, 83, 825.54),
(2556, 625, 152, 97, 848.49),
(2557, 608, 3, 43, 656.88),
(2558, 281, 107, 79, 709.32),
(2559, 642, 192, 78, 350.48),
(2560, 543, 39, 19, 960.73),
(2561, 315, 51, 65, 241.28),
(2562, 286, 198, 93, 119.9),
(2563, 692, 44, 65, 870.1),
(2564, 502, 101, 67, 765.41),
(2565, 52, 95, 64, 209.43),
(2566, 359, 128, 8, 97.16),
(2567, 305, 35, 71, 580.92),
(2568, 184, 135, 7, 478.1),
(2569, 410, 82, 84, 494.84),
(2570, 576, 121, 78, 810.32),
(2571, 283, 115, 10, 640.42),
(2572, 662, 146, 28, 624.68),
(2573, 305, 172, 40, 544.97),
(2574, 460, 49, 82, 12.72),
(2575, 50, 107, 55, 491.4),
(2576, 795, 178, 6, 358.73),
(2577, 906, 22, 62, 903.39),
(2578, 938, 53, 51, 950.62),
(2579, 204, 153, 17, 772.47),
(2580, 12, 102, 40, 180.44),
(2581, 790, 159, 86, 143.58),
(2582, 240, 43, 29, 183.13),
(2583, 44, 7, 89, 335.55),
(2584, 188, 151, 66, 623.42),
(2585, 974, 21, 74, 899.64),
(2586, 778, 114, 84, 207.64),
(2587, 382, 55, 37, 529.79),
(2588, 811, 125, 44, 153.91),
(2589, 525, 109, 56, 135.15),
(2590, 458, 103, 62, 959.31),
(2591, 668, 30, 17, 777.89),
(2592, 134, 26, 12, 963.71),
(2593, 619, 165, 62, 17.17),
(2594, 951, 59, 89, 588.75),
(2595, 336, 43, 39, 844.76),
(2596, 515, 36, 99, 987.74),
(2597, 950, 5, 64, 840.23),
(2598, 468, 140, 9, 618.68),
(2599, 178, 154, 48, 181.07),
(2600, 709, 63, 93, 463.09),
(2601, 606, 91, 14, 278.71),
(2602, 428, 62, 89, 704.66),
(2603, 237, 60, 24, 632.46),
(2604, 49, 173, 66, 678.76),
(2605, 856, 111, 11, 65.8),
(2606, 871, 200, 54, 648.15),
(2607, 98, 49, 84, 241.63),
(2608, 148, 87, 33, 613.47),
(2609, 754, 143, 13, 379.83),
(2610, 658, 26, 33, 921.58),
(2611, 999, 115, 15, 882.51),
(2612, 977, 175, 99, 174.47),
(2613, 890, 168, 62, 993.52),
(2614, 260, 97, 10, 303.35),
(2615, 384, 30, 60, 807.96),
(2616, 264, 198, 67, 926.6),
(2617, 992, 139, 18, 204.07),
(2618, 907, 122, 2, 242.04),
(2619, 740, 109, 44, 602.33),
(2620, 43, 200, 68, 820.24),
(2621, 225, 123, 38, 884.11),
(2622, 560, 186, 54, 540.55),
(2623, 798, 23, 2, 999.28),
(2624, 397, 16, 40, 589.67),
(2625, 7, 98, 44, 599.74),
(2626, 233, 81, 73, 406.7),
(2627, 95, 44, 13, 195.08),
(2628, 936, 105, 58, 290.75),
(2629, 300, 27, 82, 856.16),
(2630, 570, 195, 30, 207.07),
(2631, 846, 42, 78, 932.34),
(2632, 7, 61, 75, 211.97),
(2633, 502, 166, 36, 585.77),
(2634, 592, 18, 55, 338.66),
(2635, 870, 123, 46, 970.5),
(2636, 63, 94, 22, 918.07),
(2637, 587, 134, 49, 557.72),
(2638, 526, 136, 74, 754.3),
(2639, 582, 37, 59, 565.14),
(2640, 463, 20, 51, 582.86),
(2641, 319, 37, 27, 462.13),
(2642, 67, 19, 13, 804.23),
(2643, 524, 11, 18, 607.07),
(2644, 479, 75, 18, 389.26),
(2645, 725, 138, 48, 53.56),
(2646, 668, 48, 50, 282.56),
(2647, 549, 60, 34, 438.3),
(2648, 342, 157, 3, 780.42),
(2649, 31, 86, 38, 919.18),
(2650, 740, 144, 4, 100.57),
(2651, 913, 7, 29, 183.38),
(2652, 785, 44, 9, 965.04),
(2653, 310, 158, 46, 221.85),
(2654, 584, 19, 15, 891.54),
(2655, 959, 161, 92, 668.07),
(2656, 104, 55, 39, 709.58),
(2657, 735, 11, 83, 240.45),
(2658, 301, 65, 83, 104.75),
(2659, 40, 176, 9, 847.85),
(2660, 104, 35, 78, 380.3),
(2661, 22, 111, 11, 994.14),
(2662, 800, 116, 80, 740.91),
(2663, 459, 71, 95, 357.87),
(2664, 715, 157, 76, 378.63),
(2665, 702, 8, 25, 859.22),
(2666, 927, 30, 98, 754.57),
(2667, 146, 112, 39, 112.25),
(2668, 70, 148, 13, 65.74),
(2669, 658, 87, 44, 419.84),
(2670, 477, 163, 57, 447.82),
(2671, 11, 197, 81, 321.9),
(2672, 877, 12, 46, 236.92),
(2673, 447, 64, 91, 617.56),
(2674, 290, 125, 5, 956.85),
(2675, 940, 32, 6, 76.85),
(2676, 379, 9, 69, 328.06),
(2677, 739, 75, 20, 401.53),
(2678, 155, 166, 90, 761.11),
(2679, 939, 190, 57, 687.88),
(2680, 450, 104, 20, 809.79),
(2681, 533, 187, 70, 291.08),
(2682, 736, 181, 8, 502.42),
(2683, 335, 31, 99, 841.95),
(2684, 176, 128, 34, 471.05),
(2685, 411, 39, 18, 146.62),
(2686, 117, 120, 67, 47.9),
(2687, 782, 43, 92, 239.97),
(2688, 215, 65, 10, 89.63),
(2689, 26, 91, 57, 145.46),
(2690, 434, 88, 89, 409.43),
(2691, 522, 94, 56, 379.32),
(2692, 248, 28, 96, 137.12),
(2693, 355, 34, 98, 524.1),
(2694, 933, 39, 80, 53.81),
(2695, 796, 199, 7, 595.18),
(2696, 418, 54, 49, 702.2),
(2697, 500, 140, 88, 993.46),
(2698, 875, 45, 27, 641.36),
(2699, 638, 46, 40, 142.13),
(2700, 504, 121, 38, 563.54),
(2701, 771, 79, 45, 959.69),
(2702, 148, 110, 5, 492.06),
(2703, 673, 60, 84, 346.25),
(2704, 155, 41, 34, 710.55),
(2705, 195, 170, 79, 787.25),
(2706, 407, 102, 28, 294.08),
(2707, 159, 113, 30, 462.16),
(2708, 485, 92, 24, 620.77),
(2709, 124, 91, 95, 546.77),
(2710, 364, 45, 64, 360.88),
(2711, 576, 58, 17, 604.29),
(2712, 561, 10, 5, 178.18),
(2713, 644, 87, 45, 730.57),
(2714, 848, 91, 82, 680.25),
(2715, 898, 12, 4, 294.18),
(2716, 61, 154, 22, 340.95),
(2717, 739, 193, 36, 358.81),
(2718, 359, 139, 95, 208.6),
(2719, 795, 61, 77, 954.73),
(2720, 608, 126, 36, 141.98),
(2721, 578, 158, 27, 774.47),
(2722, 405, 61, 83, 259.98),
(2723, 727, 47, 43, 887.28),
(2724, 648, 54, 37, 556.46),
(2725, 892, 31, 99, 524.8),
(2726, 239, 117, 45, 747.7),
(2727, 3, 10, 22, 856.38),
(2728, 804, 98, 96, 928.43),
(2729, 417, 186, 81, 58.72),
(2730, 825, 47, 92, 519.89),
(2731, 114, 134, 3, 292.27),
(2732, 524, 141, 18, 294.17),
(2733, 715, 147, 95, 348.36),
(2734, 487, 111, 97, 838.33),
(2735, 231, 81, 89, 504.83),
(2736, 624, 127, 71, 614.73),
(2737, 137, 144, 75, 289.55),
(2738, 216, 167, 61, 842.62),
(2739, 246, 166, 2, 485.09),
(2740, 555, 5, 48, 315.88),
(2741, 408, 29, 5, 954.53),
(2742, 167, 64, 80, 397.32),
(2743, 697, 174, 44, 647.5),
(2744, 247, 110, 85, 370.22),
(2745, 229, 14, 70, 531.45),
(2746, 12, 127, 87, 436.46),
(2747, 369, 67, 19, 400.87),
(2748, 176, 176, 81, 527.6),
(2749, 627, 162, 34, 270.8),
(2750, 823, 144, 84, 796.23),
(2751, 79, 173, 54, 196.15),
(2752, 497, 10, 33, 909.71),
(2753, 108, 187, 53, 505.92),
(2754, 596, 74, 97, 671.02),
(2755, 803, 183, 45, 55.23),
(2756, 951, 160, 32, 371.39),
(2757, 209, 118, 54, 590.31),
(2758, 880, 120, 90, 492.66),
(2759, 920, 99, 68, 16.56),
(2760, 313, 15, 1, 749.48),
(2761, 474, 134, 20, 310.56),
(2762, 155, 83, 33, 503.13),
(2763, 934, 74, 50, 972.31),
(2764, 82, 175, 72, 336.42),
(2765, 512, 101, 92, 676.21),
(2766, 936, 103, 46, 259.37),
(2767, 181, 83, 10, 717.27),
(2768, 942, 177, 39, 740.84),
(2769, 814, 117, 72, 452.05),
(2770, 569, 198, 88, 372.84),
(2771, 681, 111, 55, 889.05),
(2772, 964, 42, 14, 215.74),
(2773, 884, 42, 51, 946.24),
(2774, 822, 103, 76, 256.07),
(2775, 300, 68, 24, 602.76),
(2776, 244, 137, 98, 436.75),
(2777, 565, 145, 97, 751.12),
(2778, 438, 66, 81, 94.4),
(2779, 669, 72, 70, 842.65),
(2780, 77, 10, 33, 455.21),
(2781, 294, 167, 28, 144.91),
(2782, 48, 191, 74, 12.37),
(2783, 474, 85, 67, 207.24),
(2784, 336, 155, 41, 704.28),
(2785, 446, 120, 1, 219.71),
(2786, 18, 17, 37, 360.36),
(2787, 524, 84, 53, 579.72),
(2788, 7, 39, 8, 896.45),
(2789, 445, 16, 35, 255.57),
(2790, 310, 104, 12, 381.1),
(2791, 686, 135, 11, 752.06),
(2792, 355, 56, 19, 754.96),
(2793, 609, 5, 68, 475.63),
(2794, 720, 22, 16, 584.68),
(2795, 136, 73, 30, 108.59),
(2796, 425, 150, 3, 936.15),
(2797, 931, 144, 30, 811.49),
(2798, 756, 133, 82, 223.64),
(2799, 369, 179, 39, 511.1),
(2800, 568, 147, 34, 106.34),
(2801, 546, 49, 12, 659.01),
(2802, 444, 22, 85, 898.71),
(2803, 90, 102, 63, 325.89),
(2804, 202, 100, 30, 973.63),
(2805, 988, 154, 52, 875.2),
(2806, 723, 195, 62, 925.1),
(2807, 814, 168, 96, 239.4),
(2808, 650, 187, 14, 868.09),
(2809, 523, 97, 54, 425.95),
(2810, 652, 135, 93, 50.05),
(2811, 758, 116, 24, 963.1),
(2812, 331, 92, 34, 902.03),
(2813, 156, 153, 54, 353.25),
(2814, 299, 177, 64, 707.9),
(2815, 216, 155, 12, 889.33),
(2816, 316, 118, 42, 257.14),
(2817, 798, 111, 89, 255.35),
(2818, 180, 109, 29, 574.56),
(2819, 55, 155, 23, 282.41),
(2820, 498, 135, 42, 903.13),
(2821, 166, 171, 35, 334.14),
(2822, 641, 194, 7, 562.25),
(2823, 247, 30, 82, 629.16),
(2824, 829, 129, 42, 715.02),
(2825, 929, 51, 38, 563.78),
(2826, 131, 87, 73, 10.23),
(2827, 532, 28, 68, 234.54),
(2828, 803, 16, 52, 450.66),
(2829, 285, 147, 85, 181.0),
(2830, 50, 173, 53, 113.04),
(2831, 583, 138, 44, 876.85),
(2832, 845, 2, 19, 437.31),
(2833, 570, 159, 48, 300.91),
(2834, 880, 35, 24, 160.25),
(2835, 979, 172, 54, 906.31),
(2836, 849, 192, 9, 320.17),
(2837, 557, 66, 79, 973.43),
(2838, 356, 123, 78, 23.92),
(2839, 319, 58, 8, 87.41),
(2840, 654, 166, 49, 253.13),
(2841, 352, 136, 79, 704.37),
(2842, 284, 68, 42, 554.01),
(2843, 907, 148, 68, 455.32),
(2844, 220, 42, 5, 179.42),
(2845, 79, 103, 43, 200.3),
(2846, 740, 41, 69, 726.57),
(2847, 358, 45, 84, 855.98),
(2848, 999, 98, 64, 432.11),
(2849, 185, 38, 16, 618.79),
(2850, 891, 185, 87, 921.07),
(2851, 333, 108, 97, 189.92),
(2852, 779, 44, 22, 108.8),
(2853, 501, 139, 55, 587.61),
(2854, 168, 128, 21, 87.83),
(2855, 222, 158, 57, 944.6),
(2856, 609, 5, 59, 99.69),
(2857, 292, 79, 97, 985.35),
(2858, 126, 116, 41, 21.41),
(2859, 357, 117, 69, 27.18),
(2860, 181, 80, 11, 352.35),
(2861, 279, 182, 24, 391.68),
(2862, 47, 148, 10, 980.57),
(2863, 452, 160, 12, 517.19),
(2864, 560, 76, 42, 461.99),
(2865, 906, 99, 51, 917.39),
(2866, 689, 165, 65, 344.48),
(2867, 838, 170, 63, 397.48),
(2868, 55, 186, 58, 160.83),
(2869, 609, 46, 63, 356.92),
(2870, 762, 89, 49, 623.68),
(2871, 157, 122, 56, 726.53),
(2872, 763, 144, 35, 863.31),
(2873, 232, 110, 92, 674.31),
(2874, 936, 87, 92, 483.02),
(2875, 530, 86, 42, 941.85),
(2876, 58, 123, 64, 71.69),
(2877, 774, 85, 77, 261.81),
(2878, 559, 123, 39, 871.43),
(2879, 129, 146, 26, 954.01),
(2880, 237, 3, 17, 124.87),
(2881, 761, 11, 58, 636.75),
(2882, 722, 154, 63, 903.12),
(2883, 499, 173, 77, 820.57),
(2884, 610, 191, 68, 747.76),
(2885, 918, 175, 3, 338.77),
(2886, 168, 143, 76, 886.73),
(2887, 214, 175, 31, 436.71),
(2888, 7, 119, 88, 642.19),
(2889, 143, 47, 52, 387.1),
(2890, 546, 150, 8, 147.29),
(2891, 758, 118, 56, 923.13),
(2892, 371, 3, 75, 865.02),
(2893, 100, 43, 19, 413.88),
(2894, 564, 152, 52, 996.4),
(2895, 344, 120, 66, 183.44),
(2896, 618, 197, 41, 216.73),
(2897, 171, 45, 37, 640.06),
(2898, 269, 47, 29, 512.06),
(2899, 196, 89, 24, 529.21),
(2900, 1, 23, 90, 665.54),
(2901, 531, 84, 72, 974.13),
(2902, 585, 190, 23, 396.7),
(2903, 68, 42, 86, 921.46),
(2904, 765, 163, 53, 730.85),
(2905, 601, 8, 98, 668.11),
(2906, 206, 21, 63, 863.17),
(2907, 620, 72, 5, 50.83),
(2908, 933, 61, 44, 49.7),
(2909, 180, 79, 19, 395.83),
(2910, 443, 167, 99, 594.49),
(2911, 601, 96, 19, 986.9),
(2912, 934, 81, 38, 272.08),
(2913, 902, 36, 8, 731.13),
(2914, 98, 121, 16, 699.29),
(2915, 304, 163, 85, 319.6),
(2916, 237, 186, 44, 879.74),
(2917, 806, 113, 50, 310.16),
(2918, 144, 60, 76, 884.92),
(2919, 928, 65, 13, 852.44),
(2920, 751, 88, 4, 821.61),
(2921, 686, 20, 15, 18.43),
(2922, 113, 145, 72, 575.16),
(2923, 660, 181, 94, 368.86),
(2924, 40, 103, 73, 616.53),
(2925, 862, 25, 64, 516.39),
(2926, 109, 177, 49, 235.09),
(2927, 990, 51, 47, 764.58),
(2928, 692, 14, 96, 412.42),
(2929, 536, 196, 24, 902.2),
(2930, 306, 141, 46, 868.64),
(2931, 767, 119, 4, 437.97),
(2932, 402, 117, 36, 903.47),
(2933, 180, 90, 3, 294.62),
(2934, 69, 6, 80, 282.03),
(2935, 113, 163, 12, 413.33),
(2936, 136, 89, 52, 641.51),
(2937, 197, 89, 71, 288.46),
(2938, 940, 170, 71, 727.46),
(2939, 669, 59, 42, 337.06),
(2940, 412, 7, 86, 586.49),
(2941, 753, 73, 22, 251.2),
(2942, 643, 199, 48, 191.32),
(2943, 98, 159, 64, 620.46),
(2944, 942, 39, 95, 367.22),
(2945, 74, 98, 97, 240.06),
(2946, 720, 181, 27, 341.93),
(2947, 639, 107, 2, 823.48),
(2948, 859, 30, 64, 837.4),
(2949, 917, 41, 46, 337.57),
(2950, 517, 162, 55, 948.51),
(2951, 108, 38, 42, 972.44),
(2952, 196, 82, 99, 202.65),
(2953, 824, 149, 91, 924.95),
(2954, 439, 62, 11, 182.07),
(2955, 391, 8, 8, 534.59),
(2956, 689, 184, 84, 680.11),
(2957, 733, 148, 91, 989.32),
(2958, 391, 81, 99, 891.6),
(2959, 807, 96, 48, 68.79),
(2960, 288, 5, 79, 194.33),
(2961, 895, 115, 6, 283.32),
(2962, 708, 12, 41, 69.11),
(2963, 767, 9, 59, 149.53),
(2964, 399, 86, 91, 46.93),
(2965, 89, 68, 88, 648.89),
(2966, 644, 66, 30, 781.47),
(2967, 26, 9, 89, 94.33),
(2968, 873, 57, 32, 250.33),
(2969, 48, 38, 10, 291.7),
(2970, 740, 147, 8, 390.28),
(2971, 171, 154, 61, 827.86),
(2972, 142, 103, 58, 833.36),
(2973, 350, 104, 7, 622.67),
(2974, 165, 81, 63, 986.93),
(2975, 674, 62, 35, 227.05),
(2976, 56, 44, 54, 743.98),
(2977, 208, 37, 8, 124.82),
(2978, 497, 110, 68, 606.77),
(2979, 421, 14, 93, 274.57),
(2980, 86, 78, 45, 796.77),
(2981, 683, 57, 5, 758.31),
(2982, 208, 91, 71, 455.57),
(2983, 328, 41, 73, 46.24),
(2984, 305, 67, 94, 998.63),
(2985, 47, 188, 87, 264.96),
(2986, 371, 175, 47, 176.05),
(2987, 990, 63, 65, 774.41),
(2988, 573, 83, 70, 604.31),
(2989, 264, 95, 88, 495.48),
(2990, 850, 94, 43, 794.56),
(2991, 589, 94, 47, 983.62),
(2992, 375, 94, 63, 532.15),
(2993, 704, 139, 97, 175.73),
(2994, 623, 83, 60, 994.51),
(2995, 602, 54, 61, 216.76),
(2996, 724, 191, 32, 951.95),
(2997, 774, 166, 22, 772.81),
(2998, 966, 98, 51, 389.52),
(2999, 218, 163, 59, 197.6),
(3000, 742, 155, 60, 495.38);

INSERT INTO approval_process (approval_id, po_id, approver_id, approval_level, decision, comment, created_at) VALUES
(1, 289, 2, 1, 'REJECTED', 'Abgelehnt aufgrund von Budgetüberschreitung', '2024-01-14 16:23:10'),
(2, 299, 66, 2, 'REJECTED', 'Abgelehnt aufgrund von Budgetüberschreitung', '2024-03-23 21:19:39'),
(3, 166, 8, 2, 'REJECTED', 'Abgelehnt aufgrund von Budgetüberschreitung', '2022-01-11 00:51:07'),
(4, 306, 66, 1, 'REJECTED', 'Abgelehnt aufgrund von Budgetüberschreitung', '2024-09-26 00:02:10'),
(5, 461, 67, 2, 'REJECTED', 'Abgelehnt aufgrund von Budgetüberschreitung', '2022-07-04 19:00:08'),
(6, 637, 25, 1, 'PENDING', 'Abgelehnt aufgrund von Budgetüberschreitung', '2022-09-16 23:14:37'),
(7, 575, 17, 3, 'REJECTED', 'Abgelehnt aufgrund von Budgetüberschreitung', '2023-07-19 19:15:00'),
(8, 612, 17, 1, 'REJECTED', 'Abgelehnt aufgrund von Budgetüberschreitung', '2022-01-18 00:53:00'),
(9, 503, 17, 2, 'APPROVED', 'Genehmigt', '2023-04-06 10:24:32'),
(10, 1, 67, 3, 'REJECTED', 'Abgelehnt aufgrund von Budgetüberschreitung', '2023-12-08 16:01:06'),
(11, 304, 8, 2, 'PENDING', 'Abgelehnt aufgrund von Budgetüberschreitung', '2023-11-03 22:47:38'),
(12, 530, 25, 1, 'PENDING', 'Abgelehnt aufgrund von Budgetüberschreitung', '2024-03-18 23:58:51'),
(13, 864, 48, 3, 'REJECTED', 'Abgelehnt aufgrund von Budgetüberschreitung', '2023-06-16 06:34:38'),
(14, 959, 33, 3, 'PENDING', 'Abgelehnt aufgrund von Budgetüberschreitung', '2024-09-29 20:40:17'),
(15, 637, 34, 3, 'PENDING', 'Abgelehnt aufgrund von Budgetüberschreitung', '2022-06-14 04:44:27'),
(16, 497, 16, 1, 'APPROVED', 'Genehmigt', '2024-05-25 00:49:02'),
(17, 952, 53, 1, 'REJECTED', 'Abgelehnt aufgrund von Budgetüberschreitung', '2023-01-12 00:56:59'),
(18, 412, 53, 1, 'REJECTED', 'Abgelehnt aufgrund von Budgetüberschreitung', '2022-03-13 23:09:18'),
(19, 155, 25, 3, 'REJECTED', 'Abgelehnt aufgrund von Budgetüberschreitung', '2024-03-23 02:47:30'),
(20, 432, 21, 2, 'REJECTED', 'Abgelehnt aufgrund von Budgetüberschreitung', '2024-10-31 16:42:32'),
(21, 951, 17, 2, 'REJECTED', 'Abgelehnt aufgrund von Budgetüberschreitung', '2022-09-24 14:11:51'),
(22, 215, 44, 3, 'REJECTED', 'Abgelehnt aufgrund von Budgetüberschreitung', '2022-07-06 15:19:53'),
(23, 881, 25, 3, 'PENDING', 'Abgelehnt aufgrund von Budgetüberschreitung', '2022-07-06 09:23:37'),
(24, 224, 33, 2, 'APPROVED', 'Genehmigt', '2022-03-03 08:21:35'),
(25, 218, 44, 3, 'APPROVED', 'Genehmigt', '2023-11-26 12:17:27'),
(26, 704, 2, 1, 'REJECTED', 'Abgelehnt aufgrund von Budgetüberschreitung', '2022-11-15 23:11:36'),
(27, 5, 16, 2, 'PENDING', 'Abgelehnt aufgrund von Budgetüberschreitung', '2023-09-16 20:05:47'),
(28, 259, 52, 2, 'REJECTED', 'Abgelehnt aufgrund von Budgetüberschreitung', '2024-05-01 21:25:19'),
(29, 434, 17, 1, 'APPROVED', 'Genehmigt', '2023-02-23 06:39:51'),
(30, 57, 67, 1, 'REJECTED', 'Abgelehnt aufgrund von Budgetüberschreitung', '2022-12-28 11:00:21'),
(31, 292, 16, 2, 'REJECTED', 'Abgelehnt aufgrund von Budgetüberschreitung', '2022-01-27 21:43:29'),
(32, 419, 65, 2, 'APPROVED', 'Genehmigt', '2023-11-15 05:52:23'),
(33, 746, 66, 3, 'APPROVED', 'Genehmigt', '2022-09-06 12:24:22'),
(34, 22, 2, 2, 'PENDING', 'Abgelehnt aufgrund von Budgetüberschreitung', '2024-05-05 03:39:24'),
(35, 214, 16, 3, 'APPROVED', 'Genehmigt', '2022-05-27 14:14:00'),
(36, 768, 34, 3, 'APPROVED', 'Genehmigt', '2025-02-15 18:57:18'),
(37, 223, 67, 2, 'APPROVED', 'Genehmigt', '2024-01-17 13:44:16'),
(38, 695, 16, 3, 'REJECTED', 'Abgelehnt aufgrund von Budgetüberschreitung', '2022-03-17 20:44:29'),
(39, 211, 65, 2, 'PENDING', 'Abgelehnt aufgrund von Budgetüberschreitung', '2023-07-11 16:39:02'),
(40, 616, 53, 1, 'APPROVED', 'Genehmigt', '2024-02-20 15:05:11'),
(41, 500, 16, 1, 'APPROVED', 'Genehmigt', '2024-08-01 13:12:58'),
(42, 258, 9, 3, 'APPROVED', 'Genehmigt', '2022-07-01 13:41:51'),
(43, 783, 25, 3, 'REJECTED', 'Abgelehnt aufgrund von Budgetüberschreitung', '2023-01-19 10:38:27'),
(44, 387, 66, 1, 'REJECTED', 'Abgelehnt aufgrund von Budgetüberschreitung', '2025-01-29 01:45:12'),
(45, 975, 67, 3, 'REJECTED', 'Abgelehnt aufgrund von Budgetüberschreitung', '2024-02-22 12:05:57'),
(46, 738, 34, 1, 'PENDING', 'Abgelehnt aufgrund von Budgetüberschreitung', '2024-12-04 16:34:39'),
(47, 866, 53, 3, 'APPROVED', 'Genehmigt', '2024-03-03 02:56:01'),
(48, 799, 2, 3, 'REJECTED', 'Abgelehnt aufgrund von Budgetüberschreitung', '2023-10-18 22:13:06'),
(49, 206, 48, 2, 'REJECTED', 'Abgelehnt aufgrund von Budgetüberschreitung', '2024-03-13 11:33:32'),
(50, 64, 52, 2, 'REJECTED', 'Abgelehnt aufgrund von Budgetüberschreitung', '2022-05-25 06:28:19'),
(51, 428, 34, 2, 'PENDING', 'Abgelehnt aufgrund von Budgetüberschreitung', '2023-12-17 02:09:26'),
(52, 377, 73, 2, 'PENDING', 'Abgelehnt aufgrund von Budgetüberschreitung', '2023-04-20 13:24:34'),
(53, 259, 44, 1, 'PENDING', 'Abgelehnt aufgrund von Budgetüberschreitung', '2023-10-29 17:50:50'),
(54, 469, 53, 3, 'PENDING', 'Abgelehnt aufgrund von Budgetüberschreitung', '2024-07-25 17:15:17'),
(55, 167, 17, 1, 'APPROVED', 'Genehmigt', '2022-02-24 04:41:59'),
(56, 298, 15, 3, 'APPROVED', 'Genehmigt', '2022-07-15 13:14:17'),
(57, 247, 2, 2, 'APPROVED', 'Genehmigt', '2022-11-03 22:57:40'),
(58, 607, 15, 3, 'PENDING', 'Abgelehnt aufgrund von Budgetüberschreitung', '2022-08-15 10:59:23'),
(59, 291, 66, 2, 'PENDING', 'Abgelehnt aufgrund von Budgetüberschreitung', '2025-01-20 19:17:55'),
(60, 167, 15, 3, 'REJECTED', 'Abgelehnt aufgrund von Budgetüberschreitung', '2023-10-19 23:04:41'),
(61, 481, 9, 1, 'REJECTED', 'Abgelehnt aufgrund von Budgetüberschreitung', '2024-06-29 00:19:19'),
(62, 61, 66, 3, 'PENDING', 'Abgelehnt aufgrund von Budgetüberschreitung', '2022-10-06 01:05:14'),
(63, 921, 67, 1, 'APPROVED', 'Genehmigt', '2023-11-25 14:43:43'),
(64, 46, 25, 3, 'APPROVED', 'Genehmigt', '2024-05-30 06:24:41'),
(65, 134, 16, 1, 'APPROVED', 'Genehmigt', '2022-06-20 16:36:58'),
(66, 898, 15, 2, 'APPROVED', 'Genehmigt', '2024-02-28 00:08:20'),
(67, 614, 9, 3, 'APPROVED', 'Genehmigt', '2023-02-07 20:59:58'),
(68, 830, 8, 1, 'REJECTED', 'Abgelehnt aufgrund von Budgetüberschreitung', '2024-08-26 13:35:32'),
(69, 435, 48, 1, 'REJECTED', 'Abgelehnt aufgrund von Budgetüberschreitung', '2023-07-21 20:56:52'),
(70, 484, 15, 2, 'APPROVED', 'Genehmigt', '2022-02-12 20:32:17'),
(71, 168, 73, 1, 'PENDING', 'Abgelehnt aufgrund von Budgetüberschreitung', '2023-04-14 03:55:18'),
(72, 477, 25, 2, 'APPROVED', 'Genehmigt', '2023-05-22 16:58:32'),
(73, 117, 48, 1, 'REJECTED', 'Abgelehnt aufgrund von Budgetüberschreitung', '2024-11-15 10:48:34'),
(74, 962, 2, 3, 'REJECTED', 'Abgelehnt aufgrund von Budgetüberschreitung', '2023-05-07 17:18:16'),
(75, 909, 48, 1, 'REJECTED', 'Abgelehnt aufgrund von Budgetüberschreitung', '2024-03-15 02:20:43'),
(76, 542, 21, 1, 'APPROVED', 'Genehmigt', '2024-10-12 12:42:21'),
(77, 135, 8, 1, 'REJECTED', 'Abgelehnt aufgrund von Budgetüberschreitung', '2022-11-26 11:52:48'),
(78, 192, 53, 3, 'PENDING', 'Abgelehnt aufgrund von Budgetüberschreitung', '2023-10-15 11:28:44'),
(79, 647, 16, 1, 'REJECTED', 'Abgelehnt aufgrund von Budgetüberschreitung', '2022-10-07 05:44:21'),
(80, 132, 44, 1, 'APPROVED', 'Genehmigt', '2024-08-05 12:09:44'),
(81, 652, 66, 2, 'REJECTED', 'Abgelehnt aufgrund von Budgetüberschreitung', '2022-01-28 17:28:05'),
(82, 417, 9, 1, 'APPROVED', 'Genehmigt', '2023-11-30 08:29:09'),
(83, 693, 16, 1, 'APPROVED', 'Genehmigt', '2023-05-13 05:25:57'),
(84, 471, 48, 2, 'REJECTED', 'Abgelehnt aufgrund von Budgetüberschreitung', '2024-06-28 01:05:24'),
(85, 218, 73, 2, 'REJECTED', 'Abgelehnt aufgrund von Budgetüberschreitung', '2023-01-25 23:11:09'),
(86, 772, 66, 2, 'PENDING', 'Abgelehnt aufgrund von Budgetüberschreitung', '2022-06-04 02:44:08'),
(87, 307, 67, 1, 'APPROVED', 'Genehmigt', '2022-12-25 18:02:23'),
(88, 398, 34, 2, 'APPROVED', 'Genehmigt', '2023-05-16 09:57:51'),
(89, 38, 66, 1, 'APPROVED', 'Genehmigt', '2024-12-05 22:37:02'),
(90, 271, 15, 1, 'APPROVED', 'Genehmigt', '2023-12-07 02:43:45'),
(91, 638, 9, 3, 'PENDING', 'Abgelehnt aufgrund von Budgetüberschreitung', '2025-01-02 21:51:22'),
(92, 198, 65, 1, 'APPROVED', 'Genehmigt', '2024-07-05 16:30:46'),
(93, 821, 52, 1, 'REJECTED', 'Abgelehnt aufgrund von Budgetüberschreitung', '2024-05-18 06:36:12'),
(94, 684, 52, 2, 'REJECTED', 'Abgelehnt aufgrund von Budgetüberschreitung', '2024-07-14 22:08:31'),
(95, 243, 52, 1, 'PENDING', 'Abgelehnt aufgrund von Budgetüberschreitung', '2023-10-17 14:41:42'),
(96, 122, 34, 3, 'REJECTED', 'Abgelehnt aufgrund von Budgetüberschreitung', '2023-12-29 07:05:00'),
(97, 405, 48, 2, 'APPROVED', 'Genehmigt', '2024-11-24 10:13:45'),
(98, 804, 17, 1, 'APPROVED', 'Genehmigt', '2023-01-26 10:23:29'),
(99, 880, 9, 3, 'REJECTED', 'Abgelehnt aufgrund von Budgetüberschreitung', '2022-07-30 20:31:23'),
(100, 939, 25, 2, 'PENDING', 'Abgelehnt aufgrund von Budgetüberschreitung', '2024-05-15 19:53:48'),
(101, 83, 8, 3, 'APPROVED', 'Genehmigt', '2022-09-17 12:37:01'),
(102, 5, 56, 1, 'REJECTED', 'Abgelehnt aufgrund von Budgetüberschreitung', '2024-02-09 03:17:36'),
(103, 473, 33, 3, 'APPROVED', 'Genehmigt', '2023-06-01 00:15:32'),
(104, 286, 44, 3, 'PENDING', 'Abgelehnt aufgrund von Budgetüberschreitung', '2024-02-03 20:20:12'),
(105, 822, 33, 1, 'APPROVED', 'Genehmigt', '2024-09-01 21:48:14'),
(106, 546, 52, 1, 'APPROVED', 'Genehmigt', '2022-04-08 10:01:12'),
(107, 750, 15, 2, 'APPROVED', 'Genehmigt', '2022-07-20 09:05:56'),
(108, 745, 33, 1, 'APPROVED', 'Genehmigt', '2022-09-09 15:49:26'),
(109, 303, 16, 1, 'APPROVED', 'Genehmigt', '2024-05-15 23:16:55'),
(110, 74, 33, 1, 'REJECTED', 'Abgelehnt aufgrund von Budgetüberschreitung', '2023-01-21 17:49:03'),
(111, 929, 44, 3, 'PENDING', 'Abgelehnt aufgrund von Budgetüberschreitung', '2024-12-13 23:54:20'),
(112, 574, 25, 1, 'REJECTED', 'Abgelehnt aufgrund von Budgetüberschreitung', '2024-06-04 16:19:43'),
(113, 484, 44, 2, 'APPROVED', 'Genehmigt', '2022-03-10 02:24:12'),
(114, 268, 66, 2, 'PENDING', 'Abgelehnt aufgrund von Budgetüberschreitung', '2023-12-01 04:08:32'),
(115, 493, 25, 2, 'APPROVED', 'Genehmigt', '2023-05-26 11:08:33'),
(116, 719, 34, 3, 'APPROVED', 'Genehmigt', '2022-02-06 01:24:23'),
(117, 135, 44, 2, 'PENDING', 'Abgelehnt aufgrund von Budgetüberschreitung', '2023-01-22 18:48:11'),
(118, 756, 48, 3, 'APPROVED', 'Genehmigt', '2022-11-04 17:13:50'),
(119, 674, 8, 1, 'APPROVED', 'Genehmigt', '2024-03-10 11:43:36'),
(120, 101, 2, 1, 'APPROVED', 'Genehmigt', '2022-01-18 13:41:03'),
(121, 234, 73, 1, 'PENDING', 'Abgelehnt aufgrund von Budgetüberschreitung', '2022-11-02 16:40:52'),
(122, 514, 9, 2, 'PENDING', 'Abgelehnt aufgrund von Budgetüberschreitung', '2025-01-24 16:00:31'),
(123, 835, 66, 3, 'APPROVED', 'Genehmigt', '2023-05-06 00:33:47'),
(124, 191, 16, 1, 'PENDING', 'Abgelehnt aufgrund von Budgetüberschreitung', '2022-12-23 09:04:13'),
(125, 211, 21, 3, 'APPROVED', 'Genehmigt', '2024-11-28 23:16:46'),
(126, 867, 48, 2, 'PENDING', 'Abgelehnt aufgrund von Budgetüberschreitung', '2024-03-05 14:11:52'),
(127, 58, 16, 3, 'REJECTED', 'Abgelehnt aufgrund von Budgetüberschreitung', '2024-06-24 14:35:48'),
(128, 674, 52, 1, 'APPROVED', 'Genehmigt', '2023-08-03 14:57:21'),
(129, 44, 67, 1, 'PENDING', 'Abgelehnt aufgrund von Budgetüberschreitung', '2022-01-01 02:22:08'),
(130, 128, 48, 3, 'PENDING', 'Abgelehnt aufgrund von Budgetüberschreitung', '2024-08-23 05:05:34'),
(131, 181, 44, 2, 'APPROVED', 'Genehmigt', '2024-03-14 05:43:33'),
(132, 366, 33, 1, 'PENDING', 'Abgelehnt aufgrund von Budgetüberschreitung', '2023-07-29 09:28:04'),
(133, 716, 16, 1, 'PENDING', 'Abgelehnt aufgrund von Budgetüberschreitung', '2024-09-04 01:44:01'),
(134, 986, 66, 1, 'APPROVED', 'Genehmigt', '2023-01-31 15:15:09'),
(135, 794, 9, 2, 'APPROVED', 'Genehmigt', '2024-01-01 02:50:03'),
(136, 942, 17, 1, 'PENDING', 'Abgelehnt aufgrund von Budgetüberschreitung', '2022-02-04 16:58:28'),
(137, 588, 8, 2, 'APPROVED', 'Genehmigt', '2024-08-25 02:05:27'),
(138, 759, 8, 2, 'REJECTED', 'Abgelehnt aufgrund von Budgetüberschreitung', '2022-10-25 11:56:04'),
(139, 325, 65, 1, 'PENDING', 'Abgelehnt aufgrund von Budgetüberschreitung', '2024-03-04 09:41:02'),
(140, 671, 9, 3, 'APPROVED', 'Genehmigt', '2023-05-10 19:55:06'),
(141, 545, 48, 3, 'PENDING', 'Abgelehnt aufgrund von Budgetüberschreitung', '2024-08-27 21:57:09'),
(142, 837, 52, 2, 'REJECTED', 'Abgelehnt aufgrund von Budgetüberschreitung', '2023-08-23 08:54:45'),
(143, 208, 53, 2, 'PENDING', 'Abgelehnt aufgrund von Budgetüberschreitung', '2024-10-23 09:05:27'),
(144, 906, 16, 1, 'PENDING', 'Abgelehnt aufgrund von Budgetüberschreitung', '2024-03-13 08:10:42'),
(145, 559, 52, 2, 'REJECTED', 'Abgelehnt aufgrund von Budgetüberschreitung', '2024-03-18 09:50:46'),
(146, 880, 8, 1, 'APPROVED', 'Genehmigt', '2023-01-14 15:15:32'),
(147, 742, 66, 1, 'APPROVED', 'Genehmigt', '2022-12-05 15:25:22'),
(148, 682, 34, 1, 'APPROVED', 'Genehmigt', '2023-04-27 07:04:53'),
(149, 799, 52, 2, 'APPROVED', 'Genehmigt', '2022-06-09 21:39:39'),
(150, 652, 67, 2, 'REJECTED', 'Abgelehnt aufgrund von Budgetüberschreitung', '2024-03-27 10:31:12'),
(151, 353, 8, 2, 'PENDING', 'Abgelehnt aufgrund von Budgetüberschreitung', '2023-07-14 03:12:16'),
(152, 221, 52, 1, 'PENDING', 'Abgelehnt aufgrund von Budgetüberschreitung', '2023-05-05 08:19:38'),
(153, 213, 66, 2, 'REJECTED', 'Abgelehnt aufgrund von Budgetüberschreitung', '2023-07-17 19:36:05'),
(154, 19, 73, 1, 'APPROVED', 'Genehmigt', '2022-12-19 14:56:54'),
(155, 949, 17, 1, 'REJECTED', 'Abgelehnt aufgrund von Budgetüberschreitung', '2022-03-03 06:10:19'),
(156, 863, 66, 3, 'PENDING', 'Abgelehnt aufgrund von Budgetüberschreitung', '2025-01-05 04:55:47'),
(157, 105, 21, 3, 'REJECTED', 'Abgelehnt aufgrund von Budgetüberschreitung', '2024-12-27 01:24:25'),
(158, 554, 53, 2, 'APPROVED', 'Genehmigt', '2022-04-23 15:31:14'),
(159, 944, 53, 2, 'PENDING', 'Abgelehnt aufgrund von Budgetüberschreitung', '2024-03-27 11:16:20'),
(160, 309, 25, 1, 'REJECTED', 'Abgelehnt aufgrund von Budgetüberschreitung', '2022-04-20 23:26:31'),
(161, 587, 8, 3, 'PENDING', 'Abgelehnt aufgrund von Budgetüberschreitung', '2023-12-25 10:13:39'),
(162, 793, 9, 3, 'APPROVED', 'Genehmigt', '2022-10-18 22:37:12'),
(163, 220, 67, 2, 'PENDING', 'Abgelehnt aufgrund von Budgetüberschreitung', '2024-01-22 21:45:58'),
(164, 229, 8, 1, 'PENDING', 'Abgelehnt aufgrund von Budgetüberschreitung', '2023-10-13 16:13:44'),
(165, 705, 67, 3, 'PENDING', 'Abgelehnt aufgrund von Budgetüberschreitung', '2022-12-22 08:25:12'),
(166, 278, 52, 1, 'PENDING', 'Abgelehnt aufgrund von Budgetüberschreitung', '2023-03-09 09:31:39'),
(167, 428, 15, 1, 'APPROVED', 'Genehmigt', '2022-09-07 10:17:24'),
(168, 491, 16, 3, 'PENDING', 'Abgelehnt aufgrund von Budgetüberschreitung', '2025-01-14 23:56:53'),
(169, 914, 65, 1, 'APPROVED', 'Genehmigt', '2022-08-12 08:41:07'),
(170, 402, 34, 3, 'REJECTED', 'Abgelehnt aufgrund von Budgetüberschreitung', '2022-02-02 23:15:43'),
(171, 694, 9, 2, 'APPROVED', 'Genehmigt', '2023-05-03 15:58:53'),
(172, 239, 44, 2, 'PENDING', 'Abgelehnt aufgrund von Budgetüberschreitung', '2022-09-10 14:46:16'),
(173, 408, 73, 2, 'PENDING', 'Abgelehnt aufgrund von Budgetüberschreitung', '2024-12-19 23:26:58'),
(174, 800, 17, 2, 'PENDING', 'Abgelehnt aufgrund von Budgetüberschreitung', '2022-03-01 03:19:30'),
(175, 420, 16, 1, 'PENDING', 'Abgelehnt aufgrund von Budgetüberschreitung', '2022-01-22 08:05:25'),
(176, 446, 65, 3, 'APPROVED', 'Genehmigt', '2024-01-14 03:36:01'),
(177, 338, 8, 1, 'PENDING', 'Abgelehnt aufgrund von Budgetüberschreitung', '2022-10-11 02:44:08'),
(178, 738, 66, 3, 'REJECTED', 'Abgelehnt aufgrund von Budgetüberschreitung', '2022-02-05 01:06:44'),
(179, 373, 25, 1, 'APPROVED', 'Genehmigt', '2022-10-01 10:57:06'),
(180, 971, 9, 3, 'REJECTED', 'Abgelehnt aufgrund von Budgetüberschreitung', '2022-07-09 01:27:21'),
(181, 159, 2, 3, 'PENDING', 'Abgelehnt aufgrund von Budgetüberschreitung', '2025-02-14 15:59:06'),
(182, 539, 33, 3, 'REJECTED', 'Abgelehnt aufgrund von Budgetüberschreitung', '2024-05-16 13:45:49'),
(183, 406, 8, 2, 'PENDING', 'Abgelehnt aufgrund von Budgetüberschreitung', '2024-10-23 04:01:39'),
(184, 264, 8, 2, 'REJECTED', 'Abgelehnt aufgrund von Budgetüberschreitung', '2024-05-19 20:10:45'),
(185, 810, 67, 2, 'APPROVED', 'Genehmigt', '2023-07-22 23:50:41'),
(186, 345, 21, 2, 'PENDING', 'Abgelehnt aufgrund von Budgetüberschreitung', '2023-07-09 22:01:16'),
(187, 239, 65, 1, 'APPROVED', 'Genehmigt', '2023-04-23 13:28:31'),
(188, 719, 52, 1, 'REJECTED', 'Abgelehnt aufgrund von Budgetüberschreitung', '2023-01-12 00:30:07'),
(189, 699, 44, 3, 'PENDING', 'Abgelehnt aufgrund von Budgetüberschreitung', '2022-08-02 12:10:18'),
(190, 636, 53, 1, 'REJECTED', 'Abgelehnt aufgrund von Budgetüberschreitung', '2024-11-29 22:06:59'),
(191, 98, 52, 1, 'REJECTED', 'Abgelehnt aufgrund von Budgetüberschreitung', '2022-06-06 08:16:23'),
(192, 992, 44, 1, 'APPROVED', 'Genehmigt', '2022-12-03 02:01:35'),
(193, 809, 33, 2, 'APPROVED', 'Genehmigt', '2023-10-11 11:43:50'),
(194, 615, 56, 2, 'APPROVED', 'Genehmigt', '2023-03-23 06:10:06'),
(195, 12, 8, 2, 'APPROVED', 'Genehmigt', '2023-06-03 00:06:47'),
(196, 146, 73, 1, 'PENDING', 'Abgelehnt aufgrund von Budgetüberschreitung', '2024-10-09 03:12:33'),
(197, 149, 34, 2, 'APPROVED', 'Genehmigt', '2023-12-25 05:38:42'),
(198, 122, 73, 1, 'PENDING', 'Abgelehnt aufgrund von Budgetüberschreitung', '2022-07-14 08:15:48'),
(199, 132, 16, 1, 'PENDING', 'Abgelehnt aufgrund von Budgetüberschreitung', '2023-02-17 19:49:25'),
(200, 290, 65, 1, 'APPROVED', 'Genehmigt', '2023-12-07 03:59:33'),
(201, 762, 53, 1, 'PENDING', 'Abgelehnt aufgrund von Budgetüberschreitung', '2022-09-11 05:51:29'),
(202, 683, 16, 2, 'PENDING', 'Abgelehnt aufgrund von Budgetüberschreitung', '2022-03-11 12:57:13'),
(203, 761, 33, 1, 'PENDING', 'Abgelehnt aufgrund von Budgetüberschreitung', '2023-10-31 08:13:30'),
(204, 617, 73, 2, 'REJECTED', 'Abgelehnt aufgrund von Budgetüberschreitung', '2022-06-21 04:54:34'),
(205, 721, 65, 1, 'APPROVED', 'Genehmigt', '2022-11-20 13:47:52'),
(206, 870, 9, 2, 'APPROVED', 'Genehmigt', '2024-10-06 20:07:08'),
(207, 257, 73, 3, 'REJECTED', 'Abgelehnt aufgrund von Budgetüberschreitung', '2022-08-14 06:58:12'),
(208, 575, 66, 3, 'REJECTED', 'Abgelehnt aufgrund von Budgetüberschreitung', '2024-08-01 23:56:10'),
(209, 661, 8, 3, 'PENDING', 'Abgelehnt aufgrund von Budgetüberschreitung', '2024-02-23 01:15:44'),
(210, 682, 33, 3, 'PENDING', 'Abgelehnt aufgrund von Budgetüberschreitung', '2024-07-30 20:39:01'),
(211, 960, 8, 3, 'REJECTED', 'Abgelehnt aufgrund von Budgetüberschreitung', '2023-03-21 21:19:10'),
(212, 1, 9, 1, 'PENDING', 'Abgelehnt aufgrund von Budgetüberschreitung', '2024-06-21 16:08:12'),
(213, 246, 65, 1, 'APPROVED', 'Genehmigt', '2023-03-12 05:48:22'),
(214, 486, 2, 3, 'REJECTED', 'Abgelehnt aufgrund von Budgetüberschreitung', '2024-07-23 09:23:38'),
(215, 741, 53, 2, 'APPROVED', 'Genehmigt', '2023-12-08 20:15:17'),
(216, 432, 53, 1, 'REJECTED', 'Abgelehnt aufgrund von Budgetüberschreitung', '2022-11-30 13:36:38'),
(217, 769, 56, 1, 'PENDING', 'Abgelehnt aufgrund von Budgetüberschreitung', '2025-01-26 13:02:23'),
(218, 979, 8, 3, 'PENDING', 'Abgelehnt aufgrund von Budgetüberschreitung', '2022-02-13 08:26:21'),
(219, 115, 9, 1, 'PENDING', 'Abgelehnt aufgrund von Budgetüberschreitung', '2023-02-17 16:25:42'),
(220, 743, 34, 3, 'REJECTED', 'Abgelehnt aufgrund von Budgetüberschreitung', '2024-01-13 22:07:37'),
(221, 834, 66, 2, 'PENDING', 'Abgelehnt aufgrund von Budgetüberschreitung', '2022-04-26 11:21:08'),
(222, 616, 65, 2, 'REJECTED', 'Abgelehnt aufgrund von Budgetüberschreitung', '2024-07-14 05:43:39'),
(223, 554, 53, 1, 'PENDING', 'Abgelehnt aufgrund von Budgetüberschreitung', '2022-05-12 10:53:08'),
(224, 981, 56, 1, 'PENDING', 'Abgelehnt aufgrund von Budgetüberschreitung', '2022-02-15 11:03:40'),
(225, 921, 56, 2, 'APPROVED', 'Genehmigt', '2024-02-02 16:46:13'),
(226, 883, 56, 1, 'REJECTED', 'Abgelehnt aufgrund von Budgetüberschreitung', '2024-02-07 21:57:05'),
(227, 199, 66, 1, 'REJECTED', 'Abgelehnt aufgrund von Budgetüberschreitung', '2022-02-16 21:44:31'),
(228, 837, 33, 2, 'APPROVED', 'Genehmigt', '2024-09-11 05:33:33'),
(229, 875, 33, 1, 'APPROVED', 'Genehmigt', '2022-09-13 11:38:24'),
(230, 85, 67, 1, 'PENDING', 'Abgelehnt aufgrund von Budgetüberschreitung', '2023-05-16 09:05:37'),
(231, 221, 53, 1, 'PENDING', 'Abgelehnt aufgrund von Budgetüberschreitung', '2022-11-21 14:07:42'),
(232, 106, 15, 1, 'APPROVED', 'Genehmigt', '2023-07-21 19:04:06'),
(233, 860, 21, 3, 'APPROVED', 'Genehmigt', '2023-01-14 09:02:25'),
(234, 803, 9, 2, 'PENDING', 'Abgelehnt aufgrund von Budgetüberschreitung', '2024-05-04 15:13:11'),
(235, 3, 53, 1, 'PENDING', 'Abgelehnt aufgrund von Budgetüberschreitung', '2024-01-28 21:05:32'),
(236, 377, 2, 3, 'APPROVED', 'Genehmigt', '2024-07-10 06:01:19'),
(237, 637, 34, 1, 'APPROVED', 'Genehmigt', '2023-07-22 03:34:46'),
(238, 709, 8, 2, 'PENDING', 'Abgelehnt aufgrund von Budgetüberschreitung', '2023-03-21 00:36:19'),
(239, 26, 52, 3, 'REJECTED', 'Abgelehnt aufgrund von Budgetüberschreitung', '2022-09-28 11:44:44'),
(240, 309, 17, 1, 'REJECTED', 'Abgelehnt aufgrund von Budgetüberschreitung', '2022-08-17 23:42:46'),
(241, 208, 15, 2, 'PENDING', 'Abgelehnt aufgrund von Budgetüberschreitung', '2024-02-06 16:00:39'),
(242, 335, 8, 3, 'APPROVED', 'Genehmigt', '2024-04-27 13:31:56'),
(243, 644, 65, 2, 'APPROVED', 'Genehmigt', '2024-04-08 07:49:20'),
(244, 595, 17, 1, 'PENDING', 'Abgelehnt aufgrund von Budgetüberschreitung', '2023-03-17 06:37:11'),
(245, 88, 15, 3, 'REJECTED', 'Abgelehnt aufgrund von Budgetüberschreitung', '2023-02-26 17:26:29'),
(246, 581, 34, 3, 'PENDING', 'Abgelehnt aufgrund von Budgetüberschreitung', '2023-10-26 23:10:56'),
(247, 685, 48, 2, 'REJECTED', 'Abgelehnt aufgrund von Budgetüberschreitung', '2023-12-10 08:27:45'),
(248, 58, 9, 3, 'REJECTED', 'Abgelehnt aufgrund von Budgetüberschreitung', '2023-07-28 08:35:28'),
(249, 937, 73, 2, 'REJECTED', 'Abgelehnt aufgrund von Budgetüberschreitung', '2023-05-10 16:14:32'),
(250, 619, 65, 1, 'REJECTED', 'Abgelehnt aufgrund von Budgetüberschreitung', '2024-06-14 05:29:03'),
(251, 936, 33, 3, 'APPROVED', 'Genehmigt', '2024-04-14 03:14:21'),
(252, 39, 8, 1, 'PENDING', 'Abgelehnt aufgrund von Budgetüberschreitung', '2023-10-25 03:14:53'),
(253, 515, 52, 2, 'REJECTED', 'Abgelehnt aufgrund von Budgetüberschreitung', '2024-12-12 22:43:02'),
(254, 866, 8, 1, 'PENDING', 'Abgelehnt aufgrund von Budgetüberschreitung', '2023-05-09 15:22:43'),
(255, 148, 21, 2, 'REJECTED', 'Abgelehnt aufgrund von Budgetüberschreitung', '2023-09-12 02:50:46'),
(256, 338, 33, 1, 'REJECTED', 'Abgelehnt aufgrund von Budgetüberschreitung', '2024-06-12 21:53:34'),
(257, 961, 65, 2, 'REJECTED', 'Abgelehnt aufgrund von Budgetüberschreitung', '2024-12-19 21:13:51'),
(258, 883, 21, 1, 'APPROVED', 'Genehmigt', '2023-10-22 01:10:54'),
(259, 10, 25, 3, 'APPROVED', 'Genehmigt', '2023-05-06 16:22:52'),
(260, 36, 9, 2, 'APPROVED', 'Genehmigt', '2023-07-09 05:20:46'),
(261, 891, 16, 3, 'REJECTED', 'Abgelehnt aufgrund von Budgetüberschreitung', '2025-02-08 02:21:41'),
(262, 340, 44, 1, 'APPROVED', 'Genehmigt', '2024-09-09 09:44:37'),
(263, 272, 67, 2, 'PENDING', 'Abgelehnt aufgrund von Budgetüberschreitung', '2023-03-07 16:36:18'),
(264, 831, 44, 2, 'PENDING', 'Abgelehnt aufgrund von Budgetüberschreitung', '2024-03-24 07:33:13'),
(265, 48, 16, 2, 'PENDING', 'Abgelehnt aufgrund von Budgetüberschreitung', '2024-11-09 23:15:48'),
(266, 994, 73, 1, 'REJECTED', 'Abgelehnt aufgrund von Budgetüberschreitung', '2024-07-13 11:44:36'),
(267, 222, 33, 3, 'APPROVED', 'Genehmigt', '2024-01-11 08:46:07'),
(268, 676, 21, 2, 'PENDING', 'Abgelehnt aufgrund von Budgetüberschreitung', '2024-03-29 14:21:51'),
(269, 253, 52, 2, 'PENDING', 'Abgelehnt aufgrund von Budgetüberschreitung', '2024-11-21 13:02:54'),
(270, 909, 8, 3, 'APPROVED', 'Genehmigt', '2022-06-05 19:51:49'),
(271, 260, 8, 1, 'REJECTED', 'Abgelehnt aufgrund von Budgetüberschreitung', '2022-11-09 17:06:56'),
(272, 988, 2, 1, 'PENDING', 'Abgelehnt aufgrund von Budgetüberschreitung', '2023-07-02 18:46:57'),
(273, 604, 21, 2, 'PENDING', 'Abgelehnt aufgrund von Budgetüberschreitung', '2024-03-27 19:40:19'),
(274, 77, 65, 1, 'REJECTED', 'Abgelehnt aufgrund von Budgetüberschreitung', '2023-08-09 11:32:25'),
(275, 799, 17, 2, 'PENDING', 'Abgelehnt aufgrund von Budgetüberschreitung', '2022-05-19 20:23:53'),
(276, 4, 25, 2, 'APPROVED', 'Genehmigt', '2022-03-17 20:56:09'),
(277, 562, 44, 1, 'APPROVED', 'Genehmigt', '2022-01-01 05:30:08'),
(278, 434, 8, 1, 'PENDING', 'Abgelehnt aufgrund von Budgetüberschreitung', '2023-09-28 22:24:24'),
(279, 158, 66, 2, 'PENDING', 'Abgelehnt aufgrund von Budgetüberschreitung', '2024-07-19 16:05:47'),
(280, 651, 53, 1, 'REJECTED', 'Abgelehnt aufgrund von Budgetüberschreitung', '2024-07-26 12:27:32'),
(281, 40, 25, 2, 'REJECTED', 'Abgelehnt aufgrund von Budgetüberschreitung', '2024-11-09 08:28:56'),
(282, 364, 44, 2, 'APPROVED', 'Genehmigt', '2023-03-30 17:43:47'),
(283, 522, 65, 1, 'PENDING', 'Abgelehnt aufgrund von Budgetüberschreitung', '2023-12-29 19:17:03'),
(284, 706, 17, 1, 'REJECTED', 'Abgelehnt aufgrund von Budgetüberschreitung', '2023-04-03 08:28:11'),
(285, 614, 25, 1, 'REJECTED', 'Abgelehnt aufgrund von Budgetüberschreitung', '2023-09-24 06:52:06'),
(286, 75, 33, 1, 'PENDING', 'Abgelehnt aufgrund von Budgetüberschreitung', '2023-12-19 18:06:59'),
(287, 676, 48, 3, 'PENDING', 'Abgelehnt aufgrund von Budgetüberschreitung', '2023-12-18 19:44:35'),
(288, 209, 33, 2, 'APPROVED', 'Genehmigt', '2024-09-18 08:56:05'),
(289, 306, 34, 1, 'PENDING', 'Abgelehnt aufgrund von Budgetüberschreitung', '2024-03-25 19:52:15'),
(290, 202, 16, 1, 'REJECTED', 'Abgelehnt aufgrund von Budgetüberschreitung', '2025-02-13 08:56:43'),
(291, 351, 21, 2, 'REJECTED', 'Abgelehnt aufgrund von Budgetüberschreitung', '2022-01-10 05:39:02'),
(292, 830, 65, 3, 'REJECTED', 'Abgelehnt aufgrund von Budgetüberschreitung', '2023-07-22 13:51:31'),
(293, 592, 33, 2, 'PENDING', 'Abgelehnt aufgrund von Budgetüberschreitung', '2023-09-04 09:28:12'),
(294, 79, 21, 2, 'PENDING', 'Abgelehnt aufgrund von Budgetüberschreitung', '2024-04-08 16:09:45'),
(295, 294, 15, 2, 'REJECTED', 'Abgelehnt aufgrund von Budgetüberschreitung', '2024-08-19 23:17:47'),
(296, 843, 73, 2, 'REJECTED', 'Abgelehnt aufgrund von Budgetüberschreitung', '2023-08-04 00:59:46'),
(297, 342, 34, 2, 'REJECTED', 'Abgelehnt aufgrund von Budgetüberschreitung', '2024-05-29 17:09:04'),
(298, 211, 34, 1, 'REJECTED', 'Abgelehnt aufgrund von Budgetüberschreitung', '2023-10-18 16:10:37'),
(299, 965, 17, 3, 'APPROVED', 'Genehmigt', '2022-05-24 13:45:00'),
(300, 173, 53, 2, 'PENDING', 'Abgelehnt aufgrund von Budgetüberschreitung', '2022-07-04 20:36:25'),
(301, 600, 15, 2, 'REJECTED', 'Abgelehnt aufgrund von Budgetüberschreitung', '2022-09-02 14:31:14'),
(302, 28, 73, 2, 'REJECTED', 'Abgelehnt aufgrund von Budgetüberschreitung', '2023-09-02 22:30:38'),
(303, 10, 16, 2, 'REJECTED', 'Abgelehnt aufgrund von Budgetüberschreitung', '2022-08-29 19:56:42'),
(304, 406, 56, 3, 'REJECTED', 'Abgelehnt aufgrund von Budgetüberschreitung', '2023-08-06 10:48:34'),
(305, 728, 33, 3, 'APPROVED', 'Genehmigt', '2024-04-17 15:55:00'),
(306, 7, 65, 1, 'APPROVED', 'Genehmigt', '2024-07-05 13:58:51'),
(307, 426, 2, 2, 'PENDING', 'Abgelehnt aufgrund von Budgetüberschreitung', '2023-07-19 17:08:22'),
(308, 129, 48, 2, 'PENDING', 'Abgelehnt aufgrund von Budgetüberschreitung', '2024-02-14 20:52:42'),
(309, 623, 17, 1, 'REJECTED', 'Abgelehnt aufgrund von Budgetüberschreitung', '2022-05-14 17:57:44'),
(310, 656, 73, 3, 'PENDING', 'Abgelehnt aufgrund von Budgetüberschreitung', '2022-04-02 11:17:24'),
(311, 2, 8, 1, 'REJECTED', 'Abgelehnt aufgrund von Budgetüberschreitung', '2022-11-15 00:16:37'),
(312, 379, 16, 1, 'PENDING', 'Abgelehnt aufgrund von Budgetüberschreitung', '2022-08-28 01:46:12'),
(313, 946, 8, 3, 'REJECTED', 'Abgelehnt aufgrund von Budgetüberschreitung', '2023-01-25 00:49:22'),
(314, 612, 73, 2, 'APPROVED', 'Genehmigt', '2023-04-08 23:25:14'),
(315, 994, 56, 2, 'APPROVED', 'Genehmigt', '2023-09-03 02:21:38'),
(316, 489, 16, 2, 'REJECTED', 'Abgelehnt aufgrund von Budgetüberschreitung', '2023-01-01 03:12:53'),
(317, 148, 44, 1, 'PENDING', 'Abgelehnt aufgrund von Budgetüberschreitung', '2022-02-08 20:26:13'),
(318, 309, 34, 2, 'REJECTED', 'Abgelehnt aufgrund von Budgetüberschreitung', '2022-04-02 12:15:35'),
(319, 827, 9, 3, 'APPROVED', 'Genehmigt', '2022-08-11 21:51:29'),
(320, 446, 73, 2, 'APPROVED', 'Genehmigt', '2024-07-06 13:06:51'),
(321, 454, 15, 1, 'PENDING', 'Abgelehnt aufgrund von Budgetüberschreitung', '2023-10-22 18:03:08'),
(322, 388, 2, 1, 'APPROVED', 'Genehmigt', '2025-02-02 08:56:31'),
(323, 619, 21, 2, 'PENDING', 'Abgelehnt aufgrund von Budgetüberschreitung', '2024-08-30 21:38:48'),
(324, 597, 48, 1, 'REJECTED', 'Abgelehnt aufgrund von Budgetüberschreitung', '2022-04-12 13:17:00'),
(325, 119, 48, 2, 'PENDING', 'Abgelehnt aufgrund von Budgetüberschreitung', '2024-01-10 01:21:22'),
(326, 769, 48, 2, 'APPROVED', 'Genehmigt', '2022-05-14 16:05:38'),
(327, 704, 25, 3, 'APPROVED', 'Genehmigt', '2022-01-29 07:35:53'),
(328, 590, 44, 2, 'PENDING', 'Abgelehnt aufgrund von Budgetüberschreitung', '2024-11-28 08:31:53'),
(329, 208, 16, 3, 'REJECTED', 'Abgelehnt aufgrund von Budgetüberschreitung', '2023-03-25 14:15:30'),
(330, 833, 48, 1, 'REJECTED', 'Abgelehnt aufgrund von Budgetüberschreitung', '2022-02-17 11:46:44'),
(331, 814, 9, 3, 'APPROVED', 'Genehmigt', '2023-12-30 14:36:25'),
(332, 139, 8, 2, 'PENDING', 'Abgelehnt aufgrund von Budgetüberschreitung', '2023-02-01 04:23:02'),
(333, 602, 25, 3, 'APPROVED', 'Genehmigt', '2022-09-10 18:44:28'),
(334, 382, 34, 2, 'PENDING', 'Abgelehnt aufgrund von Budgetüberschreitung', '2023-04-11 11:24:27'),
(335, 594, 33, 2, 'APPROVED', 'Genehmigt', '2023-05-21 20:30:12'),
(336, 948, 2, 1, 'PENDING', 'Abgelehnt aufgrund von Budgetüberschreitung', '2024-07-29 10:22:39'),
(337, 804, 34, 2, 'APPROVED', 'Genehmigt', '2022-07-12 16:30:57'),
(338, 977, 21, 2, 'PENDING', 'Abgelehnt aufgrund von Budgetüberschreitung', '2023-09-30 22:11:35'),
(339, 696, 66, 1, 'APPROVED', 'Genehmigt', '2023-11-06 13:36:47'),
(340, 662, 67, 3, 'REJECTED', 'Abgelehnt aufgrund von Budgetüberschreitung', '2022-06-10 02:54:10'),
(341, 102, 53, 3, 'PENDING', 'Abgelehnt aufgrund von Budgetüberschreitung', '2024-11-30 20:35:06'),
(342, 481, 73, 2, 'REJECTED', 'Abgelehnt aufgrund von Budgetüberschreitung', '2024-01-21 03:51:34'),
(343, 585, 56, 3, 'PENDING', 'Abgelehnt aufgrund von Budgetüberschreitung', '2024-04-11 03:32:43'),
(344, 677, 52, 2, 'APPROVED', 'Genehmigt', '2024-10-28 07:58:59'),
(345, 623, 66, 2, 'REJECTED', 'Abgelehnt aufgrund von Budgetüberschreitung', '2022-02-16 10:54:41'),
(346, 822, 2, 2, 'PENDING', 'Abgelehnt aufgrund von Budgetüberschreitung', '2024-12-19 00:03:03'),
(347, 799, 56, 2, 'PENDING', 'Abgelehnt aufgrund von Budgetüberschreitung', '2022-01-14 12:45:25'),
(348, 997, 73, 3, 'REJECTED', 'Abgelehnt aufgrund von Budgetüberschreitung', '2022-10-11 22:33:31'),
(349, 976, 67, 1, 'APPROVED', 'Genehmigt', '2024-11-07 09:15:48'),
(350, 350, 33, 3, 'APPROVED', 'Genehmigt', '2022-09-29 19:31:52'),
(351, 599, 15, 1, 'PENDING', 'Abgelehnt aufgrund von Budgetüberschreitung', '2024-12-27 15:22:23'),
(352, 954, 21, 3, 'PENDING', 'Abgelehnt aufgrund von Budgetüberschreitung', '2023-05-14 01:53:40'),
(353, 164, 15, 1, 'REJECTED', 'Abgelehnt aufgrund von Budgetüberschreitung', '2023-12-23 00:26:16'),
(354, 904, 17, 3, 'REJECTED', 'Abgelehnt aufgrund von Budgetüberschreitung', '2024-01-03 20:49:29'),
(355, 719, 48, 2, 'PENDING', 'Abgelehnt aufgrund von Budgetüberschreitung', '2023-06-19 20:38:05'),
(356, 254, 16, 3, 'REJECTED', 'Abgelehnt aufgrund von Budgetüberschreitung', '2023-01-07 05:11:06'),
(357, 408, 52, 3, 'REJECTED', 'Abgelehnt aufgrund von Budgetüberschreitung', '2024-08-27 17:27:41'),
(358, 985, 16, 2, 'APPROVED', 'Genehmigt', '2025-01-17 20:18:09'),
(359, 218, 15, 2, 'PENDING', 'Abgelehnt aufgrund von Budgetüberschreitung', '2024-01-23 18:21:56'),
(360, 366, 56, 1, 'APPROVED', 'Genehmigt', '2023-09-17 07:56:55'),
(361, 671, 17, 1, 'PENDING', 'Abgelehnt aufgrund von Budgetüberschreitung', '2023-02-05 10:07:43'),
(362, 893, 33, 1, 'APPROVED', 'Genehmigt', '2022-05-07 01:17:11'),
(363, 567, 25, 3, 'REJECTED', 'Abgelehnt aufgrund von Budgetüberschreitung', '2023-10-20 13:09:56'),
(364, 722, 34, 1, 'APPROVED', 'Genehmigt', '2024-08-26 22:16:47'),
(365, 267, 48, 3, 'APPROVED', 'Genehmigt', '2022-02-18 11:30:32'),
(366, 95, 16, 2, 'PENDING', 'Abgelehnt aufgrund von Budgetüberschreitung', '2022-09-16 00:45:28'),
(367, 834, 16, 1, 'REJECTED', 'Abgelehnt aufgrund von Budgetüberschreitung', '2024-06-23 11:14:28'),
(368, 213, 15, 1, 'APPROVED', 'Genehmigt', '2024-04-23 10:27:21'),
(369, 493, 15, 2, 'REJECTED', 'Abgelehnt aufgrund von Budgetüberschreitung', '2023-10-05 09:50:23'),
(370, 864, 66, 3, 'REJECTED', 'Abgelehnt aufgrund von Budgetüberschreitung', '2024-01-29 05:51:04'),
(371, 919, 56, 3, 'PENDING', 'Abgelehnt aufgrund von Budgetüberschreitung', '2024-10-19 12:29:39'),
(372, 897, 66, 2, 'APPROVED', 'Genehmigt', '2024-04-24 11:45:44'),
(373, 171, 34, 2, 'APPROVED', 'Genehmigt', '2024-11-23 00:57:24'),
(374, 438, 52, 1, 'PENDING', 'Abgelehnt aufgrund von Budgetüberschreitung', '2022-07-03 08:16:50'),
(375, 776, 53, 1, 'APPROVED', 'Genehmigt', '2022-02-24 16:20:19'),
(376, 223, 48, 1, 'REJECTED', 'Abgelehnt aufgrund von Budgetüberschreitung', '2024-04-13 18:46:26'),
(377, 306, 15, 3, 'PENDING', 'Abgelehnt aufgrund von Budgetüberschreitung', '2023-07-20 20:54:10'),
(378, 76, 53, 3, 'APPROVED', 'Genehmigt', '2023-02-14 01:55:32'),
(379, 579, 73, 2, 'REJECTED', 'Abgelehnt aufgrund von Budgetüberschreitung', '2023-09-11 21:11:45'),
(380, 650, 44, 1, 'REJECTED', 'Abgelehnt aufgrund von Budgetüberschreitung', '2022-01-09 02:26:03'),
(381, 892, 33, 2, 'APPROVED', 'Genehmigt', '2023-10-06 16:58:29'),
(382, 378, 65, 1, 'PENDING', 'Abgelehnt aufgrund von Budgetüberschreitung', '2022-09-15 18:39:22'),
(383, 714, 53, 1, 'REJECTED', 'Abgelehnt aufgrund von Budgetüberschreitung', '2022-01-11 05:31:03'),
(384, 91, 15, 1, 'REJECTED', 'Abgelehnt aufgrund von Budgetüberschreitung', '2024-03-26 05:42:22'),
(385, 236, 25, 1, 'APPROVED', 'Genehmigt', '2022-08-30 21:36:59'),
(386, 347, 21, 3, 'REJECTED', 'Abgelehnt aufgrund von Budgetüberschreitung', '2022-12-07 05:17:19'),
(387, 803, 52, 2, 'REJECTED', 'Abgelehnt aufgrund von Budgetüberschreitung', '2023-06-30 14:25:49'),
(388, 648, 9, 1, 'REJECTED', 'Abgelehnt aufgrund von Budgetüberschreitung', '2023-10-16 18:31:53'),
(389, 704, 33, 3, 'REJECTED', 'Abgelehnt aufgrund von Budgetüberschreitung', '2023-01-12 07:17:53'),
(390, 929, 8, 3, 'REJECTED', 'Abgelehnt aufgrund von Budgetüberschreitung', '2023-01-12 17:45:42'),
(391, 855, 48, 3, 'APPROVED', 'Genehmigt', '2024-11-11 12:37:42'),
(392, 205, 16, 1, 'PENDING', 'Abgelehnt aufgrund von Budgetüberschreitung', '2022-04-25 17:36:58'),
(393, 254, 44, 1, 'REJECTED', 'Abgelehnt aufgrund von Budgetüberschreitung', '2024-03-13 09:32:48'),
(394, 690, 17, 2, 'APPROVED', 'Genehmigt', '2022-02-03 12:00:55'),
(395, 649, 73, 2, 'APPROVED', 'Genehmigt', '2024-05-17 16:35:41'),
(396, 332, 44, 3, 'PENDING', 'Abgelehnt aufgrund von Budgetüberschreitung', '2024-01-16 00:15:20'),
(397, 150, 17, 1, 'PENDING', 'Abgelehnt aufgrund von Budgetüberschreitung', '2022-12-27 23:10:00'),
(398, 279, 56, 2, 'REJECTED', 'Abgelehnt aufgrund von Budgetüberschreitung', '2022-11-23 02:57:19'),
(399, 67, 34, 3, 'PENDING', 'Abgelehnt aufgrund von Budgetüberschreitung', '2022-04-23 09:46:23'),
(400, 861, 17, 3, 'PENDING', 'Abgelehnt aufgrund von Budgetüberschreitung', '2025-01-06 07:40:32'),
(401, 433, 8, 2, 'REJECTED', 'Abgelehnt aufgrund von Budgetüberschreitung', '2022-04-17 09:43:00'),
(402, 923, 2, 2, 'APPROVED', 'Genehmigt', '2024-01-31 11:52:05'),
(403, 492, 67, 1, 'PENDING', 'Abgelehnt aufgrund von Budgetüberschreitung', '2023-09-10 00:44:20'),
(404, 669, 48, 3, 'APPROVED', 'Genehmigt', '2024-12-30 23:16:43'),
(405, 973, 16, 1, 'REJECTED', 'Abgelehnt aufgrund von Budgetüberschreitung', '2023-03-23 22:33:28'),
(406, 71, 17, 1, 'REJECTED', 'Abgelehnt aufgrund von Budgetüberschreitung', '2022-01-08 16:23:01'),
(407, 502, 34, 3, 'PENDING', 'Abgelehnt aufgrund von Budgetüberschreitung', '2022-09-06 04:12:13'),
(408, 153, 66, 3, 'REJECTED', 'Abgelehnt aufgrund von Budgetüberschreitung', '2022-02-18 15:32:29'),
(409, 242, 44, 1, 'REJECTED', 'Abgelehnt aufgrund von Budgetüberschreitung', '2023-10-05 11:39:10'),
(410, 431, 17, 2, 'APPROVED', 'Genehmigt', '2022-09-20 05:15:50'),
(411, 240, 33, 2, 'REJECTED', 'Abgelehnt aufgrund von Budgetüberschreitung', '2022-04-13 12:57:59'),
(412, 218, 66, 2, 'REJECTED', 'Abgelehnt aufgrund von Budgetüberschreitung', '2023-11-18 17:43:55'),
(413, 561, 34, 1, 'APPROVED', 'Genehmigt', '2024-09-27 07:58:06'),
(414, 822, 33, 3, 'APPROVED', 'Genehmigt', '2022-06-29 03:36:20'),
(415, 865, 21, 1, 'REJECTED', 'Abgelehnt aufgrund von Budgetüberschreitung', '2022-04-11 15:31:59'),
(416, 32, 53, 1, 'APPROVED', 'Genehmigt', '2024-07-11 20:53:47'),
(417, 416, 16, 2, 'REJECTED', 'Abgelehnt aufgrund von Budgetüberschreitung', '2022-07-02 22:59:02'),
(418, 883, 16, 2, 'PENDING', 'Abgelehnt aufgrund von Budgetüberschreitung', '2022-02-14 18:46:35'),
(419, 380, 15, 1, 'PENDING', 'Abgelehnt aufgrund von Budgetüberschreitung', '2024-01-18 18:10:52'),
(420, 650, 8, 3, 'PENDING', 'Abgelehnt aufgrund von Budgetüberschreitung', '2023-03-24 16:41:59'),
(421, 917, 2, 1, 'REJECTED', 'Abgelehnt aufgrund von Budgetüberschreitung', '2024-05-12 16:54:47'),
(422, 552, 16, 2, 'APPROVED', 'Genehmigt', '2022-10-18 08:39:00'),
(423, 614, 33, 1, 'PENDING', 'Abgelehnt aufgrund von Budgetüberschreitung', '2022-10-31 02:30:32'),
(424, 550, 33, 3, 'APPROVED', 'Genehmigt', '2025-02-08 07:19:43'),
(425, 614, 2, 3, 'APPROVED', 'Genehmigt', '2022-02-09 02:57:56'),
(426, 504, 53, 2, 'APPROVED', 'Genehmigt', '2024-09-06 20:42:55'),
(427, 993, 53, 2, 'REJECTED', 'Abgelehnt aufgrund von Budgetüberschreitung', '2023-06-29 01:44:57'),
(428, 630, 16, 2, 'REJECTED', 'Abgelehnt aufgrund von Budgetüberschreitung', '2024-09-15 09:38:37'),
(429, 274, 56, 2, 'PENDING', 'Abgelehnt aufgrund von Budgetüberschreitung', '2024-05-10 21:18:58'),
(430, 392, 17, 3, 'REJECTED', 'Abgelehnt aufgrund von Budgetüberschreitung', '2024-07-09 10:52:37'),
(431, 697, 33, 3, 'REJECTED', 'Abgelehnt aufgrund von Budgetüberschreitung', '2022-12-01 06:10:44'),
(432, 710, 33, 3, 'PENDING', 'Abgelehnt aufgrund von Budgetüberschreitung', '2024-03-04 17:42:38'),
(433, 597, 48, 1, 'PENDING', 'Abgelehnt aufgrund von Budgetüberschreitung', '2023-01-10 13:45:53'),
(434, 111, 15, 1, 'PENDING', 'Abgelehnt aufgrund von Budgetüberschreitung', '2024-04-05 16:19:28'),
(435, 782, 56, 2, 'APPROVED', 'Genehmigt', '2022-08-25 01:25:41'),
(436, 51, 9, 3, 'PENDING', 'Abgelehnt aufgrund von Budgetüberschreitung', '2023-10-08 03:13:36'),
(437, 660, 15, 2, 'APPROVED', 'Genehmigt', '2022-07-13 14:56:22'),
(438, 451, 73, 1, 'REJECTED', 'Abgelehnt aufgrund von Budgetüberschreitung', '2022-11-07 12:01:49'),
(439, 458, 65, 2, 'PENDING', 'Abgelehnt aufgrund von Budgetüberschreitung', '2024-08-01 06:36:26'),
(440, 802, 67, 1, 'APPROVED', 'Genehmigt', '2024-08-17 13:50:54'),
(441, 352, 2, 3, 'REJECTED', 'Abgelehnt aufgrund von Budgetüberschreitung', '2023-08-18 04:46:18'),
(442, 955, 67, 3, 'PENDING', 'Abgelehnt aufgrund von Budgetüberschreitung', '2022-10-14 19:41:59'),
(443, 394, 34, 3, 'APPROVED', 'Genehmigt', '2024-03-31 15:06:48'),
(444, 740, 73, 2, 'REJECTED', 'Abgelehnt aufgrund von Budgetüberschreitung', '2024-11-24 15:34:56'),
(445, 436, 8, 1, 'PENDING', 'Abgelehnt aufgrund von Budgetüberschreitung', '2025-02-11 22:59:03'),
(446, 920, 34, 1, 'REJECTED', 'Abgelehnt aufgrund von Budgetüberschreitung', '2025-01-05 08:57:46'),
(447, 932, 15, 1, 'REJECTED', 'Abgelehnt aufgrund von Budgetüberschreitung', '2022-06-20 00:18:53'),
(448, 275, 16, 1, 'APPROVED', 'Genehmigt', '2022-02-12 21:27:11'),
(449, 640, 66, 3, 'REJECTED', 'Abgelehnt aufgrund von Budgetüberschreitung', '2023-09-02 14:37:54'),
(450, 408, 73, 1, 'REJECTED', 'Abgelehnt aufgrund von Budgetüberschreitung', '2023-10-29 09:39:46'),
(451, 858, 25, 2, 'REJECTED', 'Abgelehnt aufgrund von Budgetüberschreitung', '2023-09-26 01:25:28'),
(452, 919, 56, 3, 'APPROVED', 'Genehmigt', '2024-01-22 07:38:59'),
(453, 42, 34, 3, 'APPROVED', 'Genehmigt', '2022-09-27 07:05:13'),
(454, 357, 33, 1, 'PENDING', 'Abgelehnt aufgrund von Budgetüberschreitung', '2023-02-26 08:28:17'),
(455, 737, 2, 1, 'APPROVED', 'Genehmigt', '2022-02-14 10:30:50'),
(456, 692, 66, 1, 'REJECTED', 'Abgelehnt aufgrund von Budgetüberschreitung', '2024-12-02 15:53:45'),
(457, 504, 67, 2, 'APPROVED', 'Genehmigt', '2024-08-04 02:39:13'),
(458, 109, 65, 3, 'APPROVED', 'Genehmigt', '2024-03-20 05:26:27'),
(459, 973, 16, 1, 'REJECTED', 'Abgelehnt aufgrund von Budgetüberschreitung', '2024-12-19 09:00:21'),
(460, 661, 25, 2, 'APPROVED', 'Genehmigt', '2022-02-09 02:49:33'),
(461, 925, 8, 1, 'APPROVED', 'Genehmigt', '2023-02-14 10:29:31'),
(462, 6, 25, 2, 'PENDING', 'Abgelehnt aufgrund von Budgetüberschreitung', '2022-06-11 21:35:18'),
(463, 517, 33, 1, 'REJECTED', 'Abgelehnt aufgrund von Budgetüberschreitung', '2022-01-18 00:34:55'),
(464, 108, 73, 1, 'PENDING', 'Abgelehnt aufgrund von Budgetüberschreitung', '2022-09-08 03:27:20'),
(465, 531, 66, 3, 'REJECTED', 'Abgelehnt aufgrund von Budgetüberschreitung', '2025-02-16 15:59:30'),
(466, 769, 56, 1, 'PENDING', 'Abgelehnt aufgrund von Budgetüberschreitung', '2024-11-10 03:31:28'),
(467, 273, 8, 1, 'APPROVED', 'Genehmigt', '2023-06-15 23:42:20'),
(468, 452, 56, 3, 'APPROVED', 'Genehmigt', '2023-08-18 08:48:57'),
(469, 804, 65, 2, 'REJECTED', 'Abgelehnt aufgrund von Budgetüberschreitung', '2022-04-07 12:54:55'),
(470, 371, 73, 2, 'REJECTED', 'Abgelehnt aufgrund von Budgetüberschreitung', '2022-10-29 00:58:58'),
(471, 943, 25, 2, 'APPROVED', 'Genehmigt', '2023-02-18 05:42:41'),
(472, 680, 9, 2, 'REJECTED', 'Abgelehnt aufgrund von Budgetüberschreitung', '2024-05-06 13:26:39'),
(473, 379, 25, 2, 'REJECTED', 'Abgelehnt aufgrund von Budgetüberschreitung', '2023-07-18 12:17:50'),
(474, 914, 8, 3, 'PENDING', 'Abgelehnt aufgrund von Budgetüberschreitung', '2023-01-06 00:38:08'),
(475, 350, 34, 2, 'PENDING', 'Abgelehnt aufgrund von Budgetüberschreitung', '2023-07-22 11:59:22'),
(476, 921, 56, 3, 'APPROVED', 'Genehmigt', '2022-09-22 10:30:29'),
(477, 893, 48, 2, 'PENDING', 'Abgelehnt aufgrund von Budgetüberschreitung', '2023-11-15 19:58:15'),
(478, 63, 67, 1, 'PENDING', 'Abgelehnt aufgrund von Budgetüberschreitung', '2024-07-23 03:41:19'),
(479, 635, 16, 1, 'REJECTED', 'Abgelehnt aufgrund von Budgetüberschreitung', '2023-09-02 06:46:05'),
(480, 306, 52, 1, 'PENDING', 'Abgelehnt aufgrund von Budgetüberschreitung', '2023-06-28 11:33:45'),
(481, 799, 65, 1, 'APPROVED', 'Genehmigt', '2023-12-27 20:31:10'),
(482, 350, 52, 3, 'APPROVED', 'Genehmigt', '2022-07-04 14:52:57'),
(483, 212, 25, 3, 'APPROVED', 'Genehmigt', '2022-03-08 14:51:27'),
(484, 230, 8, 2, 'PENDING', 'Abgelehnt aufgrund von Budgetüberschreitung', '2024-06-12 18:22:14'),
(485, 120, 17, 1, 'REJECTED', 'Abgelehnt aufgrund von Budgetüberschreitung', '2022-04-08 18:04:19'),
(486, 187, 53, 1, 'PENDING', 'Abgelehnt aufgrund von Budgetüberschreitung', '2023-02-24 21:04:23'),
(487, 379, 16, 3, 'APPROVED', 'Genehmigt', '2024-11-19 02:09:16'),
(488, 685, 56, 3, 'APPROVED', 'Genehmigt', '2022-08-08 07:13:27'),
(489, 37, 67, 3, 'REJECTED', 'Abgelehnt aufgrund von Budgetüberschreitung', '2022-10-02 04:58:46'),
(490, 149, 16, 3, 'REJECTED', 'Abgelehnt aufgrund von Budgetüberschreitung', '2024-02-15 12:46:48'),
(491, 922, 21, 3, 'REJECTED', 'Abgelehnt aufgrund von Budgetüberschreitung', '2025-02-19 04:23:05'),
(492, 296, 9, 1, 'APPROVED', 'Genehmigt', '2024-05-09 14:02:53'),
(493, 1000, 8, 2, 'REJECTED', 'Abgelehnt aufgrund von Budgetüberschreitung', '2024-12-24 06:52:01'),
(494, 708, 48, 2, 'APPROVED', 'Genehmigt', '2023-04-09 16:21:41'),
(495, 762, 21, 3, 'PENDING', 'Abgelehnt aufgrund von Budgetüberschreitung', '2024-02-25 09:39:03'),
(496, 879, 16, 1, 'APPROVED', 'Genehmigt', '2022-12-19 18:40:36'),
(497, 806, 53, 3, 'APPROVED', 'Genehmigt', '2022-05-03 11:05:28'),
(498, 114, 34, 1, 'APPROVED', 'Genehmigt', '2024-01-08 22:16:45'),
(499, 552, 16, 3, 'REJECTED', 'Abgelehnt aufgrund von Budgetüberschreitung', '2025-01-16 17:25:16'),
(500, 678, 67, 3, 'REJECTED', 'Abgelehnt aufgrund von Budgetüberschreitung', '2023-02-23 18:50:51');

INSERT INTO goods_receipt (receipt_id, po_id, order_item_id, receiver_id, delivery_note_number, quantity_received, receipt_date, status, quality_status, batch_number, comment, created_at) VALUES
(1, 361, 2851, 60, 'DN-5734314', 8, '2023-11-07 01:59:37', 'DAMAGED', 'REJECTED', 'BATCH-785831', 'Issue found', '2023-11-07 01:59:37'),
(2, 715, 2637, 32, 'DN-6286772', 22, '2023-08-14 08:12:39', 'REJECTED', 'DAMAGED', 'BATCH-905435', 'Issue found', '2023-08-14 08:12:39'),
(3, 441, 2804, 75, 'DN-6017535', 2, '2022-12-08 13:06:36', 'REJECTED', 'REJECTED', 'BATCH-700323', 'Issue found', '2022-12-08 13:06:36'),
(4, 20, 1307, 86, 'DN-2395875', 91, '2023-08-02 04:48:15', 'PARTIAL', 'GOOD', 'BATCH-965022', 'All good', '2023-08-02 04:48:15'),
(5, 40, 2961, 86, 'DN-9907516', 12, '2025-02-14 03:30:41', 'DAMAGED', 'DAMAGED', 'BATCH-524360', 'Issue found', '2025-02-14 03:30:41'),
(6, 659, 1495, 50, 'DN-2389145', 8, '2022-08-23 01:52:43', 'PARTIAL', 'DAMAGED', 'BATCH-451533', 'Issue found', '2022-08-23 01:52:43'),
(7, 568, 1181, 32, 'DN-8805864', 74, '2024-11-17 19:43:45', 'DAMAGED', 'REJECTED', 'BATCH-529505', 'Issue found', '2024-11-17 19:43:45'),
(8, 930, 2252, 60, 'DN-7985549', 76, '2022-05-25 17:03:32', 'COMPLETE', 'DAMAGED', 'BATCH-231941', 'Issue found', '2022-05-25 17:03:32'),
(9, 128, 1391, 89, 'DN-6694826', 90, '2022-09-20 23:44:09', 'PARTIAL', 'GOOD', 'BATCH-744808', 'All good', '2022-09-20 23:44:09'),
(10, 35, 2148, 86, 'DN-2329725', 85, '2024-09-13 10:45:29', 'REJECTED', 'DAMAGED', 'BATCH-761436', 'Issue found', '2024-09-13 10:45:29'),
(11, 116, 2132, 32, 'DN-1595006', 55, '2023-05-23 13:08:08', 'DAMAGED', 'DAMAGED', 'BATCH-410016', 'Issue found', '2023-05-23 13:08:08'),
(12, 695, 2329, 60, 'DN-4843731', 38, '2024-07-02 18:11:21', 'PARTIAL', 'DAMAGED', 'BATCH-203159', 'Issue found', '2024-07-02 18:11:21'),
(13, 540, 2624, 75, 'DN-2618198', 14, '2024-03-30 06:54:22', 'COMPLETE', 'GOOD', 'BATCH-433611', 'All good', '2024-03-30 06:54:22'),
(14, 7, 1658, 90, 'DN-5721322', 65, '2024-03-21 13:46:45', 'COMPLETE', 'DAMAGED', 'BATCH-698827', 'Issue found', '2024-03-21 13:46:45'),
(15, 237, 2769, 90, 'DN-9052656', 67, '2023-12-08 09:00:03', 'COMPLETE', 'REJECTED', 'BATCH-446394', 'Issue found', '2023-12-08 09:00:03'),
(16, 851, 1271, 60, 'DN-3453142', 60, '2022-10-24 00:27:13', 'COMPLETE', 'DAMAGED', 'BATCH-498315', 'Issue found', '2022-10-24 00:27:13'),
(17, 778, 2540, 72, 'DN-8507951', 92, '2023-07-22 08:43:19', 'COMPLETE', 'REJECTED', 'BATCH-758652', 'Issue found', '2023-07-22 08:43:19'),
(18, 403, 1460, 88, 'DN-6530571', 69, '2024-12-05 14:33:07', 'DAMAGED', 'GOOD', 'BATCH-289807', 'All good', '2024-12-05 14:33:07'),
(19, 358, 2992, 90, 'DN-7480962', 29, '2024-05-02 14:37:17', 'COMPLETE', 'GOOD', 'BATCH-886998', 'All good', '2024-05-02 14:37:17'),
(20, 556, 1450, 68, 'DN-2539697', 22, '2023-04-23 16:02:26', 'REJECTED', 'REJECTED', 'BATCH-369527', 'Issue found', '2023-04-23 16:02:26'),
(21, 106, 398, 43, 'DN-9963269', 70, '2024-01-22 12:01:28', 'PARTIAL', 'GOOD', 'BATCH-550287', 'All good', '2024-01-22 12:01:28'),
(22, 790, 2401, 6, 'DN-4013073', 63, '2023-07-17 05:38:16', 'DAMAGED', 'REJECTED', 'BATCH-794608', 'Issue found', '2023-07-17 05:38:16'),
(23, 88, 2714, 80, 'DN-9663679', 78, '2023-01-31 20:41:58', 'REJECTED', 'REJECTED', 'BATCH-632921', 'Issue found', '2023-01-31 20:41:58'),
(24, 478, 2561, 68, 'DN-7691623', 20, '2024-01-11 21:57:06', 'PARTIAL', 'GOOD', 'BATCH-922866', 'All good', '2024-01-11 21:57:06'),
(25, 37, 251, 11, 'DN-8955611', 20, '2024-09-10 02:00:54', 'PARTIAL', 'DAMAGED', 'BATCH-571725', 'Issue found', '2024-09-10 02:00:54'),
(26, 474, 2506, 80, 'DN-1058160', 95, '2023-07-08 03:18:13', 'DAMAGED', 'DAMAGED', 'BATCH-959621', 'Issue found', '2023-07-08 03:18:13'),
(27, 930, 1871, 10, 'DN-5977710', 3, '2023-03-01 19:25:28', 'PARTIAL', 'DAMAGED', 'BATCH-420100', 'Issue found', '2023-03-01 19:25:28'),
(28, 780, 1580, 43, 'DN-5185490', 80, '2022-04-30 21:17:24', 'COMPLETE', 'GOOD', 'BATCH-672113', 'All good', '2022-04-30 21:17:24'),
(29, 889, 2339, 10, 'DN-2134796', 26, '2022-03-28 04:59:37', 'DAMAGED', 'REJECTED', 'BATCH-121951', 'Issue found', '2022-03-28 04:59:37'),
(30, 477, 1736, 72, 'DN-3265242', 6, '2022-07-21 15:04:38', 'REJECTED', 'DAMAGED', 'BATCH-978344', 'Issue found', '2022-07-21 15:04:38'),
(31, 336, 2478, 90, 'DN-3752025', 88, '2022-05-05 00:32:09', 'REJECTED', 'REJECTED', 'BATCH-932177', 'Issue found', '2022-05-05 00:32:09'),
(32, 989, 1824, 20, 'DN-3331698', 89, '2023-11-09 13:24:44', 'PARTIAL', 'GOOD', 'BATCH-291856', 'All good', '2023-11-09 13:24:44'),
(33, 156, 1918, 88, 'DN-8776177', 70, '2024-06-24 13:54:43', 'DAMAGED', 'REJECTED', 'BATCH-263420', 'Issue found', '2024-06-24 13:54:43'),
(34, 348, 2383, 32, 'DN-7068583', 50, '2024-10-20 04:49:15', 'REJECTED', 'REJECTED', 'BATCH-501714', 'Issue found', '2024-10-20 04:49:15'),
(35, 957, 1953, 68, 'DN-6458345', 53, '2022-12-17 08:41:37', 'COMPLETE', 'GOOD', 'BATCH-271676', 'All good', '2022-12-17 08:41:37'),
(36, 691, 2303, 43, 'DN-3700930', 6, '2022-08-16 18:41:01', 'COMPLETE', 'GOOD', 'BATCH-206121', 'All good', '2022-08-16 18:41:01'),
(37, 213, 2504, 75, 'DN-4166325', 51, '2023-09-28 19:06:07', 'DAMAGED', 'REJECTED', 'BATCH-915087', 'Issue found', '2023-09-28 19:06:07'),
(38, 513, 384, 80, 'DN-6705097', 66, '2024-01-23 14:47:49', 'DAMAGED', 'GOOD', 'BATCH-989142', 'All good', '2024-01-23 14:47:49'),
(39, 425, 2816, 80, 'DN-1030810', 74, '2023-06-10 02:51:19', 'REJECTED', 'REJECTED', 'BATCH-682568', 'Issue found', '2023-06-10 02:51:19'),
(40, 275, 1887, 60, 'DN-7233436', 86, '2023-12-04 09:40:50', 'COMPLETE', 'REJECTED', 'BATCH-893011', 'Issue found', '2023-12-04 09:40:50'),
(41, 349, 1108, 90, 'DN-4587730', 7, '2023-07-05 15:16:23', 'PARTIAL', 'GOOD', 'BATCH-255857', 'All good', '2023-07-05 15:16:23'),
(42, 463, 674, 88, 'DN-1047072', 37, '2022-08-28 02:34:02', 'DAMAGED', 'REJECTED', 'BATCH-638122', 'Issue found', '2022-08-28 02:34:02'),
(43, 9, 1390, 59, 'DN-9112425', 31, '2022-08-09 10:13:42', 'DAMAGED', 'GOOD', 'BATCH-387129', 'All good', '2022-08-09 10:13:42'),
(44, 656, 1435, 22, 'DN-4715403', 3, '2023-07-01 19:57:39', 'COMPLETE', 'GOOD', 'BATCH-643790', 'All good', '2023-07-01 19:57:39'),
(45, 418, 2152, 20, 'DN-9853177', 60, '2022-12-14 18:03:03', 'COMPLETE', 'DAMAGED', 'BATCH-316340', 'Issue found', '2022-12-14 18:03:03'),
(46, 675, 2834, 90, 'DN-3835410', 58, '2023-09-12 00:47:22', 'PARTIAL', 'DAMAGED', 'BATCH-747352', 'Issue found', '2023-09-12 00:47:22'),
(47, 923, 1616, 90, 'DN-9773639', 39, '2024-06-20 00:16:11', 'DAMAGED', 'REJECTED', 'BATCH-302503', 'Issue found', '2024-06-20 00:16:11'),
(48, 467, 633, 6, 'DN-5834687', 38, '2022-08-18 09:40:28', 'DAMAGED', 'REJECTED', 'BATCH-317494', 'Issue found', '2022-08-18 09:40:28'),
(49, 650, 2605, 88, 'DN-4659996', 78, '2024-01-04 20:16:42', 'DAMAGED', 'GOOD', 'BATCH-898802', 'All good', '2024-01-04 20:16:42'),
(50, 666, 540, 80, 'DN-1370136', 63, '2024-05-18 02:53:06', 'DAMAGED', 'REJECTED', 'BATCH-994563', 'Issue found', '2024-05-18 02:53:06'),
(51, 913, 1472, 80, 'DN-7001842', 10, '2022-10-22 00:26:17', 'PARTIAL', 'DAMAGED', 'BATCH-243537', 'Issue found', '2022-10-22 00:26:17'),
(52, 297, 2079, 10, 'DN-5975203', 78, '2023-01-09 00:59:36', 'PARTIAL', 'REJECTED', 'BATCH-285587', 'Issue found', '2023-01-09 00:59:36'),
(53, 283, 2825, 20, 'DN-4985638', 6, '2024-09-06 14:01:29', 'COMPLETE', 'DAMAGED', 'BATCH-687347', 'Issue found', '2024-09-06 14:01:29'),
(54, 121, 1800, 72, 'DN-8188371', 28, '2024-02-29 12:02:15', 'REJECTED', 'GOOD', 'BATCH-386790', 'All good', '2024-02-29 12:02:15'),
(55, 244, 2753, 68, 'DN-5438922', 21, '2024-10-14 11:51:35', 'PARTIAL', 'GOOD', 'BATCH-800386', 'All good', '2024-10-14 11:51:35'),
(56, 890, 884, 22, 'DN-2197602', 94, '2024-01-30 05:32:30', 'REJECTED', 'GOOD', 'BATCH-521158', 'All good', '2024-01-30 05:32:30'),
(57, 520, 2990, 32, 'DN-2418891', 70, '2023-08-05 04:40:31', 'DAMAGED', 'GOOD', 'BATCH-592521', 'All good', '2023-08-05 04:40:31'),
(58, 653, 895, 20, 'DN-6830107', 29, '2023-03-13 00:35:09', 'DAMAGED', 'REJECTED', 'BATCH-119549', 'Issue found', '2023-03-13 00:35:09'),
(59, 467, 1586, 80, 'DN-8901744', 73, '2022-12-27 00:26:51', 'REJECTED', 'REJECTED', 'BATCH-465657', 'Issue found', '2022-12-27 00:26:51'),
(60, 280, 2016, 22, 'DN-7224096', 65, '2022-10-16 19:18:13', 'COMPLETE', 'DAMAGED', 'BATCH-720725', 'Issue found', '2022-10-16 19:18:13'),
(61, 741, 2587, 88, 'DN-7113853', 78, '2022-01-22 03:05:10', 'PARTIAL', 'GOOD', 'BATCH-356065', 'All good', '2022-01-22 03:05:10'),
(62, 344, 2148, 75, 'DN-1195226', 47, '2022-03-25 17:38:47', 'PARTIAL', 'REJECTED', 'BATCH-376419', 'Issue found', '2022-03-25 17:38:47'),
(63, 201, 2811, 86, 'DN-6611029', 74, '2022-04-26 11:08:30', 'PARTIAL', 'REJECTED', 'BATCH-971008', 'Issue found', '2022-04-26 11:08:30'),
(64, 565, 2336, 20, 'DN-9735504', 19, '2024-02-16 12:26:15', 'COMPLETE', 'GOOD', 'BATCH-790629', 'All good', '2024-02-16 12:26:15'),
(65, 757, 2678, 72, 'DN-2834941', 51, '2025-01-19 22:08:22', 'PARTIAL', 'REJECTED', 'BATCH-346239', 'Issue found', '2025-01-19 22:08:22'),
(66, 963, 2187, 6, 'DN-3849472', 80, '2024-04-16 05:24:09', 'PARTIAL', 'GOOD', 'BATCH-195831', 'All good', '2024-04-16 05:24:09'),
(67, 786, 2425, 10, 'DN-4564520', 19, '2022-08-27 15:33:50', 'PARTIAL', 'REJECTED', 'BATCH-400788', 'Issue found', '2022-08-27 15:33:50'),
(68, 133, 210, 32, 'DN-1279122', 80, '2022-03-17 19:19:47', 'REJECTED', 'GOOD', 'BATCH-105096', 'All good', '2022-03-17 19:19:47'),
(69, 411, 43, 86, 'DN-8809834', 85, '2023-09-09 11:45:34', 'DAMAGED', 'REJECTED', 'BATCH-251001', 'Issue found', '2023-09-09 11:45:34'),
(70, 346, 2925, 72, 'DN-5204675', 46, '2024-01-28 10:08:06', 'REJECTED', 'REJECTED', 'BATCH-647208', 'Issue found', '2024-01-28 10:08:06'),
(71, 252, 935, 6, 'DN-7228225', 50, '2023-08-28 19:45:46', 'DAMAGED', 'REJECTED', 'BATCH-179789', 'Issue found', '2023-08-28 19:45:46'),
(72, 972, 473, 10, 'DN-7593295', 76, '2022-07-14 00:10:33', 'REJECTED', 'REJECTED', 'BATCH-538056', 'Issue found', '2022-07-14 00:10:33'),
(73, 321, 1402, 86, 'DN-1553532', 79, '2024-04-06 23:59:41', 'PARTIAL', 'REJECTED', 'BATCH-150649', 'Issue found', '2024-04-06 23:59:41'),
(74, 892, 1157, 63, 'DN-6786970', 58, '2024-04-24 09:41:40', 'PARTIAL', 'GOOD', 'BATCH-710994', 'All good', '2024-04-24 09:41:40'),
(75, 182, 907, 75, 'DN-9393858', 64, '2022-08-31 05:37:36', 'PARTIAL', 'REJECTED', 'BATCH-418177', 'Issue found', '2022-08-31 05:37:36'),
(76, 220, 350, 72, 'DN-2689536', 74, '2022-12-13 01:05:09', 'COMPLETE', 'GOOD', 'BATCH-643857', 'All good', '2022-12-13 01:05:09'),
(77, 624, 2158, 32, 'DN-9316299', 42, '2024-07-25 08:10:29', 'COMPLETE', 'DAMAGED', 'BATCH-258564', 'Issue found', '2024-07-25 08:10:29'),
(78, 403, 900, 60, 'DN-7183675', 92, '2023-09-23 22:48:24', 'DAMAGED', 'GOOD', 'BATCH-631651', 'All good', '2023-09-23 22:48:24'),
(79, 104, 2247, 89, 'DN-8747935', 67, '2024-11-18 13:38:14', 'PARTIAL', 'REJECTED', 'BATCH-230148', 'Issue found', '2024-11-18 13:38:14'),
(80, 905, 327, 29, 'DN-1348778', 84, '2023-09-15 21:39:11', 'PARTIAL', 'DAMAGED', 'BATCH-164653', 'Issue found', '2023-09-15 21:39:11'),
(81, 492, 2279, 43, 'DN-1496271', 47, '2024-01-13 23:16:57', 'REJECTED', 'DAMAGED', 'BATCH-457892', 'Issue found', '2024-01-13 23:16:57'),
(82, 376, 1313, 62, 'DN-5404265', 44, '2024-06-25 01:29:46', 'PARTIAL', 'REJECTED', 'BATCH-934766', 'Issue found', '2024-06-25 01:29:46'),
(83, 996, 1412, 32, 'DN-6922561', 92, '2025-02-16 05:21:04', 'COMPLETE', 'GOOD', 'BATCH-989156', 'All good', '2025-02-16 05:21:04'),
(84, 601, 2763, 75, 'DN-8212862', 33, '2022-10-05 21:35:41', 'PARTIAL', 'REJECTED', 'BATCH-456753', 'Issue found', '2022-10-05 21:35:41'),
(85, 970, 36, 75, 'DN-2199780', 33, '2023-09-07 07:39:27', 'REJECTED', 'REJECTED', 'BATCH-645686', 'Issue found', '2023-09-07 07:39:27'),
(86, 866, 2061, 59, 'DN-3299255', 60, '2024-03-29 00:31:13', 'COMPLETE', 'GOOD', 'BATCH-252580', 'All good', '2024-03-29 00:31:13'),
(87, 524, 318, 86, 'DN-4012039', 34, '2023-03-09 13:04:45', 'DAMAGED', 'DAMAGED', 'BATCH-581669', 'Issue found', '2023-03-09 13:04:45'),
(88, 646, 2037, 10, 'DN-6977939', 83, '2024-06-01 08:46:36', 'DAMAGED', 'GOOD', 'BATCH-831948', 'All good', '2024-06-01 08:46:36'),
(89, 752, 1212, 11, 'DN-4440007', 93, '2024-10-27 18:24:00', 'REJECTED', 'REJECTED', 'BATCH-137652', 'Issue found', '2024-10-27 18:24:00'),
(90, 117, 2734, 68, 'DN-3411803', 52, '2024-11-01 21:19:48', 'DAMAGED', 'REJECTED', 'BATCH-245982', 'Issue found', '2024-11-01 21:19:48'),
(91, 6, 335, 75, 'DN-8765152', 52, '2023-05-07 06:31:44', 'COMPLETE', 'GOOD', 'BATCH-934806', 'All good', '2023-05-07 06:31:44'),
(92, 971, 1293, 80, 'DN-5565079', 78, '2022-06-10 17:01:39', 'DAMAGED', 'DAMAGED', 'BATCH-804515', 'Issue found', '2022-06-10 17:01:39'),
(93, 985, 363, 59, 'DN-9828247', 95, '2024-07-26 12:44:49', 'PARTIAL', 'DAMAGED', 'BATCH-702725', 'Issue found', '2024-07-26 12:44:49'),
(94, 81, 1215, 11, 'DN-5751413', 32, '2023-05-17 17:27:35', 'PARTIAL', 'REJECTED', 'BATCH-691925', 'Issue found', '2023-05-17 17:27:35'),
(95, 15, 2736, 20, 'DN-3894088', 18, '2024-04-19 15:21:48', 'PARTIAL', 'GOOD', 'BATCH-925076', 'All good', '2024-04-19 15:21:48'),
(96, 887, 621, 58, 'DN-4781972', 39, '2023-06-04 09:14:37', 'DAMAGED', 'GOOD', 'BATCH-800648', 'All good', '2023-06-04 09:14:37'),
(97, 69, 2996, 86, 'DN-2159348', 72, '2023-11-18 10:39:55', 'REJECTED', 'REJECTED', 'BATCH-928076', 'Issue found', '2023-11-18 10:39:55'),
(98, 763, 2150, 75, 'DN-2349780', 100, '2023-07-08 01:10:46', 'DAMAGED', 'DAMAGED', 'BATCH-965469', 'Issue found', '2023-07-08 01:10:46'),
(99, 961, 1093, 89, 'DN-2214105', 62, '2022-01-03 17:40:28', 'PARTIAL', 'DAMAGED', 'BATCH-135246', 'Issue found', '2022-01-03 17:40:28'),
(100, 958, 1033, 58, 'DN-6230275', 23, '2023-12-07 18:35:48', 'COMPLETE', 'REJECTED', 'BATCH-654000', 'Issue found', '2023-12-07 18:35:48'),
(101, 502, 1244, 32, 'DN-2047296', 9, '2022-09-02 01:30:42', 'REJECTED', 'REJECTED', 'BATCH-872417', 'Issue found', '2022-09-02 01:30:42'),
(102, 316, 2060, 86, 'DN-4529788', 1, '2022-05-13 21:54:50', 'PARTIAL', 'REJECTED', 'BATCH-848605', 'Issue found', '2022-05-13 21:54:50'),
(103, 266, 2599, 29, 'DN-5841559', 48, '2024-10-23 03:15:17', 'DAMAGED', 'GOOD', 'BATCH-583307', 'All good', '2024-10-23 03:15:17'),
(104, 348, 691, 62, 'DN-9641159', 88, '2024-07-19 20:51:44', 'COMPLETE', 'GOOD', 'BATCH-715684', 'All good', '2024-07-19 20:51:44'),
(105, 272, 2753, 20, 'DN-7115078', 100, '2024-07-08 00:59:23', 'DAMAGED', 'GOOD', 'BATCH-358044', 'All good', '2024-07-08 00:59:23'),
(106, 753, 1058, 68, 'DN-3241540', 72, '2022-10-11 18:01:54', 'REJECTED', 'GOOD', 'BATCH-962379', 'All good', '2022-10-11 18:01:54'),
(107, 603, 1442, 43, 'DN-9876820', 67, '2024-02-22 20:04:10', 'COMPLETE', 'GOOD', 'BATCH-895857', 'All good', '2024-02-22 20:04:10'),
(108, 166, 1126, 75, 'DN-9061713', 99, '2024-12-23 22:27:57', 'DAMAGED', 'DAMAGED', 'BATCH-130008', 'Issue found', '2024-12-23 22:27:57'),
(109, 916, 196, 72, 'DN-7653473', 22, '2024-04-16 09:16:50', 'REJECTED', 'GOOD', 'BATCH-222958', 'All good', '2024-04-16 09:16:50'),
(110, 243, 642, 20, 'DN-6839683', 33, '2023-09-11 05:18:28', 'REJECTED', 'REJECTED', 'BATCH-320891', 'Issue found', '2023-09-11 05:18:28'),
(111, 803, 2479, 62, 'DN-3977408', 90, '2022-07-14 20:42:15', 'DAMAGED', 'REJECTED', 'BATCH-626782', 'Issue found', '2022-07-14 20:42:15'),
(112, 99, 1612, 50, 'DN-1877614', 14, '2024-06-27 22:13:24', 'PARTIAL', 'DAMAGED', 'BATCH-898413', 'Issue found', '2024-06-27 22:13:24'),
(113, 322, 477, 89, 'DN-1285216', 27, '2023-05-04 23:29:37', 'DAMAGED', 'DAMAGED', 'BATCH-383074', 'Issue found', '2023-05-04 23:29:37'),
(114, 256, 680, 80, 'DN-5158286', 57, '2024-02-20 03:52:04', 'REJECTED', 'DAMAGED', 'BATCH-693483', 'Issue found', '2024-02-20 03:52:04'),
(115, 802, 1097, 22, 'DN-7214184', 41, '2023-03-25 01:06:41', 'PARTIAL', 'GOOD', 'BATCH-271048', 'All good', '2023-03-25 01:06:41'),
(116, 374, 1955, 10, 'DN-2630259', 2, '2024-10-21 19:04:57', 'PARTIAL', 'DAMAGED', 'BATCH-781300', 'Issue found', '2024-10-21 19:04:57'),
(117, 200, 974, 89, 'DN-5274906', 41, '2024-05-30 17:23:37', 'REJECTED', 'GOOD', 'BATCH-459103', 'All good', '2024-05-30 17:23:37'),
(118, 67, 2597, 60, 'DN-9925784', 5, '2024-12-02 07:32:29', 'REJECTED', 'DAMAGED', 'BATCH-488206', 'Issue found', '2024-12-02 07:32:29'),
(119, 357, 88, 68, 'DN-3025500', 28, '2024-06-15 08:49:13', 'REJECTED', 'GOOD', 'BATCH-856448', 'All good', '2024-06-15 08:49:13'),
(120, 783, 1373, 20, 'DN-9529120', 8, '2024-06-06 05:57:04', 'PARTIAL', 'GOOD', 'BATCH-832337', 'All good', '2024-06-06 05:57:04'),
(121, 810, 773, 63, 'DN-3505132', 98, '2023-06-17 08:34:15', 'PARTIAL', 'DAMAGED', 'BATCH-270600', 'Issue found', '2023-06-17 08:34:15'),
(122, 93, 2629, 43, 'DN-8271655', 27, '2023-10-29 23:43:09', 'PARTIAL', 'GOOD', 'BATCH-833938', 'All good', '2023-10-29 23:43:09'),
(123, 713, 2757, 75, 'DN-7525124', 61, '2024-09-11 19:47:28', 'COMPLETE', 'GOOD', 'BATCH-471783', 'All good', '2024-09-11 19:47:28'),
(124, 713, 559, 68, 'DN-9077952', 34, '2022-05-09 23:54:23', 'PARTIAL', 'DAMAGED', 'BATCH-634733', 'Issue found', '2022-05-09 23:54:23'),
(125, 5, 1493, 32, 'DN-9414430', 24, '2022-04-18 08:28:20', 'REJECTED', 'GOOD', 'BATCH-686936', 'All good', '2022-04-18 08:28:20'),
(126, 309, 432, 32, 'DN-7712433', 92, '2024-05-11 00:46:10', 'DAMAGED', 'GOOD', 'BATCH-462475', 'All good', '2024-05-11 00:46:10'),
(127, 180, 325, 58, 'DN-4038720', 16, '2022-02-26 01:04:57', 'PARTIAL', 'REJECTED', 'BATCH-157744', 'Issue found', '2022-02-26 01:04:57'),
(128, 840, 2250, 58, 'DN-6327871', 13, '2023-11-18 04:36:38', 'COMPLETE', 'GOOD', 'BATCH-588495', 'All good', '2023-11-18 04:36:38'),
(129, 405, 929, 63, 'DN-6207623', 22, '2022-02-21 08:47:40', 'PARTIAL', 'GOOD', 'BATCH-278825', 'All good', '2022-02-21 08:47:40'),
(130, 600, 139, 29, 'DN-6803758', 70, '2023-05-21 18:37:01', 'COMPLETE', 'GOOD', 'BATCH-676983', 'All good', '2023-05-21 18:37:01'),
(131, 21, 287, 29, 'DN-9455882', 17, '2023-01-30 23:09:16', 'PARTIAL', 'DAMAGED', 'BATCH-196546', 'Issue found', '2023-01-30 23:09:16'),
(132, 247, 2257, 62, 'DN-5999041', 14, '2022-10-12 08:37:11', 'PARTIAL', 'GOOD', 'BATCH-235562', 'All good', '2022-10-12 08:37:11'),
(133, 739, 1740, 88, 'DN-2456940', 74, '2023-09-16 05:04:47', 'COMPLETE', 'DAMAGED', 'BATCH-404739', 'Issue found', '2023-09-16 05:04:47'),
(134, 488, 2397, 6, 'DN-9432977', 49, '2023-06-29 18:31:02', 'COMPLETE', 'DAMAGED', 'BATCH-624587', 'Issue found', '2023-06-29 18:31:02'),
(135, 160, 2670, 50, 'DN-4566234', 97, '2023-05-18 23:12:32', 'COMPLETE', 'GOOD', 'BATCH-502178', 'All good', '2023-05-18 23:12:32'),
(136, 249, 733, 32, 'DN-5107548', 43, '2024-02-24 04:37:44', 'REJECTED', 'DAMAGED', 'BATCH-344059', 'Issue found', '2024-02-24 04:37:44'),
(137, 677, 1731, 60, 'DN-3188139', 21, '2022-10-13 11:29:27', 'DAMAGED', 'DAMAGED', 'BATCH-968713', 'Issue found', '2022-10-13 11:29:27'),
(138, 956, 1166, 89, 'DN-1305743', 35, '2023-07-26 23:22:14', 'DAMAGED', 'DAMAGED', 'BATCH-757629', 'Issue found', '2023-07-26 23:22:14'),
(139, 435, 453, 88, 'DN-4860171', 41, '2024-03-02 12:54:21', 'DAMAGED', 'REJECTED', 'BATCH-706336', 'Issue found', '2024-03-02 12:54:21'),
(140, 730, 867, 72, 'DN-5347688', 13, '2023-04-17 21:19:51', 'PARTIAL', 'REJECTED', 'BATCH-657073', 'Issue found', '2023-04-17 21:19:51'),
(141, 674, 1235, 29, 'DN-8755009', 100, '2024-02-11 17:55:03', 'COMPLETE', 'REJECTED', 'BATCH-268437', 'Issue found', '2024-02-11 17:55:03'),
(142, 982, 341, 63, 'DN-7699585', 1, '2024-03-19 21:39:21', 'DAMAGED', 'GOOD', 'BATCH-559633', 'All good', '2024-03-19 21:39:21'),
(143, 155, 2904, 20, 'DN-6131345', 81, '2022-12-07 20:25:45', 'REJECTED', 'GOOD', 'BATCH-267183', 'All good', '2022-12-07 20:25:45'),
(144, 62, 2335, 50, 'DN-8479652', 44, '2023-07-28 20:13:19', 'DAMAGED', 'DAMAGED', 'BATCH-853469', 'Issue found', '2023-07-28 20:13:19'),
(145, 480, 2380, 11, 'DN-7816659', 52, '2023-03-17 03:36:19', 'REJECTED', 'REJECTED', 'BATCH-190204', 'Issue found', '2023-03-17 03:36:19'),
(146, 172, 647, 72, 'DN-9164460', 70, '2023-09-03 12:30:12', 'COMPLETE', 'REJECTED', 'BATCH-314366', 'Issue found', '2023-09-03 12:30:12'),
(147, 703, 426, 20, 'DN-1818524', 58, '2023-11-06 15:23:22', 'COMPLETE', 'DAMAGED', 'BATCH-936485', 'Issue found', '2023-11-06 15:23:22'),
(148, 359, 556, 88, 'DN-5355255', 67, '2024-10-14 00:58:13', 'DAMAGED', 'GOOD', 'BATCH-722763', 'All good', '2024-10-14 00:58:13'),
(149, 937, 1146, 32, 'DN-6306283', 2, '2023-10-09 19:06:31', 'DAMAGED', 'DAMAGED', 'BATCH-406142', 'Issue found', '2023-10-09 19:06:31'),
(150, 304, 2161, 58, 'DN-9302705', 62, '2023-07-15 14:45:18', 'COMPLETE', 'REJECTED', 'BATCH-222388', 'Issue found', '2023-07-15 14:45:18'),
(151, 269, 2504, 20, 'DN-5407561', 65, '2023-03-01 01:05:36', 'DAMAGED', 'REJECTED', 'BATCH-374794', 'Issue found', '2023-03-01 01:05:36'),
(152, 407, 2060, 80, 'DN-1632311', 14, '2022-11-07 19:10:08', 'PARTIAL', 'GOOD', 'BATCH-463072', 'All good', '2022-11-07 19:10:08'),
(153, 521, 2962, 89, 'DN-7360712', 79, '2024-01-09 20:23:56', 'REJECTED', 'DAMAGED', 'BATCH-992855', 'Issue found', '2024-01-09 20:23:56'),
(154, 226, 23, 6, 'DN-9315052', 47, '2022-07-01 05:10:53', 'REJECTED', 'GOOD', 'BATCH-839968', 'All good', '2022-07-01 05:10:53'),
(155, 665, 258, 72, 'DN-5358445', 37, '2022-05-27 13:48:14', 'COMPLETE', 'DAMAGED', 'BATCH-222262', 'Issue found', '2022-05-27 13:48:14'),
(156, 511, 123, 86, 'DN-4443507', 35, '2024-10-12 02:58:46', 'COMPLETE', 'REJECTED', 'BATCH-717620', 'Issue found', '2024-10-12 02:58:46'),
(157, 810, 1932, 72, 'DN-8759345', 25, '2024-08-28 01:42:30', 'DAMAGED', 'DAMAGED', 'BATCH-507580', 'Issue found', '2024-08-28 01:42:30'),
(158, 943, 1501, 50, 'DN-2775813', 22, '2023-04-20 08:32:01', 'COMPLETE', 'DAMAGED', 'BATCH-921357', 'Issue found', '2023-04-20 08:32:01'),
(159, 293, 2271, 68, 'DN-2104390', 26, '2023-03-23 03:10:47', 'REJECTED', 'GOOD', 'BATCH-196374', 'All good', '2023-03-23 03:10:47'),
(160, 25, 1295, 89, 'DN-7293212', 28, '2023-11-14 11:45:29', 'PARTIAL', 'REJECTED', 'BATCH-289811', 'Issue found', '2023-11-14 11:45:29'),
(161, 994, 618, 62, 'DN-9571130', 62, '2024-12-29 05:12:31', 'PARTIAL', 'DAMAGED', 'BATCH-747246', 'Issue found', '2024-12-29 05:12:31'),
(162, 681, 646, 29, 'DN-8988861', 10, '2024-10-12 03:03:32', 'COMPLETE', 'GOOD', 'BATCH-210980', 'All good', '2024-10-12 03:03:32'),
(163, 129, 586, 58, 'DN-8833287', 32, '2023-02-15 19:08:42', 'DAMAGED', 'DAMAGED', 'BATCH-807789', 'Issue found', '2023-02-15 19:08:42'),
(164, 569, 780, 29, 'DN-8189325', 78, '2023-01-16 14:52:38', 'REJECTED', 'GOOD', 'BATCH-287486', 'All good', '2023-01-16 14:52:38'),
(165, 938, 88, 60, 'DN-7244649', 1, '2023-05-31 08:58:34', 'REJECTED', 'DAMAGED', 'BATCH-804636', 'Issue found', '2023-05-31 08:58:34'),
(166, 726, 2891, 60, 'DN-8222776', 100, '2023-08-20 23:05:19', 'REJECTED', 'DAMAGED', 'BATCH-885568', 'Issue found', '2023-08-20 23:05:19'),
(167, 206, 1346, 58, 'DN-8479116', 92, '2024-11-25 09:24:31', 'DAMAGED', 'GOOD', 'BATCH-153227', 'All good', '2024-11-25 09:24:31'),
(168, 54, 2580, 22, 'DN-8129864', 62, '2022-07-11 17:19:53', 'PARTIAL', 'REJECTED', 'BATCH-484442', 'Issue found', '2022-07-11 17:19:53'),
(169, 838, 1193, 11, 'DN-7705714', 57, '2024-03-12 20:58:06', 'REJECTED', 'DAMAGED', 'BATCH-591421', 'Issue found', '2024-03-12 20:58:06'),
(170, 182, 2630, 32, 'DN-4314351', 11, '2023-05-04 04:18:43', 'COMPLETE', 'DAMAGED', 'BATCH-597579', 'Issue found', '2023-05-04 04:18:43'),
(171, 570, 663, 20, 'DN-3081116', 32, '2024-05-27 00:45:03', 'PARTIAL', 'GOOD', 'BATCH-950128', 'All good', '2024-05-27 00:45:03'),
(172, 222, 960, 11, 'DN-5527395', 81, '2024-10-22 23:17:26', 'REJECTED', 'DAMAGED', 'BATCH-582817', 'Issue found', '2024-10-22 23:17:26'),
(173, 906, 557, 72, 'DN-9097618', 30, '2022-12-13 01:16:53', 'COMPLETE', 'DAMAGED', 'BATCH-548631', 'Issue found', '2022-12-13 01:16:53'),
(174, 781, 613, 60, 'DN-6853559', 53, '2022-09-11 15:49:21', 'PARTIAL', 'REJECTED', 'BATCH-210205', 'Issue found', '2022-09-11 15:49:21'),
(175, 796, 2044, 60, 'DN-7122050', 28, '2023-01-30 09:40:17', 'REJECTED', 'DAMAGED', 'BATCH-521756', 'Issue found', '2023-01-30 09:40:17'),
(176, 298, 1582, 10, 'DN-2318012', 43, '2024-07-30 12:52:36', 'COMPLETE', 'GOOD', 'BATCH-449775', 'All good', '2024-07-30 12:52:36'),
(177, 235, 2929, 20, 'DN-5961645', 35, '2023-12-13 13:56:27', 'COMPLETE', 'GOOD', 'BATCH-585658', 'All good', '2023-12-13 13:56:27'),
(178, 143, 526, 72, 'DN-1499275', 50, '2022-03-04 06:46:00', 'REJECTED', 'REJECTED', 'BATCH-832863', 'Issue found', '2022-03-04 06:46:00'),
(179, 375, 561, 59, 'DN-6221882', 39, '2024-02-14 00:06:48', 'DAMAGED', 'REJECTED', 'BATCH-302906', 'Issue found', '2024-02-14 00:06:48'),
(180, 187, 1261, 89, 'DN-5246617', 94, '2024-12-05 17:44:08', 'REJECTED', 'DAMAGED', 'BATCH-217439', 'Issue found', '2024-12-05 17:44:08'),
(181, 499, 2925, 80, 'DN-5134215', 72, '2024-03-29 06:09:06', 'REJECTED', 'GOOD', 'BATCH-174717', 'All good', '2024-03-29 06:09:06'),
(182, 949, 597, 6, 'DN-6651236', 36, '2022-01-16 01:51:47', 'DAMAGED', 'DAMAGED', 'BATCH-240999', 'Issue found', '2022-01-16 01:51:47'),
(183, 51, 1418, 80, 'DN-3803280', 81, '2024-05-06 00:33:54', 'REJECTED', 'REJECTED', 'BATCH-376749', 'Issue found', '2024-05-06 00:33:54'),
(184, 571, 2215, 59, 'DN-6260552', 57, '2022-01-04 20:47:19', 'DAMAGED', 'REJECTED', 'BATCH-453349', 'Issue found', '2022-01-04 20:47:19'),
(185, 116, 141, 20, 'DN-1242351', 3, '2022-09-10 21:47:05', 'PARTIAL', 'GOOD', 'BATCH-571527', 'All good', '2022-09-10 21:47:05'),
(186, 432, 547, 10, 'DN-3761743', 52, '2024-08-12 05:36:43', 'PARTIAL', 'DAMAGED', 'BATCH-862526', 'Issue found', '2024-08-12 05:36:43'),
(187, 915, 2989, 6, 'DN-9601157', 76, '2022-03-20 06:42:10', 'COMPLETE', 'DAMAGED', 'BATCH-149879', 'Issue found', '2022-03-20 06:42:10'),
(188, 761, 630, 90, 'DN-6648692', 80, '2024-01-04 19:06:12', 'PARTIAL', 'REJECTED', 'BATCH-517212', 'Issue found', '2024-01-04 19:06:12'),
(189, 624, 2017, 11, 'DN-9643624', 3, '2022-03-20 13:02:30', 'PARTIAL', 'REJECTED', 'BATCH-239143', 'Issue found', '2022-03-20 13:02:30'),
(190, 583, 495, 75, 'DN-8062405', 51, '2022-07-03 17:48:10', 'DAMAGED', 'REJECTED', 'BATCH-873045', 'Issue found', '2022-07-03 17:48:10'),
(191, 267, 2591, 90, 'DN-5900972', 67, '2022-02-21 05:37:39', 'DAMAGED', 'DAMAGED', 'BATCH-797755', 'Issue found', '2022-02-21 05:37:39'),
(192, 31, 808, 58, 'DN-3014865', 9, '2023-06-14 21:27:20', 'REJECTED', 'DAMAGED', 'BATCH-827217', 'Issue found', '2023-06-14 21:27:20'),
(193, 528, 260, 63, 'DN-8138455', 4, '2024-04-07 01:37:31', 'PARTIAL', 'GOOD', 'BATCH-553184', 'All good', '2024-04-07 01:37:31'),
(194, 261, 2969, 32, 'DN-8442651', 34, '2023-06-17 16:27:17', 'DAMAGED', 'REJECTED', 'BATCH-585134', 'Issue found', '2023-06-17 16:27:17'),
(195, 471, 900, 29, 'DN-3932834', 34, '2023-10-03 17:54:32', 'DAMAGED', 'REJECTED', 'BATCH-583442', 'Issue found', '2023-10-03 17:54:32'),
(196, 232, 2766, 86, 'DN-5899044', 47, '2024-05-04 05:13:59', 'COMPLETE', 'DAMAGED', 'BATCH-693880', 'Issue found', '2024-05-04 05:13:59'),
(197, 846, 2876, 6, 'DN-2419744', 76, '2023-09-11 14:33:59', 'DAMAGED', 'REJECTED', 'BATCH-980709', 'Issue found', '2023-09-11 14:33:59'),
(198, 924, 1803, 75, 'DN-2582791', 26, '2022-08-11 14:08:54', 'PARTIAL', 'DAMAGED', 'BATCH-515046', 'Issue found', '2022-08-11 14:08:54'),
(199, 868, 220, 88, 'DN-6072280', 32, '2022-05-17 11:43:24', 'REJECTED', 'REJECTED', 'BATCH-964486', 'Issue found', '2022-05-17 11:43:24'),
(200, 110, 474, 62, 'DN-1386685', 90, '2024-08-04 01:14:57', 'PARTIAL', 'DAMAGED', 'BATCH-610158', 'Issue found', '2024-08-04 01:14:57'),
(201, 715, 1099, 62, 'DN-2855044', 100, '2024-06-01 11:21:15', 'DAMAGED', 'DAMAGED', 'BATCH-620610', 'Issue found', '2024-06-01 11:21:15'),
(202, 282, 566, 80, 'DN-4133202', 23, '2024-12-24 14:50:20', 'REJECTED', 'GOOD', 'BATCH-113050', 'All good', '2024-12-24 14:50:20'),
(203, 948, 1126, 75, 'DN-2774874', 48, '2024-06-17 01:17:16', 'DAMAGED', 'GOOD', 'BATCH-381474', 'All good', '2024-06-17 01:17:16'),
(204, 956, 559, 60, 'DN-4201652', 28, '2024-09-13 03:53:38', 'COMPLETE', 'DAMAGED', 'BATCH-573534', 'Issue found', '2024-09-13 03:53:38'),
(205, 974, 1319, 63, 'DN-1780053', 26, '2024-01-18 18:41:38', 'REJECTED', 'REJECTED', 'BATCH-236879', 'Issue found', '2024-01-18 18:41:38'),
(206, 579, 929, 68, 'DN-3347768', 23, '2023-06-07 02:36:49', 'PARTIAL', 'REJECTED', 'BATCH-698603', 'Issue found', '2023-06-07 02:36:49'),
(207, 969, 2910, 22, 'DN-7858552', 55, '2023-02-22 08:36:40', 'DAMAGED', 'REJECTED', 'BATCH-245272', 'Issue found', '2023-02-22 08:36:40'),
(208, 352, 954, 43, 'DN-5791896', 8, '2023-01-06 18:42:09', 'DAMAGED', 'DAMAGED', 'BATCH-568786', 'Issue found', '2023-01-06 18:42:09'),
(209, 367, 939, 43, 'DN-4634329', 34, '2024-04-05 23:17:00', 'DAMAGED', 'REJECTED', 'BATCH-725196', 'Issue found', '2024-04-05 23:17:00'),
(210, 439, 710, 88, 'DN-7458657', 18, '2023-03-23 08:14:40', 'COMPLETE', 'REJECTED', 'BATCH-578005', 'Issue found', '2023-03-23 08:14:40'),
(211, 544, 2635, 68, 'DN-8042518', 64, '2024-08-25 02:11:25', 'REJECTED', 'DAMAGED', 'BATCH-657447', 'Issue found', '2024-08-25 02:11:25'),
(212, 421, 555, 22, 'DN-5062334', 55, '2023-01-02 20:33:40', 'PARTIAL', 'DAMAGED', 'BATCH-724811', 'Issue found', '2023-01-02 20:33:40'),
(213, 398, 425, 22, 'DN-7338822', 96, '2023-12-05 01:29:14', 'PARTIAL', 'DAMAGED', 'BATCH-608949', 'Issue found', '2023-12-05 01:29:14'),
(214, 573, 395, 72, 'DN-8544202', 10, '2022-02-06 07:57:21', 'PARTIAL', 'DAMAGED', 'BATCH-666713', 'Issue found', '2022-02-06 07:57:21'),
(215, 384, 2197, 10, 'DN-4953904', 91, '2023-09-17 11:10:57', 'DAMAGED', 'REJECTED', 'BATCH-197766', 'Issue found', '2023-09-17 11:10:57'),
(216, 912, 2890, 86, 'DN-6790587', 90, '2024-08-23 18:34:48', 'PARTIAL', 'GOOD', 'BATCH-859004', 'All good', '2024-08-23 18:34:48'),
(217, 97, 1897, 6, 'DN-8212362', 40, '2022-05-16 03:57:52', 'COMPLETE', 'GOOD', 'BATCH-298161', 'All good', '2022-05-16 03:57:52'),
(218, 997, 2333, 90, 'DN-6948512', 84, '2022-10-16 02:59:06', 'DAMAGED', 'REJECTED', 'BATCH-406740', 'Issue found', '2022-10-16 02:59:06'),
(219, 676, 712, 63, 'DN-2709472', 14, '2024-06-01 21:58:38', 'DAMAGED', 'GOOD', 'BATCH-917639', 'All good', '2024-06-01 21:58:38'),
(220, 965, 2892, 62, 'DN-5424475', 2, '2024-09-04 17:15:01', 'DAMAGED', 'GOOD', 'BATCH-232505', 'All good', '2024-09-04 17:15:01'),
(221, 224, 37, 86, 'DN-1824503', 35, '2025-01-16 02:55:31', 'DAMAGED', 'DAMAGED', 'BATCH-381220', 'Issue found', '2025-01-16 02:55:31'),
(222, 252, 169, 88, 'DN-8693111', 20, '2024-02-15 23:56:22', 'DAMAGED', 'REJECTED', 'BATCH-372739', 'Issue found', '2024-02-15 23:56:22'),
(223, 43, 1399, 43, 'DN-2657706', 31, '2022-07-05 14:33:58', 'DAMAGED', 'REJECTED', 'BATCH-223566', 'Issue found', '2022-07-05 14:33:58'),
(224, 218, 2628, 80, 'DN-8202241', 11, '2024-05-17 04:08:13', 'DAMAGED', 'DAMAGED', 'BATCH-313357', 'Issue found', '2024-05-17 04:08:13'),
(225, 962, 1108, 88, 'DN-8622606', 4, '2024-07-07 16:11:18', 'PARTIAL', 'GOOD', 'BATCH-593987', 'All good', '2024-07-07 16:11:18'),
(226, 683, 1474, 90, 'DN-4183110', 27, '2024-12-14 09:43:31', 'REJECTED', 'GOOD', 'BATCH-765657', 'All good', '2024-12-14 09:43:31'),
(227, 574, 1605, 11, 'DN-2301981', 53, '2024-10-31 14:02:39', 'DAMAGED', 'REJECTED', 'BATCH-611183', 'Issue found', '2024-10-31 14:02:39'),
(228, 804, 870, 63, 'DN-2683662', 100, '2024-03-21 21:18:33', 'COMPLETE', 'GOOD', 'BATCH-467393', 'All good', '2024-03-21 21:18:33'),
(229, 339, 1440, 58, 'DN-6262715', 52, '2024-07-06 09:14:00', 'COMPLETE', 'DAMAGED', 'BATCH-350985', 'Issue found', '2024-07-06 09:14:00'),
(230, 575, 1715, 62, 'DN-1808579', 3, '2023-01-26 22:15:28', 'REJECTED', 'DAMAGED', 'BATCH-925413', 'Issue found', '2023-01-26 22:15:28'),
(231, 183, 1419, 89, 'DN-5452958', 5, '2023-12-24 06:23:08', 'COMPLETE', 'REJECTED', 'BATCH-312699', 'Issue found', '2023-12-24 06:23:08'),
(232, 101, 1623, 63, 'DN-5333750', 51, '2022-04-29 01:54:20', 'DAMAGED', 'GOOD', 'BATCH-633543', 'All good', '2022-04-29 01:54:20'),
(233, 475, 2007, 89, 'DN-2070251', 3, '2022-09-23 03:23:56', 'DAMAGED', 'REJECTED', 'BATCH-162443', 'Issue found', '2022-09-23 03:23:56'),
(234, 765, 1150, 60, 'DN-5788302', 23, '2023-04-27 08:16:36', 'DAMAGED', 'REJECTED', 'BATCH-392911', 'Issue found', '2023-04-27 08:16:36'),
(235, 143, 2288, 88, 'DN-2667747', 58, '2022-10-07 13:52:27', 'COMPLETE', 'REJECTED', 'BATCH-499826', 'Issue found', '2022-10-07 13:52:27'),
(236, 61, 2763, 72, 'DN-8935800', 20, '2024-07-07 21:47:50', 'COMPLETE', 'GOOD', 'BATCH-384594', 'All good', '2024-07-07 21:47:50'),
(237, 378, 829, 80, 'DN-7826338', 30, '2022-10-14 00:24:05', 'PARTIAL', 'GOOD', 'BATCH-804486', 'All good', '2022-10-14 00:24:05'),
(238, 521, 2749, 75, 'DN-8293297', 93, '2024-08-20 10:39:53', 'PARTIAL', 'GOOD', 'BATCH-535747', 'All good', '2024-08-20 10:39:53'),
(239, 213, 731, 72, 'DN-6490263', 42, '2022-04-27 19:27:47', 'REJECTED', 'GOOD', 'BATCH-484182', 'All good', '2022-04-27 19:27:47'),
(240, 292, 936, 20, 'DN-8518739', 98, '2023-10-12 00:58:29', 'PARTIAL', 'DAMAGED', 'BATCH-188822', 'Issue found', '2023-10-12 00:58:29'),
(241, 116, 854, 86, 'DN-7744105', 58, '2023-10-08 01:30:30', 'DAMAGED', 'GOOD', 'BATCH-874113', 'All good', '2023-10-08 01:30:30'),
(242, 376, 150, 22, 'DN-4957063', 44, '2025-01-16 20:45:02', 'REJECTED', 'REJECTED', 'BATCH-666976', 'Issue found', '2025-01-16 20:45:02'),
(243, 663, 2546, 29, 'DN-5734120', 12, '2022-06-02 22:27:17', 'COMPLETE', 'GOOD', 'BATCH-468906', 'All good', '2022-06-02 22:27:17'),
(244, 882, 460, 72, 'DN-4631728', 29, '2023-03-08 23:22:16', 'PARTIAL', 'REJECTED', 'BATCH-440472', 'Issue found', '2023-03-08 23:22:16'),
(245, 188, 2335, 80, 'DN-7365136', 40, '2023-09-05 13:38:33', 'PARTIAL', 'DAMAGED', 'BATCH-863917', 'Issue found', '2023-09-05 13:38:33'),
(246, 808, 1896, 75, 'DN-5928061', 85, '2024-12-10 20:10:54', 'DAMAGED', 'REJECTED', 'BATCH-181936', 'Issue found', '2024-12-10 20:10:54'),
(247, 86, 1685, 22, 'DN-7433716', 62, '2023-09-19 13:21:53', 'PARTIAL', 'DAMAGED', 'BATCH-176090', 'Issue found', '2023-09-19 13:21:53'),
(248, 14, 725, 80, 'DN-9862135', 69, '2024-10-01 19:19:25', 'COMPLETE', 'DAMAGED', 'BATCH-866614', 'Issue found', '2024-10-01 19:19:25'),
(249, 667, 358, 63, 'DN-1383297', 5, '2024-02-05 07:20:09', 'COMPLETE', 'DAMAGED', 'BATCH-207484', 'Issue found', '2024-02-05 07:20:09'),
(250, 533, 842, 29, 'DN-4286242', 74, '2022-03-20 07:44:25', 'DAMAGED', 'REJECTED', 'BATCH-126908', 'Issue found', '2022-03-20 07:44:25'),
(251, 683, 2737, 90, 'DN-7873133', 69, '2024-09-19 22:50:04', 'DAMAGED', 'GOOD', 'BATCH-489122', 'All good', '2024-09-19 22:50:04'),
(252, 822, 1527, 72, 'DN-2304555', 48, '2023-08-12 16:00:30', 'COMPLETE', 'DAMAGED', 'BATCH-141362', 'Issue found', '2023-08-12 16:00:30'),
(253, 334, 1453, 29, 'DN-3903927', 25, '2023-01-05 16:14:13', 'COMPLETE', 'GOOD', 'BATCH-224182', 'All good', '2023-01-05 16:14:13'),
(254, 657, 2664, 60, 'DN-6301883', 22, '2024-06-03 14:15:09', 'PARTIAL', 'DAMAGED', 'BATCH-293207', 'Issue found', '2024-06-03 14:15:09'),
(255, 882, 933, 58, 'DN-7014931', 78, '2023-11-18 13:51:28', 'REJECTED', 'DAMAGED', 'BATCH-929567', 'Issue found', '2023-11-18 13:51:28'),
(256, 33, 632, 68, 'DN-8716928', 11, '2024-11-22 13:54:27', 'COMPLETE', 'REJECTED', 'BATCH-128697', 'Issue found', '2024-11-22 13:54:27'),
(257, 481, 419, 10, 'DN-2764559', 39, '2023-12-22 04:49:37', 'REJECTED', 'GOOD', 'BATCH-740432', 'All good', '2023-12-22 04:49:37'),
(258, 434, 1696, 29, 'DN-4813037', 75, '2024-01-04 09:24:52', 'DAMAGED', 'DAMAGED', 'BATCH-339379', 'Issue found', '2024-01-04 09:24:52'),
(259, 790, 1445, 43, 'DN-5580461', 55, '2022-05-25 03:15:12', 'PARTIAL', 'REJECTED', 'BATCH-176789', 'Issue found', '2022-05-25 03:15:12'),
(260, 353, 2720, 43, 'DN-1081387', 30, '2022-07-03 02:42:40', 'COMPLETE', 'GOOD', 'BATCH-929646', 'All good', '2022-07-03 02:42:40'),
(261, 934, 2739, 22, 'DN-4511536', 14, '2023-09-23 04:48:12', 'DAMAGED', 'GOOD', 'BATCH-919419', 'All good', '2023-09-23 04:48:12'),
(262, 701, 1869, 11, 'DN-8129170', 75, '2023-01-09 23:37:20', 'REJECTED', 'REJECTED', 'BATCH-153290', 'Issue found', '2023-01-09 23:37:20'),
(263, 653, 280, 80, 'DN-1678035', 31, '2023-03-28 23:23:18', 'REJECTED', 'GOOD', 'BATCH-653588', 'All good', '2023-03-28 23:23:18'),
(264, 9, 1647, 59, 'DN-6093802', 67, '2024-07-04 21:25:00', 'REJECTED', 'GOOD', 'BATCH-259970', 'All good', '2024-07-04 21:25:00'),
(265, 503, 2739, 72, 'DN-2137143', 8, '2022-05-13 11:23:57', 'PARTIAL', 'GOOD', 'BATCH-903141', 'All good', '2022-05-13 11:23:57'),
(266, 526, 37, 20, 'DN-1569273', 70, '2024-05-27 11:47:19', 'DAMAGED', 'DAMAGED', 'BATCH-642621', 'Issue found', '2024-05-27 11:47:19'),
(267, 226, 2564, 29, 'DN-3835655', 66, '2022-03-19 14:49:56', 'COMPLETE', 'GOOD', 'BATCH-100879', 'All good', '2022-03-19 14:49:56'),
(268, 999, 1758, 75, 'DN-3422763', 38, '2023-06-05 15:12:17', 'PARTIAL', 'GOOD', 'BATCH-713185', 'All good', '2023-06-05 15:12:17'),
(269, 432, 2677, 86, 'DN-8669688', 60, '2022-05-29 07:46:21', 'DAMAGED', 'REJECTED', 'BATCH-344409', 'Issue found', '2022-05-29 07:46:21'),
(270, 659, 2639, 58, 'DN-9407984', 32, '2022-12-09 22:12:28', 'REJECTED', 'GOOD', 'BATCH-128721', 'All good', '2022-12-09 22:12:28'),
(271, 661, 2002, 32, 'DN-6269561', 25, '2023-01-11 05:34:58', 'REJECTED', 'DAMAGED', 'BATCH-869331', 'Issue found', '2023-01-11 05:34:58'),
(272, 658, 2332, 75, 'DN-5719286', 63, '2024-05-02 23:45:04', 'PARTIAL', 'REJECTED', 'BATCH-698837', 'Issue found', '2024-05-02 23:45:04'),
(273, 145, 1923, 68, 'DN-7471135', 19, '2023-01-17 08:57:09', 'DAMAGED', 'DAMAGED', 'BATCH-748365', 'Issue found', '2023-01-17 08:57:09'),
(274, 706, 847, 89, 'DN-6930551', 17, '2023-01-24 08:36:06', 'REJECTED', 'REJECTED', 'BATCH-416215', 'Issue found', '2023-01-24 08:36:06'),
(275, 258, 1363, 75, 'DN-5318974', 61, '2024-03-27 21:39:41', 'PARTIAL', 'DAMAGED', 'BATCH-275798', 'Issue found', '2024-03-27 21:39:41'),
(276, 499, 2064, 72, 'DN-2619492', 75, '2022-07-21 16:41:58', 'COMPLETE', 'REJECTED', 'BATCH-923752', 'Issue found', '2022-07-21 16:41:58'),
(277, 545, 1545, 80, 'DN-1913442', 27, '2022-02-11 09:55:51', 'REJECTED', 'GOOD', 'BATCH-446983', 'All good', '2022-02-11 09:55:51'),
(278, 924, 1741, 75, 'DN-7701813', 9, '2024-03-05 12:39:36', 'REJECTED', 'DAMAGED', 'BATCH-654312', 'Issue found', '2024-03-05 12:39:36'),
(279, 858, 1014, 11, 'DN-4330449', 57, '2022-08-18 08:26:04', 'COMPLETE', 'REJECTED', 'BATCH-998101', 'Issue found', '2022-08-18 08:26:04'),
(280, 439, 2540, 90, 'DN-6319801', 87, '2022-02-02 12:28:44', 'COMPLETE', 'REJECTED', 'BATCH-224506', 'Issue found', '2022-02-02 12:28:44'),
(281, 350, 2551, 63, 'DN-5670146', 19, '2023-06-12 22:15:45', 'COMPLETE', 'REJECTED', 'BATCH-406781', 'Issue found', '2023-06-12 22:15:45'),
(282, 903, 1536, 32, 'DN-1642377', 34, '2022-02-21 18:29:15', 'REJECTED', 'REJECTED', 'BATCH-476862', 'Issue found', '2022-02-21 18:29:15'),
(283, 314, 1509, 88, 'DN-8776493', 68, '2024-11-29 12:23:59', 'PARTIAL', 'REJECTED', 'BATCH-915515', 'Issue found', '2024-11-29 12:23:59'),
(284, 944, 2629, 58, 'DN-2245257', 11, '2023-04-08 15:34:50', 'COMPLETE', 'REJECTED', 'BATCH-135453', 'Issue found', '2023-04-08 15:34:50'),
(285, 730, 1873, 63, 'DN-9607739', 92, '2022-11-04 19:56:27', 'REJECTED', 'REJECTED', 'BATCH-104115', 'Issue found', '2022-11-04 19:56:27'),
(286, 378, 687, 32, 'DN-5844108', 32, '2022-07-30 14:18:17', 'PARTIAL', 'DAMAGED', 'BATCH-840601', 'Issue found', '2022-07-30 14:18:17'),
(287, 304, 513, 90, 'DN-1856751', 74, '2022-12-09 03:12:30', 'DAMAGED', 'GOOD', 'BATCH-901639', 'All good', '2022-12-09 03:12:30'),
(288, 927, 2452, 60, 'DN-7668864', 17, '2024-10-28 11:47:39', 'PARTIAL', 'REJECTED', 'BATCH-619287', 'Issue found', '2024-10-28 11:47:39'),
(289, 641, 573, 32, 'DN-4662803', 13, '2023-11-04 07:26:12', 'REJECTED', 'REJECTED', 'BATCH-105149', 'Issue found', '2023-11-04 07:26:12'),
(290, 529, 976, 86, 'DN-8176465', 39, '2022-04-12 00:25:39', 'PARTIAL', 'DAMAGED', 'BATCH-892042', 'Issue found', '2022-04-12 00:25:39'),
(291, 244, 1160, 29, 'DN-6022502', 7, '2024-02-21 13:41:09', 'DAMAGED', 'GOOD', 'BATCH-967941', 'All good', '2024-02-21 13:41:09'),
(292, 78, 2070, 22, 'DN-1630184', 38, '2022-02-16 08:42:47', 'COMPLETE', 'DAMAGED', 'BATCH-542681', 'Issue found', '2022-02-16 08:42:47'),
(293, 732, 2271, 50, 'DN-7429810', 40, '2023-01-23 14:18:26', 'DAMAGED', 'DAMAGED', 'BATCH-335273', 'Issue found', '2023-01-23 14:18:26'),
(294, 123, 407, 20, 'DN-4831794', 83, '2023-11-10 09:37:22', 'PARTIAL', 'REJECTED', 'BATCH-725211', 'Issue found', '2023-11-10 09:37:22'),
(295, 234, 1565, 22, 'DN-4594893', 48, '2023-07-17 02:10:16', 'REJECTED', 'REJECTED', 'BATCH-168609', 'Issue found', '2023-07-17 02:10:16'),
(296, 755, 1789, 75, 'DN-9166006', 58, '2024-03-22 14:04:52', 'PARTIAL', 'DAMAGED', 'BATCH-646432', 'Issue found', '2024-03-22 14:04:52'),
(297, 944, 280, 75, 'DN-8523187', 1, '2022-08-20 23:38:38', 'REJECTED', 'DAMAGED', 'BATCH-880347', 'Issue found', '2022-08-20 23:38:38'),
(298, 182, 2062, 88, 'DN-7310123', 27, '2023-07-08 03:36:15', 'PARTIAL', 'REJECTED', 'BATCH-516030', 'Issue found', '2023-07-08 03:36:15'),
(299, 675, 655, 68, 'DN-1735972', 3, '2024-05-20 01:06:48', 'PARTIAL', 'GOOD', 'BATCH-991282', 'All good', '2024-05-20 01:06:48'),
(300, 844, 534, 43, 'DN-1377501', 60, '2023-03-31 23:52:54', 'PARTIAL', 'GOOD', 'BATCH-856521', 'All good', '2023-03-31 23:52:54'),
(301, 524, 2111, 58, 'DN-1022104', 90, '2023-10-12 22:22:29', 'REJECTED', 'REJECTED', 'BATCH-198799', 'Issue found', '2023-10-12 22:22:29'),
(302, 960, 2440, 20, 'DN-5616227', 82, '2023-12-14 16:13:27', 'COMPLETE', 'DAMAGED', 'BATCH-882576', 'Issue found', '2023-12-14 16:13:27'),
(303, 359, 2105, 11, 'DN-9339078', 54, '2023-01-22 16:18:27', 'DAMAGED', 'GOOD', 'BATCH-158073', 'All good', '2023-01-22 16:18:27'),
(304, 220, 69, 90, 'DN-2157053', 40, '2022-01-05 22:05:42', 'REJECTED', 'REJECTED', 'BATCH-971322', 'Issue found', '2022-01-05 22:05:42'),
(305, 38, 1602, 63, 'DN-7369728', 25, '2023-03-25 16:46:58', 'COMPLETE', 'REJECTED', 'BATCH-580641', 'Issue found', '2023-03-25 16:46:58'),
(306, 627, 1457, 62, 'DN-1250786', 89, '2022-12-24 04:11:57', 'COMPLETE', 'REJECTED', 'BATCH-269382', 'Issue found', '2022-12-24 04:11:57'),
(307, 763, 2235, 90, 'DN-1958824', 67, '2023-09-18 13:56:50', 'COMPLETE', 'GOOD', 'BATCH-253908', 'All good', '2023-09-18 13:56:50'),
(308, 184, 381, 43, 'DN-2044997', 35, '2024-04-10 15:14:23', 'PARTIAL', 'REJECTED', 'BATCH-427801', 'Issue found', '2024-04-10 15:14:23'),
(309, 338, 2609, 86, 'DN-5378695', 40, '2025-02-11 11:37:22', 'DAMAGED', 'GOOD', 'BATCH-873851', 'All good', '2025-02-11 11:37:22'),
(310, 358, 2941, 63, 'DN-5419728', 78, '2024-12-22 12:54:28', 'REJECTED', 'GOOD', 'BATCH-379420', 'All good', '2024-12-22 12:54:28'),
(311, 307, 240, 63, 'DN-3802354', 45, '2022-01-15 05:16:50', 'COMPLETE', 'GOOD', 'BATCH-819225', 'All good', '2022-01-15 05:16:50'),
(312, 204, 1209, 72, 'DN-4968770', 35, '2022-04-17 12:59:18', 'PARTIAL', 'REJECTED', 'BATCH-627503', 'Issue found', '2022-04-17 12:59:18'),
(313, 20, 697, 22, 'DN-1440332', 95, '2023-06-22 22:05:11', 'REJECTED', 'REJECTED', 'BATCH-393231', 'Issue found', '2023-06-22 22:05:11'),
(314, 918, 11, 59, 'DN-7438498', 10, '2022-12-29 01:04:23', 'PARTIAL', 'DAMAGED', 'BATCH-180174', 'Issue found', '2022-12-29 01:04:23'),
(315, 224, 448, 60, 'DN-8643333', 67, '2024-03-22 02:53:01', 'COMPLETE', 'GOOD', 'BATCH-524433', 'All good', '2024-03-22 02:53:01'),
(316, 918, 2039, 63, 'DN-4812089', 89, '2024-10-31 02:02:06', 'COMPLETE', 'DAMAGED', 'BATCH-984832', 'Issue found', '2024-10-31 02:02:06'),
(317, 954, 1901, 11, 'DN-9515281', 11, '2025-01-28 10:36:52', 'REJECTED', 'REJECTED', 'BATCH-745309', 'Issue found', '2025-01-28 10:36:52'),
(318, 639, 1510, 29, 'DN-7682736', 36, '2024-06-09 23:44:14', 'COMPLETE', 'REJECTED', 'BATCH-980385', 'Issue found', '2024-06-09 23:44:14'),
(319, 892, 212, 88, 'DN-5479059', 33, '2023-05-30 23:56:27', 'COMPLETE', 'GOOD', 'BATCH-333340', 'All good', '2023-05-30 23:56:27'),
(320, 510, 259, 86, 'DN-6412290', 95, '2023-07-27 02:56:15', 'COMPLETE', 'DAMAGED', 'BATCH-694196', 'Issue found', '2023-07-27 02:56:15'),
(321, 410, 313, 43, 'DN-5896283', 15, '2022-11-26 20:12:28', 'PARTIAL', 'GOOD', 'BATCH-698454', 'All good', '2022-11-26 20:12:28'),
(322, 124, 1702, 10, 'DN-9960425', 11, '2024-12-19 00:45:42', 'REJECTED', 'REJECTED', 'BATCH-287595', 'Issue found', '2024-12-19 00:45:42'),
(323, 506, 2961, 62, 'DN-5719264', 22, '2022-10-10 05:58:16', 'PARTIAL', 'REJECTED', 'BATCH-926476', 'Issue found', '2022-10-10 05:58:16'),
(324, 512, 381, 59, 'DN-6954593', 26, '2023-12-14 06:04:40', 'PARTIAL', 'GOOD', 'BATCH-448007', 'All good', '2023-12-14 06:04:40'),
(325, 476, 1561, 75, 'DN-4843824', 90, '2024-06-17 00:10:49', 'PARTIAL', 'GOOD', 'BATCH-227615', 'All good', '2024-06-17 00:10:49'),
(326, 990, 883, 60, 'DN-9831036', 33, '2024-06-20 09:06:33', 'REJECTED', 'GOOD', 'BATCH-244711', 'All good', '2024-06-20 09:06:33'),
(327, 409, 2530, 32, 'DN-1871105', 94, '2025-02-07 06:57:19', 'PARTIAL', 'DAMAGED', 'BATCH-636574', 'Issue found', '2025-02-07 06:57:19'),
(328, 481, 2417, 43, 'DN-6032267', 19, '2023-06-16 16:15:06', 'DAMAGED', 'DAMAGED', 'BATCH-640800', 'Issue found', '2023-06-16 16:15:06'),
(329, 235, 1727, 29, 'DN-6496152', 10, '2022-07-26 16:02:45', 'PARTIAL', 'REJECTED', 'BATCH-681481', 'Issue found', '2022-07-26 16:02:45'),
(330, 492, 2734, 6, 'DN-9712016', 41, '2024-12-01 12:32:28', 'REJECTED', 'DAMAGED', 'BATCH-194066', 'Issue found', '2024-12-01 12:32:28'),
(331, 203, 2511, 20, 'DN-7788734', 12, '2022-04-26 23:17:15', 'DAMAGED', 'REJECTED', 'BATCH-824834', 'Issue found', '2022-04-26 23:17:15'),
(332, 957, 1607, 88, 'DN-3696247', 11, '2022-03-22 22:59:36', 'COMPLETE', 'GOOD', 'BATCH-152005', 'All good', '2022-03-22 22:59:36'),
(333, 182, 1295, 80, 'DN-2120347', 82, '2023-05-25 17:32:03', 'PARTIAL', 'REJECTED', 'BATCH-971269', 'Issue found', '2023-05-25 17:32:03'),
(334, 445, 2962, 22, 'DN-9076731', 94, '2023-11-27 22:30:20', 'COMPLETE', 'REJECTED', 'BATCH-181956', 'Issue found', '2023-11-27 22:30:20'),
(335, 802, 2330, 11, 'DN-6991070', 14, '2023-06-15 20:41:41', 'PARTIAL', 'GOOD', 'BATCH-936950', 'All good', '2023-06-15 20:41:41'),
(336, 863, 1710, 80, 'DN-8735749', 3, '2023-11-26 15:22:43', 'REJECTED', 'REJECTED', 'BATCH-985972', 'Issue found', '2023-11-26 15:22:43'),
(337, 705, 2429, 80, 'DN-1955344', 38, '2023-08-09 11:49:59', 'REJECTED', 'DAMAGED', 'BATCH-929241', 'Issue found', '2023-08-09 11:49:59'),
(338, 929, 2121, 62, 'DN-3008340', 49, '2023-06-25 23:03:12', 'PARTIAL', 'DAMAGED', 'BATCH-748360', 'Issue found', '2023-06-25 23:03:12'),
(339, 103, 2022, 90, 'DN-7631923', 78, '2024-08-11 06:13:32', 'DAMAGED', 'GOOD', 'BATCH-717690', 'All good', '2024-08-11 06:13:32'),
(340, 266, 2107, 58, 'DN-6606303', 67, '2024-05-29 02:58:21', 'REJECTED', 'REJECTED', 'BATCH-411179', 'Issue found', '2024-05-29 02:58:21'),
(341, 800, 1032, 68, 'DN-5824180', 39, '2024-11-21 05:25:15', 'DAMAGED', 'DAMAGED', 'BATCH-869466', 'Issue found', '2024-11-21 05:25:15'),
(342, 143, 2988, 32, 'DN-5025239', 9, '2024-03-14 09:31:32', 'DAMAGED', 'REJECTED', 'BATCH-121991', 'Issue found', '2024-03-14 09:31:32'),
(343, 325, 891, 63, 'DN-6074410', 33, '2022-04-19 00:09:24', 'DAMAGED', 'GOOD', 'BATCH-483853', 'All good', '2022-04-19 00:09:24'),
(344, 454, 88, 60, 'DN-9103257', 83, '2023-05-21 10:01:03', 'REJECTED', 'DAMAGED', 'BATCH-109025', 'Issue found', '2023-05-21 10:01:03'),
(345, 814, 2916, 50, 'DN-3605006', 71, '2022-03-17 05:22:13', 'REJECTED', 'GOOD', 'BATCH-562362', 'All good', '2022-03-17 05:22:13'),
(346, 604, 1738, 10, 'DN-9399342', 4, '2024-11-21 08:24:10', 'PARTIAL', 'GOOD', 'BATCH-935557', 'All good', '2024-11-21 08:24:10'),
(347, 244, 15, 75, 'DN-3874448', 85, '2023-09-26 08:29:25', 'COMPLETE', 'GOOD', 'BATCH-491336', 'All good', '2023-09-26 08:29:25'),
(348, 150, 2785, 72, 'DN-7743409', 45, '2022-09-08 13:11:21', 'COMPLETE', 'GOOD', 'BATCH-704710', 'All good', '2022-09-08 13:11:21'),
(349, 614, 70, 50, 'DN-7150107', 10, '2024-11-20 17:51:22', 'DAMAGED', 'DAMAGED', 'BATCH-326174', 'Issue found', '2024-11-20 17:51:22'),
(350, 496, 1056, 90, 'DN-6382395', 30, '2024-07-13 14:24:28', 'COMPLETE', 'DAMAGED', 'BATCH-591803', 'Issue found', '2024-07-13 14:24:28'),
(351, 975, 2140, 59, 'DN-5205142', 34, '2025-01-28 18:34:39', 'REJECTED', 'GOOD', 'BATCH-498466', 'All good', '2025-01-28 18:34:39'),
(352, 670, 1874, 72, 'DN-3040028', 90, '2022-07-19 03:49:44', 'DAMAGED', 'DAMAGED', 'BATCH-732537', 'Issue found', '2022-07-19 03:49:44'),
(353, 75, 813, 11, 'DN-7885861', 99, '2022-06-14 11:24:00', 'REJECTED', 'DAMAGED', 'BATCH-995361', 'Issue found', '2022-06-14 11:24:00'),
(354, 800, 2442, 10, 'DN-5399607', 26, '2024-02-14 09:27:24', 'PARTIAL', 'REJECTED', 'BATCH-669591', 'Issue found', '2024-02-14 09:27:24'),
(355, 969, 2580, 89, 'DN-1239506', 45, '2024-01-31 06:32:06', 'DAMAGED', 'GOOD', 'BATCH-597176', 'All good', '2024-01-31 06:32:06'),
(356, 13, 2289, 90, 'DN-9031955', 35, '2024-11-08 12:08:58', 'DAMAGED', 'DAMAGED', 'BATCH-751956', 'Issue found', '2024-11-08 12:08:58'),
(357, 661, 2788, 86, 'DN-3503769', 93, '2023-04-07 04:43:34', 'PARTIAL', 'REJECTED', 'BATCH-464179', 'Issue found', '2023-04-07 04:43:34'),
(358, 532, 206, 59, 'DN-1253051', 53, '2023-07-11 03:56:35', 'COMPLETE', 'GOOD', 'BATCH-260135', 'All good', '2023-07-11 03:56:35'),
(359, 544, 835, 58, 'DN-1934207', 47, '2024-03-24 16:23:28', 'REJECTED', 'REJECTED', 'BATCH-800704', 'Issue found', '2024-03-24 16:23:28'),
(360, 294, 47, 72, 'DN-4005863', 4, '2024-11-01 04:23:53', 'COMPLETE', 'DAMAGED', 'BATCH-244871', 'Issue found', '2024-11-01 04:23:53'),
(361, 85, 181, 50, 'DN-5691075', 37, '2024-02-21 20:35:12', 'COMPLETE', 'GOOD', 'BATCH-380261', 'All good', '2024-02-21 20:35:12'),
(362, 931, 1934, 22, 'DN-1766065', 80, '2024-03-30 17:44:01', 'DAMAGED', 'DAMAGED', 'BATCH-305221', 'Issue found', '2024-03-30 17:44:01'),
(363, 358, 101, 60, 'DN-3420075', 97, '2022-11-12 13:54:13', 'PARTIAL', 'REJECTED', 'BATCH-124609', 'Issue found', '2022-11-12 13:54:13'),
(364, 37, 2232, 22, 'DN-6136345', 26, '2024-04-03 11:16:05', 'DAMAGED', 'DAMAGED', 'BATCH-261194', 'Issue found', '2024-04-03 11:16:05'),
(365, 937, 207, 86, 'DN-3699507', 57, '2023-12-20 16:40:25', 'DAMAGED', 'REJECTED', 'BATCH-298423', 'Issue found', '2023-12-20 16:40:25'),
(366, 807, 1871, 68, 'DN-7836272', 57, '2024-03-30 05:42:21', 'PARTIAL', 'DAMAGED', 'BATCH-643247', 'Issue found', '2024-03-30 05:42:21'),
(367, 494, 986, 62, 'DN-7533712', 17, '2022-07-06 17:37:00', 'DAMAGED', 'REJECTED', 'BATCH-840276', 'Issue found', '2022-07-06 17:37:00'),
(368, 755, 1945, 10, 'DN-1317732', 7, '2022-02-23 21:23:26', 'PARTIAL', 'REJECTED', 'BATCH-106948', 'Issue found', '2022-02-23 21:23:26'),
(369, 823, 1632, 20, 'DN-8050383', 89, '2024-08-30 19:27:15', 'REJECTED', 'DAMAGED', 'BATCH-363704', 'Issue found', '2024-08-30 19:27:15'),
(370, 28, 2592, 72, 'DN-1689216', 30, '2023-02-13 20:36:02', 'COMPLETE', 'DAMAGED', 'BATCH-198299', 'Issue found', '2023-02-13 20:36:02'),
(371, 344, 693, 59, 'DN-1505494', 98, '2022-03-28 10:48:51', 'COMPLETE', 'REJECTED', 'BATCH-734385', 'Issue found', '2022-03-28 10:48:51'),
(372, 657, 827, 32, 'DN-4761691', 2, '2024-07-16 21:57:01', 'DAMAGED', 'GOOD', 'BATCH-491631', 'All good', '2024-07-16 21:57:01'),
(373, 63, 2795, 29, 'DN-8353225', 5, '2024-12-30 12:25:08', 'REJECTED', 'REJECTED', 'BATCH-689550', 'Issue found', '2024-12-30 12:25:08'),
(374, 38, 2781, 89, 'DN-5959933', 74, '2024-10-11 08:41:19', 'DAMAGED', 'REJECTED', 'BATCH-427295', 'Issue found', '2024-10-11 08:41:19'),
(375, 969, 1347, 62, 'DN-2198959', 59, '2022-04-22 23:38:42', 'COMPLETE', 'GOOD', 'BATCH-916150', 'All good', '2022-04-22 23:38:42'),
(376, 703, 2754, 43, 'DN-3563186', 86, '2024-08-03 15:22:42', 'REJECTED', 'REJECTED', 'BATCH-411554', 'Issue found', '2024-08-03 15:22:42'),
(377, 220, 634, 32, 'DN-3946993', 39, '2023-09-22 01:38:03', 'COMPLETE', 'DAMAGED', 'BATCH-211895', 'Issue found', '2023-09-22 01:38:03'),
(378, 176, 1034, 43, 'DN-6494304', 13, '2024-08-20 15:32:52', 'DAMAGED', 'DAMAGED', 'BATCH-719342', 'Issue found', '2024-08-20 15:32:52'),
(379, 629, 104, 22, 'DN-9226162', 52, '2022-07-12 22:02:58', 'DAMAGED', 'GOOD', 'BATCH-216204', 'All good', '2022-07-12 22:02:58'),
(380, 373, 1471, 60, 'DN-9715188', 32, '2023-03-11 17:17:23', 'REJECTED', 'REJECTED', 'BATCH-750329', 'Issue found', '2023-03-11 17:17:23'),
(381, 149, 2821, 72, 'DN-7070169', 80, '2023-06-23 18:17:39', 'COMPLETE', 'GOOD', 'BATCH-372541', 'All good', '2023-06-23 18:17:39'),
(382, 711, 981, 6, 'DN-7928455', 1, '2023-03-15 16:39:01', 'COMPLETE', 'GOOD', 'BATCH-886373', 'All good', '2023-03-15 16:39:01'),
(383, 187, 1902, 88, 'DN-4150204', 47, '2024-08-12 18:00:38', 'PARTIAL', 'REJECTED', 'BATCH-479041', 'Issue found', '2024-08-12 18:00:38'),
(384, 457, 479, 6, 'DN-9856374', 22, '2022-08-19 23:46:17', 'COMPLETE', 'DAMAGED', 'BATCH-184818', 'Issue found', '2022-08-19 23:46:17'),
(385, 440, 2708, 60, 'DN-5270315', 32, '2023-05-09 21:54:08', 'COMPLETE', 'GOOD', 'BATCH-702037', 'All good', '2023-05-09 21:54:08'),
(386, 65, 183, 75, 'DN-2467128', 49, '2022-11-23 11:35:35', 'PARTIAL', 'REJECTED', 'BATCH-148561', 'Issue found', '2022-11-23 11:35:35'),
(387, 940, 983, 75, 'DN-1083135', 19, '2022-01-09 02:15:31', 'REJECTED', 'GOOD', 'BATCH-333310', 'All good', '2022-01-09 02:15:31'),
(388, 327, 709, 86, 'DN-8325146', 14, '2024-06-02 01:36:48', 'PARTIAL', 'DAMAGED', 'BATCH-307582', 'Issue found', '2024-06-02 01:36:48'),
(389, 872, 1609, 75, 'DN-9067295', 94, '2022-10-03 16:46:35', 'REJECTED', 'GOOD', 'BATCH-998798', 'All good', '2022-10-03 16:46:35'),
(390, 846, 388, 60, 'DN-5113427', 34, '2023-10-20 04:56:31', 'PARTIAL', 'REJECTED', 'BATCH-825423', 'Issue found', '2023-10-20 04:56:31'),
(391, 213, 234, 86, 'DN-9293647', 25, '2024-11-19 22:16:55', 'DAMAGED', 'GOOD', 'BATCH-894809', 'All good', '2024-11-19 22:16:55'),
(392, 283, 2305, 89, 'DN-1993659', 64, '2022-11-15 21:59:43', 'REJECTED', 'GOOD', 'BATCH-791968', 'All good', '2022-11-15 21:59:43'),
(393, 425, 2253, 75, 'DN-6512872', 83, '2024-05-05 16:03:12', 'DAMAGED', 'GOOD', 'BATCH-803491', 'All good', '2024-05-05 16:03:12'),
(394, 763, 2179, 29, 'DN-9237843', 40, '2024-05-18 00:48:56', 'PARTIAL', 'GOOD', 'BATCH-211753', 'All good', '2024-05-18 00:48:56'),
(395, 429, 1163, 72, 'DN-8694668', 27, '2022-10-20 16:04:34', 'REJECTED', 'REJECTED', 'BATCH-777120', 'Issue found', '2022-10-20 16:04:34'),
(396, 462, 2934, 80, 'DN-4018735', 41, '2022-01-06 16:15:31', 'DAMAGED', 'REJECTED', 'BATCH-333102', 'Issue found', '2022-01-06 16:15:31'),
(397, 28, 1103, 75, 'DN-2189186', 73, '2023-03-03 02:21:01', 'DAMAGED', 'DAMAGED', 'BATCH-824055', 'Issue found', '2023-03-03 02:21:01'),
(398, 638, 1199, 43, 'DN-1504491', 55, '2023-08-21 19:49:15', 'PARTIAL', 'DAMAGED', 'BATCH-549511', 'Issue found', '2023-08-21 19:49:15'),
(399, 175, 1017, 68, 'DN-1116666', 97, '2022-09-18 07:37:09', 'PARTIAL', 'GOOD', 'BATCH-883639', 'All good', '2022-09-18 07:37:09'),
(400, 654, 141, 11, 'DN-5091876', 77, '2022-11-06 20:47:42', 'PARTIAL', 'DAMAGED', 'BATCH-371897', 'Issue found', '2022-11-06 20:47:42'),
(401, 733, 335, 22, 'DN-6792049', 83, '2023-02-15 07:56:12', 'REJECTED', 'GOOD', 'BATCH-263303', 'All good', '2023-02-15 07:56:12'),
(402, 994, 899, 50, 'DN-7680005', 77, '2023-02-14 22:06:03', 'DAMAGED', 'GOOD', 'BATCH-269707', 'All good', '2023-02-14 22:06:03'),
(403, 408, 2344, 11, 'DN-8186474', 3, '2023-09-14 04:13:19', 'PARTIAL', 'REJECTED', 'BATCH-624062', 'Issue found', '2023-09-14 04:13:19'),
(404, 991, 2188, 88, 'DN-7347852', 87, '2023-02-27 08:06:07', 'REJECTED', 'GOOD', 'BATCH-290835', 'All good', '2023-02-27 08:06:07'),
(405, 399, 908, 20, 'DN-9036972', 21, '2022-03-25 05:14:48', 'DAMAGED', 'REJECTED', 'BATCH-500517', 'Issue found', '2022-03-25 05:14:48'),
(406, 670, 35, 60, 'DN-3060804', 99, '2023-09-08 02:39:03', 'COMPLETE', 'GOOD', 'BATCH-780869', 'All good', '2023-09-08 02:39:03'),
(407, 183, 1432, 59, 'DN-5452295', 52, '2023-04-14 08:32:18', 'DAMAGED', 'DAMAGED', 'BATCH-272304', 'Issue found', '2023-04-14 08:32:18'),
(408, 481, 2447, 75, 'DN-6123154', 52, '2025-02-09 07:09:39', 'DAMAGED', 'DAMAGED', 'BATCH-260834', 'Issue found', '2025-02-09 07:09:39'),
(409, 911, 1352, 6, 'DN-6172137', 57, '2022-03-04 06:12:19', 'COMPLETE', 'REJECTED', 'BATCH-523406', 'Issue found', '2022-03-04 06:12:19'),
(410, 304, 2935, 60, 'DN-6898925', 96, '2022-06-16 11:43:37', 'COMPLETE', 'REJECTED', 'BATCH-610632', 'Issue found', '2022-06-16 11:43:37'),
(411, 421, 376, 72, 'DN-3042366', 38, '2022-08-22 09:10:39', 'COMPLETE', 'REJECTED', 'BATCH-780746', 'Issue found', '2022-08-22 09:10:39'),
(412, 223, 1257, 62, 'DN-2801829', 7, '2022-11-01 16:57:09', 'COMPLETE', 'DAMAGED', 'BATCH-869243', 'Issue found', '2022-11-01 16:57:09'),
(413, 220, 711, 10, 'DN-4208325', 58, '2023-09-20 20:33:37', 'DAMAGED', 'DAMAGED', 'BATCH-106831', 'Issue found', '2023-09-20 20:33:37'),
(414, 802, 1601, 62, 'DN-4148273', 82, '2024-05-19 18:11:56', 'PARTIAL', 'GOOD', 'BATCH-683159', 'All good', '2024-05-19 18:11:56'),
(415, 561, 1467, 50, 'DN-2091936', 37, '2023-10-25 04:52:55', 'PARTIAL', 'REJECTED', 'BATCH-946890', 'Issue found', '2023-10-25 04:52:55'),
(416, 757, 659, 62, 'DN-2570089', 3, '2023-12-04 14:42:22', 'REJECTED', 'REJECTED', 'BATCH-537467', 'Issue found', '2023-12-04 14:42:22'),
(417, 738, 1331, 90, 'DN-9386972', 73, '2024-08-29 00:32:15', 'DAMAGED', 'GOOD', 'BATCH-660793', 'All good', '2024-08-29 00:32:15'),
(418, 831, 1680, 90, 'DN-7598963', 79, '2022-02-17 01:27:31', 'PARTIAL', 'GOOD', 'BATCH-413346', 'All good', '2022-02-17 01:27:31'),
(419, 55, 2262, 68, 'DN-9565634', 62, '2023-12-24 23:18:12', 'COMPLETE', 'GOOD', 'BATCH-103560', 'All good', '2023-12-24 23:18:12'),
(420, 66, 2712, 86, 'DN-9460923', 15, '2022-04-18 10:35:47', 'PARTIAL', 'REJECTED', 'BATCH-647792', 'Issue found', '2022-04-18 10:35:47'),
(421, 109, 496, 20, 'DN-6722198', 43, '2022-02-15 11:38:00', 'COMPLETE', 'DAMAGED', 'BATCH-986682', 'Issue found', '2022-02-15 11:38:00'),
(422, 244, 1788, 86, 'DN-2535397', 33, '2022-01-16 14:27:17', 'PARTIAL', 'DAMAGED', 'BATCH-944946', 'Issue found', '2022-01-16 14:27:17'),
(423, 693, 1391, 68, 'DN-9642796', 10, '2022-07-14 23:52:37', 'COMPLETE', 'GOOD', 'BATCH-521312', 'All good', '2022-07-14 23:52:37'),
(424, 275, 135, 20, 'DN-9186677', 3, '2022-12-17 11:43:09', 'COMPLETE', 'GOOD', 'BATCH-276745', 'All good', '2022-12-17 11:43:09'),
(425, 868, 2572, 89, 'DN-4393262', 11, '2023-02-22 23:18:43', 'PARTIAL', 'GOOD', 'BATCH-279930', 'All good', '2023-02-22 23:18:43'),
(426, 327, 513, 75, 'DN-7242681', 53, '2023-06-11 21:47:12', 'REJECTED', 'GOOD', 'BATCH-946211', 'All good', '2023-06-11 21:47:12'),
(427, 841, 1545, 60, 'DN-6252401', 91, '2024-12-06 19:37:25', 'DAMAGED', 'GOOD', 'BATCH-943726', 'All good', '2024-12-06 19:37:25'),
(428, 358, 2919, 20, 'DN-5123426', 69, '2023-04-14 16:07:19', 'REJECTED', 'GOOD', 'BATCH-197489', 'All good', '2023-04-14 16:07:19'),
(429, 499, 913, 80, 'DN-7623732', 100, '2023-08-01 20:50:15', 'REJECTED', 'REJECTED', 'BATCH-898458', 'Issue found', '2023-08-01 20:50:15'),
(430, 155, 1583, 86, 'DN-9086275', 34, '2022-09-14 08:50:17', 'DAMAGED', 'REJECTED', 'BATCH-994328', 'Issue found', '2022-09-14 08:50:17'),
(431, 359, 1970, 22, 'DN-8255543', 99, '2024-09-06 09:48:09', 'DAMAGED', 'GOOD', 'BATCH-891082', 'All good', '2024-09-06 09:48:09'),
(432, 164, 491, 43, 'DN-8877198', 98, '2022-10-09 15:06:34', 'REJECTED', 'DAMAGED', 'BATCH-734881', 'Issue found', '2022-10-09 15:06:34'),
(433, 396, 2916, 32, 'DN-4455106', 87, '2023-05-13 17:34:28', 'DAMAGED', 'DAMAGED', 'BATCH-701419', 'Issue found', '2023-05-13 17:34:28'),
(434, 879, 1089, 80, 'DN-1368038', 62, '2022-04-16 20:42:19', 'COMPLETE', 'GOOD', 'BATCH-197933', 'All good', '2022-04-16 20:42:19'),
(435, 976, 2811, 43, 'DN-2490468', 62, '2025-01-29 23:01:37', 'COMPLETE', 'DAMAGED', 'BATCH-242994', 'Issue found', '2025-01-29 23:01:37'),
(436, 852, 2446, 29, 'DN-6062099', 16, '2022-08-11 08:29:57', 'PARTIAL', 'DAMAGED', 'BATCH-685580', 'Issue found', '2022-08-11 08:29:57'),
(437, 230, 28, 60, 'DN-4774405', 3, '2022-01-02 16:59:59', 'DAMAGED', 'GOOD', 'BATCH-954025', 'All good', '2022-01-02 16:59:59'),
(438, 800, 521, 29, 'DN-4787130', 28, '2024-12-26 19:54:33', 'DAMAGED', 'REJECTED', 'BATCH-677302', 'Issue found', '2024-12-26 19:54:33'),
(439, 792, 1558, 88, 'DN-1617773', 18, '2022-10-11 12:31:54', 'PARTIAL', 'REJECTED', 'BATCH-798365', 'Issue found', '2022-10-11 12:31:54'),
(440, 548, 2465, 88, 'DN-1396514', 7, '2024-03-27 20:07:56', 'DAMAGED', 'GOOD', 'BATCH-860955', 'All good', '2024-03-27 20:07:56'),
(441, 386, 257, 75, 'DN-2921243', 97, '2022-07-06 06:24:27', 'PARTIAL', 'GOOD', 'BATCH-388894', 'All good', '2022-07-06 06:24:27'),
(442, 312, 55, 62, 'DN-9465886', 19, '2023-01-07 17:31:45', 'REJECTED', 'DAMAGED', 'BATCH-525963', 'Issue found', '2023-01-07 17:31:45'),
(443, 559, 2090, 88, 'DN-5725610', 94, '2023-04-14 18:03:06', 'COMPLETE', 'GOOD', 'BATCH-138967', 'All good', '2023-04-14 18:03:06'),
(444, 456, 2910, 88, 'DN-2342921', 27, '2023-07-17 04:17:35', 'REJECTED', 'REJECTED', 'BATCH-505614', 'Issue found', '2023-07-17 04:17:35'),
(445, 637, 536, 43, 'DN-9927751', 37, '2022-07-19 09:19:41', 'PARTIAL', 'REJECTED', 'BATCH-939824', 'Issue found', '2022-07-19 09:19:41'),
(446, 730, 2951, 10, 'DN-9415606', 95, '2025-02-04 08:42:39', 'PARTIAL', 'DAMAGED', 'BATCH-964258', 'Issue found', '2025-02-04 08:42:39'),
(447, 248, 1742, 20, 'DN-3954145', 67, '2023-04-28 09:44:03', 'DAMAGED', 'GOOD', 'BATCH-684965', 'All good', '2023-04-28 09:44:03'),
(448, 979, 2124, 59, 'DN-3483642', 7, '2024-12-28 14:28:33', 'REJECTED', 'GOOD', 'BATCH-603994', 'All good', '2024-12-28 14:28:33'),
(449, 546, 1050, 88, 'DN-6962382', 91, '2022-02-26 23:16:53', 'DAMAGED', 'GOOD', 'BATCH-794125', 'All good', '2022-02-26 23:16:53'),
(450, 802, 1146, 89, 'DN-4564487', 30, '2023-12-18 20:17:09', 'PARTIAL', 'GOOD', 'BATCH-137429', 'All good', '2023-12-18 20:17:09'),
(451, 309, 179, 62, 'DN-2603434', 80, '2024-05-28 17:20:07', 'DAMAGED', 'REJECTED', 'BATCH-949035', 'Issue found', '2024-05-28 17:20:07'),
(452, 672, 2856, 80, 'DN-2423001', 59, '2022-06-10 13:16:56', 'DAMAGED', 'DAMAGED', 'BATCH-250195', 'Issue found', '2022-06-10 13:16:56'),
(453, 866, 822, 50, 'DN-8127911', 2, '2022-04-02 17:43:46', 'COMPLETE', 'GOOD', 'BATCH-938392', 'All good', '2022-04-02 17:43:46'),
(454, 5, 2926, 86, 'DN-3143208', 12, '2023-11-14 12:00:28', 'REJECTED', 'GOOD', 'BATCH-194337', 'All good', '2023-11-14 12:00:28'),
(455, 900, 1055, 59, 'DN-4044489', 74, '2023-12-10 15:20:12', 'COMPLETE', 'REJECTED', 'BATCH-129774', 'Issue found', '2023-12-10 15:20:12'),
(456, 536, 2026, 89, 'DN-5443970', 53, '2023-12-23 08:34:06', 'PARTIAL', 'DAMAGED', 'BATCH-252484', 'Issue found', '2023-12-23 08:34:06'),
(457, 54, 1273, 72, 'DN-1501823', 31, '2023-01-01 08:15:15', 'PARTIAL', 'REJECTED', 'BATCH-372607', 'Issue found', '2023-01-01 08:15:15'),
(458, 814, 1407, 90, 'DN-5953814', 67, '2023-12-03 06:21:03', 'DAMAGED', 'GOOD', 'BATCH-927159', 'All good', '2023-12-03 06:21:03'),
(459, 77, 1464, 62, 'DN-2074651', 75, '2024-01-20 05:49:20', 'REJECTED', 'DAMAGED', 'BATCH-834466', 'Issue found', '2024-01-20 05:49:20'),
(460, 773, 1766, 88, 'DN-6444638', 87, '2022-03-22 00:55:19', 'REJECTED', 'DAMAGED', 'BATCH-477735', 'Issue found', '2022-03-22 00:55:19'),
(461, 953, 2003, 10, 'DN-1481192', 5, '2023-11-25 21:28:41', 'COMPLETE', 'DAMAGED', 'BATCH-596239', 'Issue found', '2023-11-25 21:28:41'),
(462, 98, 391, 11, 'DN-3728267', 26, '2022-12-25 20:03:13', 'COMPLETE', 'DAMAGED', 'BATCH-134817', 'Issue found', '2022-12-25 20:03:13'),
(463, 512, 849, 88, 'DN-6917103', 63, '2022-05-24 05:22:23', 'PARTIAL', 'GOOD', 'BATCH-130786', 'All good', '2022-05-24 05:22:23'),
(464, 935, 1825, 20, 'DN-3803163', 73, '2024-01-04 22:37:01', 'PARTIAL', 'GOOD', 'BATCH-649835', 'All good', '2024-01-04 22:37:01'),
(465, 612, 2675, 50, 'DN-3596717', 8, '2023-03-23 13:58:53', 'DAMAGED', 'REJECTED', 'BATCH-883601', 'Issue found', '2023-03-23 13:58:53'),
(466, 327, 1900, 90, 'DN-9538713', 76, '2024-11-01 14:26:09', 'REJECTED', 'REJECTED', 'BATCH-269852', 'Issue found', '2024-11-01 14:26:09'),
(467, 429, 137, 32, 'DN-3197238', 25, '2025-01-21 21:59:58', 'PARTIAL', 'REJECTED', 'BATCH-530236', 'Issue found', '2025-01-21 21:59:58'),
(468, 567, 640, 62, 'DN-6066408', 6, '2024-01-07 00:46:28', 'COMPLETE', 'REJECTED', 'BATCH-960295', 'Issue found', '2024-01-07 00:46:28'),
(469, 496, 607, 80, 'DN-4358838', 36, '2024-02-13 02:52:21', 'COMPLETE', 'REJECTED', 'BATCH-928631', 'Issue found', '2024-02-13 02:52:21'),
(470, 541, 1034, 22, 'DN-9939496', 32, '2024-06-20 06:41:03', 'REJECTED', 'REJECTED', 'BATCH-314489', 'Issue found', '2024-06-20 06:41:03'),
(471, 285, 2135, 86, 'DN-3175044', 37, '2022-11-12 10:23:23', 'DAMAGED', 'DAMAGED', 'BATCH-950445', 'Issue found', '2022-11-12 10:23:23'),
(472, 686, 2975, 11, 'DN-5020130', 83, '2024-06-18 09:35:11', 'REJECTED', 'DAMAGED', 'BATCH-913445', 'Issue found', '2024-06-18 09:35:11'),
(473, 936, 1560, 60, 'DN-3153039', 44, '2022-01-06 12:56:41', 'DAMAGED', 'REJECTED', 'BATCH-308416', 'Issue found', '2022-01-06 12:56:41'),
(474, 324, 695, 86, 'DN-7511329', 90, '2022-12-23 11:34:16', 'PARTIAL', 'DAMAGED', 'BATCH-220592', 'Issue found', '2022-12-23 11:34:16'),
(475, 173, 2517, 90, 'DN-8810710', 16, '2022-03-24 06:58:17', 'DAMAGED', 'GOOD', 'BATCH-254377', 'All good', '2022-03-24 06:58:17'),
(476, 690, 2348, 68, 'DN-5275131', 27, '2022-11-11 15:11:12', 'REJECTED', 'DAMAGED', 'BATCH-257808', 'Issue found', '2022-11-11 15:11:12'),
(477, 914, 1624, 50, 'DN-2496733', 6, '2024-12-29 05:09:41', 'COMPLETE', 'REJECTED', 'BATCH-855656', 'Issue found', '2024-12-29 05:09:41'),
(478, 530, 954, 20, 'DN-3632687', 20, '2024-05-21 19:00:36', 'REJECTED', 'GOOD', 'BATCH-918328', 'All good', '2024-05-21 19:00:36'),
(479, 472, 1837, 62, 'DN-6685319', 10, '2024-09-15 18:54:42', 'PARTIAL', 'GOOD', 'BATCH-142783', 'All good', '2024-09-15 18:54:42'),
(480, 551, 2522, 59, 'DN-2236826', 9, '2022-07-29 17:39:53', 'PARTIAL', 'GOOD', 'BATCH-392587', 'All good', '2022-07-29 17:39:53'),
(481, 823, 1337, 86, 'DN-4751251', 2, '2024-10-25 08:17:44', 'REJECTED', 'GOOD', 'BATCH-284252', 'All good', '2024-10-25 08:17:44'),
(482, 192, 2142, 29, 'DN-1723316', 35, '2023-03-04 18:09:26', 'COMPLETE', 'GOOD', 'BATCH-756355', 'All good', '2023-03-04 18:09:26'),
(483, 17, 2241, 22, 'DN-9309285', 48, '2023-05-11 18:00:36', 'REJECTED', 'GOOD', 'BATCH-932522', 'All good', '2023-05-11 18:00:36'),
(484, 928, 1085, 59, 'DN-7590135', 24, '2023-10-04 02:07:18', 'REJECTED', 'DAMAGED', 'BATCH-945607', 'Issue found', '2023-10-04 02:07:18'),
(485, 715, 127, 10, 'DN-6881909', 29, '2024-03-25 19:23:43', 'REJECTED', 'DAMAGED', 'BATCH-358717', 'Issue found', '2024-03-25 19:23:43'),
(486, 593, 984, 68, 'DN-5115530', 27, '2022-01-24 12:53:27', 'COMPLETE', 'GOOD', 'BATCH-306772', 'All good', '2022-01-24 12:53:27'),
(487, 47, 1662, 29, 'DN-8599759', 21, '2024-09-11 12:02:10', 'REJECTED', 'DAMAGED', 'BATCH-380133', 'Issue found', '2024-09-11 12:02:10'),
(488, 914, 568, 6, 'DN-3579890', 93, '2023-10-12 07:48:21', 'COMPLETE', 'GOOD', 'BATCH-821064', 'All good', '2023-10-12 07:48:21'),
(489, 508, 254, 80, 'DN-5547584', 21, '2023-08-13 10:18:28', 'PARTIAL', 'REJECTED', 'BATCH-256109', 'Issue found', '2023-08-13 10:18:28'),
(490, 109, 1347, 72, 'DN-8085641', 9, '2023-03-23 11:02:55', 'COMPLETE', 'REJECTED', 'BATCH-309406', 'Issue found', '2023-03-23 11:02:55'),
(491, 203, 452, 6, 'DN-9208998', 80, '2022-06-16 22:53:05', 'COMPLETE', 'DAMAGED', 'BATCH-330215', 'Issue found', '2022-06-16 22:53:05'),
(492, 701, 1599, 58, 'DN-5428587', 65, '2022-01-11 17:24:51', 'COMPLETE', 'GOOD', 'BATCH-304448', 'All good', '2022-01-11 17:24:51'),
(493, 612, 2654, 29, 'DN-4195196', 7, '2023-01-01 20:28:11', 'REJECTED', 'GOOD', 'BATCH-125777', 'All good', '2023-01-01 20:28:11'),
(494, 213, 432, 22, 'DN-3806659', 85, '2024-03-26 23:01:59', 'PARTIAL', 'REJECTED', 'BATCH-597654', 'Issue found', '2024-03-26 23:01:59'),
(495, 393, 1490, 68, 'DN-9559969', 27, '2022-09-12 19:26:16', 'PARTIAL', 'DAMAGED', 'BATCH-420378', 'Issue found', '2022-09-12 19:26:16'),
(496, 324, 376, 59, 'DN-1335924', 20, '2023-03-17 15:33:47', 'PARTIAL', 'REJECTED', 'BATCH-169153', 'Issue found', '2023-03-17 15:33:47'),
(497, 323, 2679, 60, 'DN-9770304', 37, '2024-05-16 07:57:22', 'PARTIAL', 'REJECTED', 'BATCH-655015', 'Issue found', '2024-05-16 07:57:22'),
(498, 375, 35, 50, 'DN-7105351', 45, '2022-10-18 16:53:03', 'COMPLETE', 'GOOD', 'BATCH-668097', 'All good', '2022-10-18 16:53:03'),
(499, 268, 2883, 22, 'DN-7032210', 55, '2023-12-22 13:38:33', 'DAMAGED', 'DAMAGED', 'BATCH-403650', 'Issue found', '2023-12-22 13:38:33'),
(500, 324, 2382, 6, 'DN-6372729', 90, '2022-06-06 22:21:26', 'PARTIAL', 'REJECTED', 'BATCH-744389', 'Issue found', '2022-06-06 22:21:26');

INSERT INTO invoice (invoice_id, po_id, order_item_id, invoice_number, invoice_date, due_date, quantity, price_per_unit, tax_rate, currency, status, payment_terms, created_at) VALUES
(1, 1, 2822, 'INV-1612638', '2022-09-23 04:05:52', '2024-09-27 22:42:58', 26, 733.19, 19.0, 'USD', 'PAID', 'Net 30', '2022-09-23 04:05:52'),
(2, 615, 762, 'INV-2307853', '2023-04-05 04:30:12', '2024-07-02 11:20:53', 12, 22.24, 19.0, 'USD', 'DISPUTED', 'Net 30', '2023-04-05 04:30:12'),
(3, 782, 3000, 'INV-1046424', '2022-03-19 14:02:14', '2023-11-12 15:08:20', 2, 799.08, 19.0, 'EUR', 'RECEIVED', 'Net 30', '2022-03-19 14:02:14'),
(4, 827, 1651, 'INV-1314762', '2024-07-07 17:03:41', '2024-07-15 06:26:53', 28, 773.85, 19.0, 'USD', 'APPROVED', 'Net 30', '2024-07-07 17:03:41'),
(5, 151, 298, 'INV-6340707', '2024-02-04 16:44:50', '2024-03-09 03:56:17', 33, 340.78, 19.0, 'USD', 'RECEIVED', 'Net 30', '2024-02-04 16:44:50'),
(6, 135, 729, 'INV-4672735', '2022-01-16 20:16:15', '2023-12-20 16:06:53', 18, 731.0, 19.0, 'EUR', 'APPROVED', 'Net 30', '2022-01-16 20:16:15'),
(7, 978, 1132, 'INV-8054465', '2022-11-26 00:11:44', '2024-12-04 06:04:26', 47, 734.56, 19.0, 'USD', 'APPROVED', 'Net 30', '2022-11-26 00:11:44'),
(8, 494, 358, 'INV-3142923', '2022-03-02 02:51:07', '2023-12-29 17:57:00', 50, 484.91, 19.0, 'EUR', 'DISPUTED', 'Net 30', '2022-03-02 02:51:07'),
(9, 301, 1533, 'INV-2758150', '2022-06-01 11:22:32', '2024-07-25 20:25:19', 23, 229.97, 19.0, 'EUR', 'DISPUTED', 'Net 30', '2022-06-01 11:22:32'),
(10, 331, 2980, 'INV-8206565', '2023-02-01 10:44:09', '2024-03-28 20:38:10', 32, 559.04, 19.0, 'EUR', 'APPROVED', 'Net 30', '2023-02-01 10:44:09'),
(11, 194, 1856, 'INV-7904732', '2024-03-23 21:09:11', '2023-08-22 13:46:21', 36, 73.62, 19.0, 'USD', 'PAID', 'Net 30', '2024-03-23 21:09:11'),
(12, 944, 649, 'INV-6541933', '2023-11-06 12:38:49', '2023-01-01 04:52:54', 10, 19.08, 19.0, 'EUR', 'PAID', 'Net 30', '2023-11-06 12:38:49'),
(13, 392, 274, 'INV-2562442', '2024-07-06 06:06:12', '2024-01-21 01:23:47', 2, 17.51, 19.0, 'EUR', 'IN_REVIEW', 'Net 30', '2024-07-06 06:06:12'),
(14, 819, 1118, 'INV-7058049', '2024-06-12 18:01:18', '2024-06-12 06:51:03', 5, 426.99, 19.0, 'EUR', 'APPROVED', 'Net 30', '2024-06-12 18:01:18'),
(15, 1, 228, 'INV-1586867', '2023-06-15 19:42:08', '2024-08-17 17:50:27', 31, 78.35, 19.0, 'EUR', 'RECEIVED', 'Net 30', '2023-06-15 19:42:08'),
(16, 161, 481, 'INV-8285292', '2022-11-20 14:40:58', '2024-11-06 10:09:06', 14, 351.58, 19.0, 'USD', 'DISPUTED', 'Net 30', '2022-11-20 14:40:58'),
(17, 31, 2090, 'INV-9288125', '2022-06-15 03:33:34', '2023-05-13 18:59:31', 1, 661.58, 19.0, 'EUR', 'PAID', 'Net 30', '2022-06-15 03:33:34'),
(18, 779, 1970, 'INV-6363650', '2024-12-18 01:32:45', '2023-10-14 16:22:03', 17, 64.63, 19.0, 'USD', 'PAID', 'Net 30', '2024-12-18 01:32:45'),
(19, 802, 735, 'INV-3659114', '2023-03-09 00:35:39', '2024-01-30 16:27:19', 26, 794.97, 19.0, 'EUR', 'APPROVED', 'Net 30', '2023-03-09 00:35:39'),
(20, 616, 2731, 'INV-6350526', '2022-11-10 03:24:12', '2025-02-09 23:22:57', 22, 357.55, 19.0, 'USD', 'RECEIVED', 'Net 30', '2022-11-10 03:24:12'),
(21, 746, 564, 'INV-4562917', '2024-01-10 00:08:16', '2024-01-18 04:48:51', 6, 40.88, 19.0, 'EUR', 'PAID', 'Net 30', '2024-01-10 00:08:16'),
(22, 946, 2235, 'INV-6681759', '2024-04-22 21:55:38', '2023-12-28 15:51:49', 31, 312.52, 19.0, 'USD', 'RECEIVED', 'Net 30', '2024-04-22 21:55:38'),
(23, 472, 538, 'INV-9106540', '2022-05-13 06:00:37', '2024-02-22 02:34:36', 47, 508.14, 19.0, 'USD', 'PAID', 'Net 30', '2022-05-13 06:00:37'),
(24, 961, 887, 'INV-4889959', '2023-02-01 03:33:23', '2024-12-18 02:08:46', 33, 165.8, 19.0, 'EUR', 'PAID', 'Net 30', '2023-02-01 03:33:23'),
(25, 342, 2360, 'INV-6919520', '2024-10-20 08:59:28', '2023-05-07 09:49:54', 30, 482.87, 19.0, 'USD', 'DISPUTED', 'Net 30', '2024-10-20 08:59:28'),
(26, 956, 67, 'INV-4532613', '2022-01-15 19:58:34', '2024-08-23 07:07:21', 7, 262.47, 19.0, 'USD', 'APPROVED', 'Net 30', '2022-01-15 19:58:34'),
(27, 385, 1337, 'INV-6897689', '2022-07-10 22:03:32', '2023-08-21 17:13:15', 27, 206.72, 19.0, 'USD', 'DISPUTED', 'Net 30', '2022-07-10 22:03:32'),
(28, 320, 1527, 'INV-7888693', '2022-10-13 07:55:51', '2024-03-26 04:31:59', 37, 760.15, 19.0, 'EUR', 'APPROVED', 'Net 30', '2022-10-13 07:55:51'),
(29, 50, 1605, 'INV-4252141', '2024-04-27 03:18:21', '2024-02-29 08:14:12', 8, 659.34, 19.0, 'USD', 'DISPUTED', 'Net 30', '2024-04-27 03:18:21'),
(30, 451, 1796, 'INV-9291441', '2024-10-29 00:19:54', '2023-05-18 23:12:10', 27, 225.95, 19.0, 'EUR', 'APPROVED', 'Net 30', '2024-10-29 00:19:54'),
(31, 524, 1446, 'INV-1833766', '2023-12-29 04:48:19', '2023-06-08 01:03:14', 25, 457.48, 19.0, 'USD', 'IN_REVIEW', 'Net 30', '2023-12-29 04:48:19'),
(32, 754, 959, 'INV-9726127', '2024-11-06 08:02:47', '2024-04-18 13:21:00', 17, 562.83, 19.0, 'USD', 'RECEIVED', 'Net 30', '2024-11-06 08:02:47'),
(33, 478, 627, 'INV-5131175', '2025-01-10 02:05:55', '2024-05-06 03:52:32', 32, 306.08, 19.0, 'EUR', 'PAID', 'Net 30', '2025-01-10 02:05:55'),
(34, 52, 345, 'INV-3597177', '2024-10-26 16:37:34', '2024-03-04 21:37:44', 17, 525.94, 19.0, 'EUR', 'RECEIVED', 'Net 30', '2024-10-26 16:37:34'),
(35, 119, 2069, 'INV-5985115', '2024-04-03 15:34:10', '2024-12-08 22:46:15', 36, 757.42, 19.0, 'USD', 'DISPUTED', 'Net 30', '2024-04-03 15:34:10'),
(36, 890, 2459, 'INV-3133362', '2022-02-12 21:28:34', '2024-03-03 18:03:40', 46, 535.46, 19.0, 'EUR', 'APPROVED', 'Net 30', '2022-02-12 21:28:34'),
(37, 272, 1742, 'INV-5483343', '2024-02-17 22:57:11', '2023-10-10 23:07:27', 24, 242.54, 19.0, 'EUR', 'PAID', 'Net 30', '2024-02-17 22:57:11'),
(38, 935, 1491, 'INV-9351718', '2024-06-30 01:01:14', '2023-11-02 04:04:57', 8, 749.37, 19.0, 'EUR', 'DISPUTED', 'Net 30', '2024-06-30 01:01:14'),
(39, 536, 2908, 'INV-2901594', '2022-12-22 17:32:50', '2024-10-16 23:18:08', 40, 400.84, 19.0, 'EUR', 'DISPUTED', 'Net 30', '2022-12-22 17:32:50'),
(40, 10, 720, 'INV-2803305', '2023-04-20 12:58:43', '2025-01-03 05:10:47', 46, 691.8, 19.0, 'EUR', 'PAID', 'Net 30', '2023-04-20 12:58:43'),
(41, 604, 1028, 'INV-2662557', '2023-05-18 16:08:35', '2023-07-28 10:37:21', 30, 692.03, 19.0, 'EUR', 'RECEIVED', 'Net 30', '2023-05-18 16:08:35'),
(42, 1000, 1079, 'INV-4019030', '2022-06-29 06:06:38', '2024-04-12 01:30:33', 9, 427.16, 19.0, 'EUR', 'PAID', 'Net 30', '2022-06-29 06:06:38'),
(43, 676, 2125, 'INV-1985707', '2022-06-03 01:33:39', '2023-03-22 08:39:47', 48, 53.25, 19.0, 'USD', 'DISPUTED', 'Net 30', '2022-06-03 01:33:39'),
(44, 907, 2942, 'INV-2741554', '2023-09-27 01:08:14', '2024-09-16 14:02:04', 15, 516.23, 19.0, 'EUR', 'RECEIVED', 'Net 30', '2023-09-27 01:08:14'),
(45, 232, 2324, 'INV-6307089', '2022-03-24 15:26:30', '2023-09-17 03:13:30', 20, 382.52, 19.0, 'EUR', 'PAID', 'Net 30', '2022-03-24 15:26:30'),
(46, 241, 1386, 'INV-4085939', '2022-03-16 22:08:32', '2024-10-03 00:36:42', 19, 416.25, 19.0, 'EUR', 'DISPUTED', 'Net 30', '2022-03-16 22:08:32'),
(47, 491, 2458, 'INV-5229304', '2023-08-24 22:50:12', '2024-09-11 13:22:44', 17, 263.65, 19.0, 'EUR', 'APPROVED', 'Net 30', '2023-08-24 22:50:12'),
(48, 334, 1378, 'INV-3139963', '2024-04-23 22:57:41', '2024-10-06 00:04:08', 37, 185.73, 19.0, 'USD', 'IN_REVIEW', 'Net 30', '2024-04-23 22:57:41'),
(49, 564, 1854, 'INV-7949951', '2024-09-07 06:56:37', '2024-11-13 16:00:55', 36, 740.51, 19.0, 'EUR', 'DISPUTED', 'Net 30', '2024-09-07 06:56:37'),
(50, 488, 900, 'INV-3821310', '2023-03-25 21:45:46', '2024-01-21 10:04:54', 29, 80.36, 19.0, 'EUR', 'IN_REVIEW', 'Net 30', '2023-03-25 21:45:46'),
(51, 722, 1086, 'INV-3440251', '2025-02-17 22:36:38', '2023-08-04 20:06:53', 14, 430.01, 19.0, 'EUR', 'APPROVED', 'Net 30', '2025-02-17 22:36:38'),
(52, 731, 2803, 'INV-2945577', '2024-09-17 22:38:45', '2024-04-10 18:30:37', 11, 215.36, 19.0, 'EUR', 'APPROVED', 'Net 30', '2024-09-17 22:38:45'),
(53, 24, 1107, 'INV-8867678', '2024-11-19 12:39:40', '2024-07-01 17:38:28', 4, 708.75, 19.0, 'EUR', 'IN_REVIEW', 'Net 30', '2024-11-19 12:39:40'),
(54, 409, 2366, 'INV-1692129', '2023-02-16 15:52:18', '2024-07-20 00:48:35', 48, 786.06, 19.0, 'EUR', 'PAID', 'Net 30', '2023-02-16 15:52:18'),
(55, 558, 505, 'INV-9619199', '2022-06-19 23:36:58', '2024-08-05 04:19:34', 48, 568.28, 19.0, 'USD', 'APPROVED', 'Net 30', '2022-06-19 23:36:58'),
(56, 784, 784, 'INV-3499228', '2023-10-10 04:44:31', '2023-01-16 03:48:15', 32, 597.7, 19.0, 'USD', 'IN_REVIEW', 'Net 30', '2023-10-10 04:44:31'),
(57, 144, 803, 'INV-7904864', '2024-12-08 10:49:56', '2024-05-17 23:15:12', 6, 149.29, 19.0, 'USD', 'RECEIVED', 'Net 30', '2024-12-08 10:49:56'),
(58, 360, 1447, 'INV-3973308', '2025-02-17 20:58:17', '2024-04-07 13:50:56', 49, 252.84, 19.0, 'EUR', 'IN_REVIEW', 'Net 30', '2025-02-17 20:58:17'),
(59, 626, 1338, 'INV-3094486', '2023-09-07 12:58:56', '2024-09-14 21:20:40', 38, 773.0, 19.0, 'USD', 'IN_REVIEW', 'Net 30', '2023-09-07 12:58:56'),
(60, 395, 1091, 'INV-9829055', '2022-11-09 11:25:23', '2023-05-17 11:09:20', 26, 693.02, 19.0, 'USD', 'APPROVED', 'Net 30', '2022-11-09 11:25:23'),
(61, 95, 626, 'INV-5839183', '2024-05-21 14:29:33', '2024-08-12 19:44:09', 1, 721.73, 19.0, 'USD', 'DISPUTED', 'Net 30', '2024-05-21 14:29:33'),
(62, 129, 1002, 'INV-5066948', '2023-08-18 14:39:37', '2024-01-23 20:21:25', 46, 428.5, 19.0, 'EUR', 'IN_REVIEW', 'Net 30', '2023-08-18 14:39:37'),
(63, 57, 2128, 'INV-6700357', '2023-01-15 22:32:19', '2023-07-22 09:35:40', 28, 57.31, 19.0, 'USD', 'PAID', 'Net 30', '2023-01-15 22:32:19'),
(64, 40, 2517, 'INV-9678150', '2023-07-01 15:42:30', '2025-01-23 20:28:54', 22, 570.42, 19.0, 'EUR', 'DISPUTED', 'Net 30', '2023-07-01 15:42:30'),
(65, 740, 2751, 'INV-7783813', '2024-02-13 23:57:03', '2023-08-29 21:04:32', 2, 340.09, 19.0, 'EUR', 'DISPUTED', 'Net 30', '2024-02-13 23:57:03'),
(66, 609, 67, 'INV-3483721', '2022-09-14 13:02:59', '2023-12-31 04:58:46', 23, 406.94, 19.0, 'USD', 'APPROVED', 'Net 30', '2022-09-14 13:02:59'),
(67, 843, 1056, 'INV-5560043', '2023-09-16 02:13:07', '2024-04-26 09:18:47', 9, 281.79, 19.0, 'EUR', 'APPROVED', 'Net 30', '2023-09-16 02:13:07'),
(68, 111, 1181, 'INV-2093785', '2025-01-03 22:15:32', '2023-09-19 04:26:07', 11, 203.98, 19.0, 'EUR', 'PAID', 'Net 30', '2025-01-03 22:15:32'),
(69, 594, 591, 'INV-4738906', '2024-02-16 02:59:24', '2024-02-27 18:37:23', 14, 401.78, 19.0, 'EUR', 'PAID', 'Net 30', '2024-02-16 02:59:24'),
(70, 622, 1684, 'INV-6235925', '2024-01-22 17:37:35', '2023-09-08 03:30:35', 16, 546.74, 19.0, 'USD', 'DISPUTED', 'Net 30', '2024-01-22 17:37:35'),
(71, 681, 2897, 'INV-4206271', '2022-02-08 10:55:36', '2024-05-12 07:02:35', 13, 402.88, 19.0, 'EUR', 'APPROVED', 'Net 30', '2022-02-08 10:55:36'),
(72, 385, 2575, 'INV-9694620', '2024-02-19 14:10:57', '2023-11-09 11:06:23', 38, 689.62, 19.0, 'USD', 'RECEIVED', 'Net 30', '2024-02-19 14:10:57'),
(73, 243, 1417, 'INV-2593071', '2022-05-27 17:54:09', '2024-03-01 08:55:59', 19, 657.98, 19.0, 'EUR', 'IN_REVIEW', 'Net 30', '2022-05-27 17:54:09'),
(74, 777, 306, 'INV-7935848', '2024-09-08 01:53:41', '2024-04-21 13:20:11', 22, 463.41, 19.0, 'USD', 'RECEIVED', 'Net 30', '2024-09-08 01:53:41'),
(75, 611, 883, 'INV-1350652', '2023-08-28 23:55:37', '2023-11-10 10:49:55', 37, 421.46, 19.0, 'EUR', 'APPROVED', 'Net 30', '2023-08-28 23:55:37'),
(76, 755, 456, 'INV-4888436', '2022-11-15 03:40:27', '2023-09-16 19:16:20', 23, 561.95, 19.0, 'USD', 'PAID', 'Net 30', '2022-11-15 03:40:27'),
(77, 757, 837, 'INV-7039064', '2025-01-30 10:13:28', '2024-01-05 07:16:06', 34, 489.37, 19.0, 'EUR', 'RECEIVED', 'Net 30', '2025-01-30 10:13:28'),
(78, 13, 2638, 'INV-4370895', '2022-08-08 21:31:17', '2024-08-18 20:49:24', 8, 275.76, 19.0, 'EUR', 'IN_REVIEW', 'Net 30', '2022-08-08 21:31:17'),
(79, 388, 2728, 'INV-3484927', '2024-01-09 18:49:30', '2024-02-18 18:17:15', 39, 670.35, 19.0, 'EUR', 'APPROVED', 'Net 30', '2024-01-09 18:49:30'),
(80, 988, 44, 'INV-2655883', '2023-06-08 00:40:27', '2023-07-14 07:29:19', 40, 650.47, 19.0, 'USD', 'PAID', 'Net 30', '2023-06-08 00:40:27'),
(81, 21, 2284, 'INV-4452135', '2023-10-12 20:17:07', '2023-12-24 06:54:20', 23, 634.55, 19.0, 'USD', 'PAID', 'Net 30', '2023-10-12 20:17:07'),
(82, 510, 1336, 'INV-2401056', '2024-05-19 17:49:29', '2024-06-03 15:26:04', 21, 99.89, 19.0, 'EUR', 'APPROVED', 'Net 30', '2024-05-19 17:49:29'),
(83, 4, 2255, 'INV-3280832', '2024-05-16 14:03:56', '2023-05-06 12:47:53', 13, 609.01, 19.0, 'USD', 'DISPUTED', 'Net 30', '2024-05-16 14:03:56'),
(84, 565, 1209, 'INV-2501807', '2022-04-23 20:25:50', '2024-10-03 10:46:11', 9, 294.48, 19.0, 'EUR', 'DISPUTED', 'Net 30', '2022-04-23 20:25:50'),
(85, 551, 2087, 'INV-3738531', '2025-01-01 23:31:26', '2024-05-15 15:03:48', 11, 307.02, 19.0, 'USD', 'APPROVED', 'Net 30', '2025-01-01 23:31:26'),
(86, 606, 1478, 'INV-2190982', '2022-06-27 22:44:57', '2024-04-06 21:16:06', 22, 788.94, 19.0, 'EUR', 'DISPUTED', 'Net 30', '2022-06-27 22:44:57'),
(87, 524, 1388, 'INV-4713300', '2023-07-24 07:44:06', '2024-05-11 01:49:25', 36, 27.84, 19.0, 'USD', 'DISPUTED', 'Net 30', '2023-07-24 07:44:06'),
(88, 299, 943, 'INV-8499672', '2024-02-12 07:29:21', '2023-07-31 10:09:36', 15, 53.93, 19.0, 'EUR', 'APPROVED', 'Net 30', '2024-02-12 07:29:21'),
(89, 865, 2170, 'INV-8793069', '2023-03-11 03:01:19', '2023-02-04 22:22:42', 13, 224.15, 19.0, 'USD', 'DISPUTED', 'Net 30', '2023-03-11 03:01:19'),
(90, 308, 1628, 'INV-8160048', '2023-08-08 09:05:26', '2024-12-25 22:30:29', 34, 632.16, 19.0, 'USD', 'PAID', 'Net 30', '2023-08-08 09:05:26'),
(91, 407, 1577, 'INV-1163933', '2023-11-01 17:30:34', '2023-06-05 21:17:38', 15, 687.35, 19.0, 'USD', 'IN_REVIEW', 'Net 30', '2023-11-01 17:30:34'),
(92, 466, 1824, 'INV-1396463', '2024-03-04 09:39:40', '2023-06-25 03:04:20', 2, 18.15, 19.0, 'EUR', 'RECEIVED', 'Net 30', '2024-03-04 09:39:40'),
(93, 832, 1146, 'INV-5208732', '2024-06-23 14:50:56', '2024-04-13 17:39:18', 43, 490.73, 19.0, 'EUR', 'DISPUTED', 'Net 30', '2024-06-23 14:50:56'),
(94, 346, 1205, 'INV-4918844', '2024-03-28 04:57:28', '2024-01-31 16:56:15', 40, 564.09, 19.0, 'USD', 'DISPUTED', 'Net 30', '2024-03-28 04:57:28'),
(95, 222, 1024, 'INV-3015378', '2024-01-18 07:21:25', '2023-03-16 07:11:48', 31, 538.7, 19.0, 'USD', 'RECEIVED', 'Net 30', '2024-01-18 07:21:25'),
(96, 450, 2566, 'INV-3168640', '2023-08-08 11:48:39', '2023-10-07 08:24:49', 28, 88.25, 19.0, 'USD', 'DISPUTED', 'Net 30', '2023-08-08 11:48:39'),
(97, 763, 2782, 'INV-2857604', '2024-11-22 03:06:00', '2023-10-26 14:46:03', 3, 317.48, 19.0, 'EUR', 'APPROVED', 'Net 30', '2024-11-22 03:06:00'),
(98, 225, 1405, 'INV-8927732', '2022-11-03 07:29:56', '2024-06-20 19:10:32', 23, 47.37, 19.0, 'USD', 'DISPUTED', 'Net 30', '2022-11-03 07:29:56'),
(99, 947, 1587, 'INV-9495698', '2023-10-31 06:16:31', '2023-12-31 04:11:05', 22, 434.18, 19.0, 'EUR', 'RECEIVED', 'Net 30', '2023-10-31 06:16:31'),
(100, 556, 2172, 'INV-3453398', '2022-02-12 06:34:32', '2024-02-04 10:34:42', 31, 83.62, 19.0, 'EUR', 'PAID', 'Net 30', '2022-02-12 06:34:32'),
(101, 150, 1891, 'INV-4286731', '2022-11-28 08:32:04', '2024-07-07 01:28:12', 21, 633.78, 19.0, 'EUR', 'PAID', 'Net 30', '2022-11-28 08:32:04'),
(102, 77, 1112, 'INV-9537188', '2023-07-09 01:39:59', '2023-07-21 22:51:30', 13, 27.64, 19.0, 'EUR', 'DISPUTED', 'Net 30', '2023-07-09 01:39:59'),
(103, 420, 833, 'INV-4117622', '2022-05-02 13:47:22', '2024-12-20 22:23:20', 32, 668.62, 19.0, 'EUR', 'PAID', 'Net 30', '2022-05-02 13:47:22'),
(104, 258, 753, 'INV-9770105', '2022-10-16 00:45:04', '2024-12-13 09:17:23', 19, 489.54, 19.0, 'EUR', 'PAID', 'Net 30', '2022-10-16 00:45:04'),
(105, 988, 241, 'INV-4312993', '2022-10-18 19:54:22', '2023-01-22 04:51:15', 25, 682.01, 19.0, 'USD', 'IN_REVIEW', 'Net 30', '2022-10-18 19:54:22'),
(106, 205, 1676, 'INV-3757727', '2024-06-02 12:58:02', '2023-12-03 11:19:40', 36, 788.76, 19.0, 'EUR', 'RECEIVED', 'Net 30', '2024-06-02 12:58:02'),
(107, 587, 1456, 'INV-2335578', '2024-11-04 20:50:56', '2023-09-29 16:28:07', 24, 517.37, 19.0, 'USD', 'APPROVED', 'Net 30', '2024-11-04 20:50:56'),
(108, 297, 69, 'INV-1448956', '2022-11-11 22:16:26', '2023-11-10 08:36:37', 20, 652.95, 19.0, 'USD', 'APPROVED', 'Net 30', '2022-11-11 22:16:26'),
(109, 79, 2691, 'INV-1646259', '2024-07-28 03:14:07', '2023-10-16 11:12:17', 1, 123.54, 19.0, 'EUR', 'IN_REVIEW', 'Net 30', '2024-07-28 03:14:07'),
(110, 341, 312, 'INV-6334030', '2024-01-25 14:05:07', '2024-12-08 14:56:18', 21, 192.07, 19.0, 'EUR', 'DISPUTED', 'Net 30', '2024-01-25 14:05:07'),
(111, 817, 1527, 'INV-7300572', '2024-06-07 13:38:52', '2023-04-08 07:45:55', 43, 193.94, 19.0, 'USD', 'PAID', 'Net 30', '2024-06-07 13:38:52'),
(112, 665, 195, 'INV-8622459', '2022-09-18 12:49:06', '2024-03-22 16:51:28', 2, 627.61, 19.0, 'USD', 'DISPUTED', 'Net 30', '2022-09-18 12:49:06'),
(113, 679, 606, 'INV-9565471', '2024-02-08 17:08:53', '2023-10-17 20:20:20', 30, 693.29, 19.0, 'EUR', 'DISPUTED', 'Net 30', '2024-02-08 17:08:53'),
(114, 990, 2713, 'INV-2343412', '2023-12-16 01:48:32', '2024-03-27 18:19:50', 31, 220.34, 19.0, 'USD', 'PAID', 'Net 30', '2023-12-16 01:48:32'),
(115, 816, 2341, 'INV-4559756', '2022-04-29 21:42:25', '2023-08-19 18:15:09', 31, 352.76, 19.0, 'EUR', 'IN_REVIEW', 'Net 30', '2022-04-29 21:42:25'),
(116, 402, 1202, 'INV-2974023', '2023-04-21 06:23:22', '2024-11-15 03:51:58', 50, 584.69, 19.0, 'USD', 'PAID', 'Net 30', '2023-04-21 06:23:22'),
(117, 39, 1947, 'INV-2186208', '2022-02-11 20:11:49', '2025-01-20 06:20:17', 37, 604.72, 19.0, 'USD', 'IN_REVIEW', 'Net 30', '2022-02-11 20:11:49'),
(118, 311, 2782, 'INV-8824255', '2022-02-18 08:20:03', '2024-05-08 16:01:31', 7, 790.9, 19.0, 'USD', 'APPROVED', 'Net 30', '2022-02-18 08:20:03'),
(119, 652, 53, 'INV-1630255', '2023-09-30 15:11:01', '2023-01-05 08:35:43', 3, 417.96, 19.0, 'EUR', 'APPROVED', 'Net 30', '2023-09-30 15:11:01'),
(120, 537, 1494, 'INV-4854576', '2023-10-09 09:41:32', '2023-09-17 03:06:33', 37, 370.61, 19.0, 'USD', 'APPROVED', 'Net 30', '2023-10-09 09:41:32'),
(121, 291, 421, 'INV-1110849', '2023-10-04 11:52:16', '2023-09-08 18:39:42', 40, 111.26, 19.0, 'USD', 'IN_REVIEW', 'Net 30', '2023-10-04 11:52:16'),
(122, 734, 1270, 'INV-9603875', '2024-07-20 23:17:48', '2023-10-29 17:46:24', 34, 664.47, 19.0, 'USD', 'PAID', 'Net 30', '2024-07-20 23:17:48'),
(123, 93, 2880, 'INV-8596265', '2024-02-14 10:35:35', '2024-07-12 00:00:51', 8, 41.22, 19.0, 'EUR', 'IN_REVIEW', 'Net 30', '2024-02-14 10:35:35'),
(124, 723, 586, 'INV-6763743', '2022-06-02 22:51:03', '2024-11-07 14:48:41', 48, 430.39, 19.0, 'USD', 'PAID', 'Net 30', '2022-06-02 22:51:03'),
(125, 581, 1386, 'INV-5728479', '2022-12-13 19:45:36', '2024-11-29 04:21:17', 12, 519.11, 19.0, 'USD', 'APPROVED', 'Net 30', '2022-12-13 19:45:36'),
(126, 260, 1777, 'INV-3274986', '2022-02-09 16:37:23', '2023-04-04 12:07:22', 24, 739.32, 19.0, 'USD', 'RECEIVED', 'Net 30', '2022-02-09 16:37:23'),
(127, 875, 212, 'INV-8240770', '2024-06-28 17:40:56', '2023-08-13 14:37:09', 18, 346.45, 19.0, 'EUR', 'RECEIVED', 'Net 30', '2024-06-28 17:40:56'),
(128, 183, 2709, 'INV-8034344', '2022-12-28 13:19:33', '2024-04-27 17:27:26', 17, 98.94, 19.0, 'USD', 'APPROVED', 'Net 30', '2022-12-28 13:19:33'),
(129, 972, 2657, 'INV-6756331', '2022-01-12 23:18:33', '2024-01-24 12:13:38', 15, 52.63, 19.0, 'USD', 'RECEIVED', 'Net 30', '2022-01-12 23:18:33'),
(130, 749, 2727, 'INV-2098384', '2023-01-24 07:24:34', '2023-06-16 16:30:54', 50, 740.68, 19.0, 'EUR', 'PAID', 'Net 30', '2023-01-24 07:24:34'),
(131, 122, 767, 'INV-2409578', '2022-10-20 02:17:51', '2023-09-01 12:21:07', 1, 152.13, 19.0, 'USD', 'IN_REVIEW', 'Net 30', '2022-10-20 02:17:51'),
(132, 183, 971, 'INV-2958211', '2023-05-22 13:59:04', '2024-12-28 14:09:15', 13, 72.82, 19.0, 'USD', 'IN_REVIEW', 'Net 30', '2023-05-22 13:59:04'),
(133, 313, 656, 'INV-8031859', '2023-12-23 19:02:33', '2025-01-16 10:21:51', 2, 563.16, 19.0, 'USD', 'PAID', 'Net 30', '2023-12-23 19:02:33'),
(134, 793, 2117, 'INV-6057301', '2024-07-12 01:26:17', '2024-06-20 06:03:22', 50, 163.19, 19.0, 'USD', 'DISPUTED', 'Net 30', '2024-07-12 01:26:17'),
(135, 134, 1588, 'INV-3506249', '2022-11-04 07:38:02', '2023-05-23 17:49:34', 43, 746.4, 19.0, 'EUR', 'APPROVED', 'Net 30', '2022-11-04 07:38:02'),
(136, 901, 2971, 'INV-1839148', '2022-04-25 21:18:09', '2024-11-08 16:47:25', 11, 730.25, 19.0, 'EUR', 'IN_REVIEW', 'Net 30', '2022-04-25 21:18:09'),
(137, 706, 2190, 'INV-9008255', '2022-09-24 11:07:52', '2024-04-25 17:24:21', 17, 323.71, 19.0, 'USD', 'IN_REVIEW', 'Net 30', '2022-09-24 11:07:52'),
(138, 168, 143, 'INV-3029197', '2022-05-19 00:51:19', '2024-06-12 02:04:00', 22, 200.6, 19.0, 'USD', 'RECEIVED', 'Net 30', '2022-05-19 00:51:19'),
(139, 921, 1452, 'INV-1048790', '2024-01-08 02:07:47', '2023-05-20 02:40:53', 5, 168.94, 19.0, 'EUR', 'RECEIVED', 'Net 30', '2024-01-08 02:07:47'),
(140, 631, 694, 'INV-8972049', '2024-06-12 06:56:57', '2023-01-04 04:20:47', 28, 311.25, 19.0, 'USD', 'PAID', 'Net 30', '2024-06-12 06:56:57'),
(141, 224, 272, 'INV-1283682', '2024-11-26 19:31:32', '2023-05-11 23:43:55', 3, 612.53, 19.0, 'EUR', 'RECEIVED', 'Net 30', '2024-11-26 19:31:32'),
(142, 540, 2489, 'INV-9539851', '2024-05-08 14:28:39', '2024-01-07 03:36:44', 40, 517.03, 19.0, 'USD', 'IN_REVIEW', 'Net 30', '2024-05-08 14:28:39'),
(143, 738, 1731, 'INV-4591362', '2023-08-28 02:45:36', '2024-02-05 23:59:36', 12, 534.65, 19.0, 'EUR', 'DISPUTED', 'Net 30', '2023-08-28 02:45:36'),
(144, 197, 41, 'INV-6388111', '2024-10-13 16:19:22', '2023-12-01 14:41:02', 11, 606.49, 19.0, 'USD', 'APPROVED', 'Net 30', '2024-10-13 16:19:22'),
(145, 27, 1631, 'INV-8158623', '2022-11-27 01:58:46', '2023-05-24 04:44:55', 9, 492.28, 19.0, 'USD', 'APPROVED', 'Net 30', '2022-11-27 01:58:46'),
(146, 560, 672, 'INV-1499934', '2022-12-30 19:32:13', '2024-11-13 09:23:42', 32, 585.51, 19.0, 'USD', 'DISPUTED', 'Net 30', '2022-12-30 19:32:13'),
(147, 141, 2799, 'INV-9337401', '2024-08-21 14:56:08', '2024-10-25 19:36:17', 46, 585.33, 19.0, 'USD', 'DISPUTED', 'Net 30', '2024-08-21 14:56:08'),
(148, 66, 1999, 'INV-7644775', '2023-07-27 15:49:18', '2023-10-23 11:55:03', 2, 433.51, 19.0, 'EUR', 'PAID', 'Net 30', '2023-07-27 15:49:18'),
(149, 53, 2355, 'INV-2221576', '2024-09-29 09:43:26', '2024-08-16 11:39:27', 7, 216.83, 19.0, 'EUR', 'RECEIVED', 'Net 30', '2024-09-29 09:43:26'),
(150, 654, 1903, 'INV-4075224', '2023-04-19 12:51:57', '2024-08-30 22:45:32', 31, 417.92, 19.0, 'EUR', 'APPROVED', 'Net 30', '2023-04-19 12:51:57'),
(151, 693, 350, 'INV-1511458', '2024-05-02 18:31:14', '2023-08-07 13:13:14', 41, 476.02, 19.0, 'EUR', 'RECEIVED', 'Net 30', '2024-05-02 18:31:14'),
(152, 373, 224, 'INV-8584876', '2022-02-23 17:51:08', '2024-09-08 23:58:59', 37, 698.09, 19.0, 'USD', 'RECEIVED', 'Net 30', '2022-02-23 17:51:08'),
(153, 26, 2407, 'INV-5609281', '2022-10-14 01:25:21', '2023-11-21 07:50:16', 13, 131.08, 19.0, 'EUR', 'IN_REVIEW', 'Net 30', '2022-10-14 01:25:21'),
(154, 661, 857, 'INV-6420478', '2023-12-19 12:48:32', '2024-10-22 00:13:43', 45, 396.58, 19.0, 'EUR', 'PAID', 'Net 30', '2023-12-19 12:48:32'),
(155, 655, 1244, 'INV-6264930', '2024-01-04 06:47:05', '2023-07-09 23:16:07', 49, 746.94, 19.0, 'USD', 'PAID', 'Net 30', '2024-01-04 06:47:05'),
(156, 906, 369, 'INV-8884824', '2022-11-24 15:55:36', '2023-08-29 23:37:30', 25, 293.78, 19.0, 'USD', 'RECEIVED', 'Net 30', '2022-11-24 15:55:36'),
(157, 708, 884, 'INV-4572978', '2022-07-27 02:40:30', '2024-11-24 18:29:07', 7, 372.66, 19.0, 'EUR', 'APPROVED', 'Net 30', '2022-07-27 02:40:30'),
(158, 482, 159, 'INV-9508282', '2022-05-21 22:59:21', '2024-11-07 16:01:18', 12, 773.68, 19.0, 'EUR', 'DISPUTED', 'Net 30', '2022-05-21 22:59:21'),
(159, 604, 251, 'INV-6824014', '2023-10-06 16:59:56', '2024-08-29 07:09:32', 3, 151.26, 19.0, 'USD', 'IN_REVIEW', 'Net 30', '2023-10-06 16:59:56'),
(160, 177, 1784, 'INV-8437566', '2024-12-08 08:44:18', '2024-05-05 13:41:17', 2, 404.17, 19.0, 'EUR', 'RECEIVED', 'Net 30', '2024-12-08 08:44:18'),
(161, 737, 66, 'INV-4229610', '2022-08-23 08:07:56', '2025-01-01 00:57:15', 33, 623.18, 19.0, 'USD', 'DISPUTED', 'Net 30', '2022-08-23 08:07:56'),
(162, 371, 645, 'INV-7836970', '2024-09-02 02:51:07', '2023-01-20 10:30:53', 11, 615.61, 19.0, 'USD', 'APPROVED', 'Net 30', '2024-09-02 02:51:07'),
(163, 276, 2928, 'INV-9518449', '2025-02-16 20:04:50', '2023-09-27 00:23:13', 4, 120.34, 19.0, 'EUR', 'APPROVED', 'Net 30', '2025-02-16 20:04:50'),
(164, 45, 848, 'INV-2215370', '2022-10-04 05:23:51', '2023-12-31 15:10:36', 18, 596.14, 19.0, 'EUR', 'APPROVED', 'Net 30', '2022-10-04 05:23:51'),
(165, 403, 185, 'INV-7684737', '2023-10-28 15:21:07', '2023-07-03 04:21:57', 39, 614.06, 19.0, 'EUR', 'RECEIVED', 'Net 30', '2023-10-28 15:21:07'),
(166, 47, 1467, 'INV-5160710', '2022-09-23 06:17:26', '2024-01-06 02:47:38', 47, 390.61, 19.0, 'EUR', 'DISPUTED', 'Net 30', '2022-09-23 06:17:26'),
(167, 497, 746, 'INV-2354725', '2022-08-23 00:58:19', '2024-02-22 01:17:43', 46, 102.69, 19.0, 'USD', 'APPROVED', 'Net 30', '2022-08-23 00:58:19'),
(168, 430, 1029, 'INV-4405017', '2022-09-12 05:21:12', '2023-11-29 16:05:34', 38, 280.34, 19.0, 'USD', 'APPROVED', 'Net 30', '2022-09-12 05:21:12'),
(169, 782, 2228, 'INV-9579471', '2024-07-23 05:18:40', '2024-05-14 12:45:47', 27, 794.41, 19.0, 'USD', 'APPROVED', 'Net 30', '2024-07-23 05:18:40'),
(170, 471, 1093, 'INV-7398440', '2023-09-30 04:19:11', '2024-08-24 22:43:25', 4, 75.85, 19.0, 'USD', 'APPROVED', 'Net 30', '2023-09-30 04:19:11'),
(171, 106, 1686, 'INV-1491572', '2024-11-07 08:18:07', '2023-04-09 04:09:39', 2, 572.02, 19.0, 'USD', 'DISPUTED', 'Net 30', '2024-11-07 08:18:07'),
(172, 101, 2139, 'INV-1367206', '2023-05-10 01:38:34', '2023-08-14 14:49:30', 3, 89.44, 19.0, 'USD', 'PAID', 'Net 30', '2023-05-10 01:38:34'),
(173, 137, 178, 'INV-7765732', '2023-11-26 14:15:36', '2024-11-08 06:33:48', 11, 309.74, 19.0, 'USD', 'APPROVED', 'Net 30', '2023-11-26 14:15:36'),
(174, 316, 2464, 'INV-6052838', '2023-01-01 05:30:59', '2024-10-31 20:49:34', 42, 661.07, 19.0, 'EUR', 'IN_REVIEW', 'Net 30', '2023-01-01 05:30:59'),
(175, 355, 956, 'INV-8134229', '2023-08-31 04:52:41', '2023-06-08 01:42:08', 10, 128.78, 19.0, 'EUR', 'RECEIVED', 'Net 30', '2023-08-31 04:52:41'),
(176, 710, 2312, 'INV-9190287', '2023-08-29 04:43:32', '2024-12-21 04:46:15', 27, 443.14, 19.0, 'EUR', 'PAID', 'Net 30', '2023-08-29 04:43:32'),
(177, 246, 2472, 'INV-4146884', '2024-05-18 03:47:24', '2025-02-12 08:44:08', 5, 539.59, 19.0, 'USD', 'DISPUTED', 'Net 30', '2024-05-18 03:47:24'),
(178, 466, 1465, 'INV-1635036', '2023-10-12 18:55:27', '2023-01-21 03:28:43', 25, 408.71, 19.0, 'USD', 'PAID', 'Net 30', '2023-10-12 18:55:27'),
(179, 151, 428, 'INV-8222620', '2024-11-04 15:31:27', '2023-04-27 04:21:10', 31, 788.97, 19.0, 'EUR', 'RECEIVED', 'Net 30', '2024-11-04 15:31:27'),
(180, 715, 2678, 'INV-7686948', '2022-05-12 05:40:52', '2024-03-10 23:26:51', 12, 66.51, 19.0, 'EUR', 'APPROVED', 'Net 30', '2022-05-12 05:40:52'),
(181, 934, 1102, 'INV-3159930', '2023-08-04 11:13:28', '2024-10-28 16:43:43', 20, 348.04, 19.0, 'EUR', 'IN_REVIEW', 'Net 30', '2023-08-04 11:13:28'),
(182, 269, 270, 'INV-3430577', '2023-03-18 04:09:26', '2023-10-15 20:55:23', 17, 64.3, 19.0, 'EUR', 'PAID', 'Net 30', '2023-03-18 04:09:26'),
(183, 825, 226, 'INV-8498147', '2023-09-10 10:39:06', '2024-07-29 04:51:50', 45, 424.82, 19.0, 'USD', 'DISPUTED', 'Net 30', '2023-09-10 10:39:06'),
(184, 918, 2262, 'INV-3292269', '2023-07-01 12:17:46', '2023-04-16 22:13:14', 50, 420.85, 19.0, 'USD', 'PAID', 'Net 30', '2023-07-01 12:17:46'),
(185, 71, 1591, 'INV-7605436', '2025-01-11 03:13:06', '2023-05-02 08:02:36', 29, 307.41, 19.0, 'EUR', 'RECEIVED', 'Net 30', '2025-01-11 03:13:06'),
(186, 262, 1414, 'INV-3013509', '2022-09-24 17:59:33', '2024-10-17 11:09:58', 50, 363.07, 19.0, 'USD', 'PAID', 'Net 30', '2022-09-24 17:59:33'),
(187, 111, 2234, 'INV-3661270', '2022-11-21 07:10:32', '2023-10-13 07:12:45', 18, 789.98, 19.0, 'EUR', 'IN_REVIEW', 'Net 30', '2022-11-21 07:10:32'),
(188, 50, 1693, 'INV-2889389', '2023-12-09 04:57:13', '2023-10-16 12:42:08', 8, 597.66, 19.0, 'USD', 'APPROVED', 'Net 30', '2023-12-09 04:57:13'),
(189, 106, 2430, 'INV-7286657', '2022-12-27 15:04:15', '2025-01-19 11:39:33', 19, 232.1, 19.0, 'EUR', 'DISPUTED', 'Net 30', '2022-12-27 15:04:15'),
(190, 525, 1304, 'INV-1948646', '2023-11-26 05:37:39', '2023-08-22 00:18:52', 32, 642.37, 19.0, 'USD', 'APPROVED', 'Net 30', '2023-11-26 05:37:39'),
(191, 936, 235, 'INV-2502138', '2023-03-29 12:09:34', '2023-04-14 05:04:51', 35, 398.62, 19.0, 'USD', 'APPROVED', 'Net 30', '2023-03-29 12:09:34'),
(192, 410, 651, 'INV-7830230', '2022-03-08 09:53:59', '2023-09-30 20:59:57', 7, 798.96, 19.0, 'USD', 'APPROVED', 'Net 30', '2022-03-08 09:53:59'),
(193, 787, 458, 'INV-8154219', '2024-08-03 12:57:43', '2023-03-23 10:51:56', 9, 67.99, 19.0, 'EUR', 'PAID', 'Net 30', '2024-08-03 12:57:43'),
(194, 45, 2978, 'INV-2144616', '2025-02-13 09:38:09', '2025-01-09 18:59:08', 46, 204.37, 19.0, 'EUR', 'IN_REVIEW', 'Net 30', '2025-02-13 09:38:09'),
(195, 43, 2924, 'INV-5079109', '2022-07-07 00:11:08', '2023-02-11 15:48:57', 7, 797.96, 19.0, 'EUR', 'IN_REVIEW', 'Net 30', '2022-07-07 00:11:08'),
(196, 698, 1302, 'INV-6403428', '2022-08-19 15:50:39', '2024-08-10 02:05:19', 11, 125.33, 19.0, 'EUR', 'DISPUTED', 'Net 30', '2022-08-19 15:50:39'),
(197, 610, 1619, 'INV-2379951', '2022-06-16 02:37:34', '2024-02-28 23:47:53', 27, 756.51, 19.0, 'USD', 'RECEIVED', 'Net 30', '2022-06-16 02:37:34'),
(198, 467, 681, 'INV-4987272', '2024-01-06 12:45:46', '2024-01-27 02:36:19', 10, 376.08, 19.0, 'EUR', 'PAID', 'Net 30', '2024-01-06 12:45:46'),
(199, 82, 2306, 'INV-8762592', '2024-07-16 20:48:39', '2024-06-20 02:30:28', 42, 683.67, 19.0, 'USD', 'PAID', 'Net 30', '2024-07-16 20:48:39'),
(200, 918, 1011, 'INV-8280566', '2023-09-12 02:26:25', '2024-07-24 09:26:48', 32, 67.72, 19.0, 'USD', 'IN_REVIEW', 'Net 30', '2023-09-12 02:26:25'),
(201, 424, 94, 'INV-4252512', '2024-05-27 10:01:40', '2024-12-01 13:21:55', 17, 59.95, 19.0, 'EUR', 'PAID', 'Net 30', '2024-05-27 10:01:40'),
(202, 267, 2088, 'INV-2676457', '2023-05-18 18:49:00', '2023-06-18 08:22:15', 10, 54.15, 19.0, 'USD', 'PAID', 'Net 30', '2023-05-18 18:49:00'),
(203, 98, 2796, 'INV-8036226', '2024-12-19 14:53:15', '2024-01-29 22:08:45', 42, 211.85, 19.0, 'EUR', 'PAID', 'Net 30', '2024-12-19 14:53:15'),
(204, 633, 1507, 'INV-3801432', '2023-07-22 19:09:22', '2023-05-04 19:39:51', 43, 397.78, 19.0, 'USD', 'PAID', 'Net 30', '2023-07-22 19:09:22'),
(205, 209, 2113, 'INV-9382418', '2025-02-11 02:32:42', '2024-03-08 09:59:01', 16, 685.63, 19.0, 'EUR', 'DISPUTED', 'Net 30', '2025-02-11 02:32:42'),
(206, 833, 2691, 'INV-3629124', '2024-09-12 12:51:31', '2023-07-08 17:47:44', 9, 615.05, 19.0, 'EUR', 'RECEIVED', 'Net 30', '2024-09-12 12:51:31'),
(207, 587, 699, 'INV-4965491', '2023-08-19 22:12:37', '2023-12-24 01:09:24', 7, 338.79, 19.0, 'USD', 'RECEIVED', 'Net 30', '2023-08-19 22:12:37'),
(208, 184, 2662, 'INV-2682053', '2023-11-19 21:01:02', '2023-06-07 16:14:13', 35, 688.53, 19.0, 'EUR', 'PAID', 'Net 30', '2023-11-19 21:01:02'),
(209, 159, 148, 'INV-8117171', '2023-07-31 10:17:57', '2024-12-29 18:05:19', 18, 142.7, 19.0, 'EUR', 'DISPUTED', 'Net 30', '2023-07-31 10:17:57'),
(210, 618, 89, 'INV-1107077', '2023-01-17 09:14:34', '2024-01-02 14:38:19', 18, 729.5, 19.0, 'USD', 'PAID', 'Net 30', '2023-01-17 09:14:34'),
(211, 20, 1867, 'INV-1584938', '2023-10-22 01:17:59', '2024-08-29 16:39:40', 33, 11.6, 19.0, 'EUR', 'PAID', 'Net 30', '2023-10-22 01:17:59'),
(212, 817, 2172, 'INV-2936949', '2025-02-08 10:57:21', '2023-05-22 11:47:51', 7, 513.19, 19.0, 'USD', 'IN_REVIEW', 'Net 30', '2025-02-08 10:57:21'),
(213, 26, 134, 'INV-8811199', '2023-11-06 11:50:53', '2024-01-31 10:39:34', 38, 262.02, 19.0, 'USD', 'DISPUTED', 'Net 30', '2023-11-06 11:50:53'),
(214, 243, 1505, 'INV-6658794', '2024-07-10 20:59:00', '2024-02-24 18:26:15', 41, 93.39, 19.0, 'USD', 'RECEIVED', 'Net 30', '2024-07-10 20:59:00'),
(215, 164, 1882, 'INV-9294666', '2024-08-16 19:41:06', '2024-02-24 11:01:03', 7, 525.7, 19.0, 'EUR', 'APPROVED', 'Net 30', '2024-08-16 19:41:06'),
(216, 25, 2448, 'INV-1134314', '2023-04-16 03:58:18', '2024-01-02 18:10:02', 25, 435.76, 19.0, 'EUR', 'DISPUTED', 'Net 30', '2023-04-16 03:58:18'),
(217, 493, 1863, 'INV-4610673', '2024-11-04 13:10:12', '2023-10-15 13:36:59', 19, 641.62, 19.0, 'USD', 'PAID', 'Net 30', '2024-11-04 13:10:12'),
(218, 805, 1041, 'INV-1170365', '2023-12-23 12:27:32', '2023-03-12 03:38:16', 7, 25.76, 19.0, 'USD', 'IN_REVIEW', 'Net 30', '2023-12-23 12:27:32'),
(219, 24, 1222, 'INV-8280275', '2022-08-25 06:08:20', '2023-11-04 09:07:47', 15, 228.68, 19.0, 'USD', 'RECEIVED', 'Net 30', '2022-08-25 06:08:20'),
(220, 228, 2301, 'INV-9812659', '2024-01-29 01:11:37', '2025-02-13 12:44:18', 49, 489.33, 19.0, 'USD', 'RECEIVED', 'Net 30', '2024-01-29 01:11:37'),
(221, 747, 372, 'INV-1215334', '2024-05-18 01:33:59', '2023-03-22 12:57:59', 44, 278.64, 19.0, 'EUR', 'PAID', 'Net 30', '2024-05-18 01:33:59'),
(222, 80, 613, 'INV-9214736', '2022-05-09 13:15:43', '2024-11-26 14:29:19', 29, 51.25, 19.0, 'EUR', 'DISPUTED', 'Net 30', '2022-05-09 13:15:43'),
(223, 579, 113, 'INV-6957692', '2024-07-18 21:06:24', '2023-12-31 09:08:35', 37, 434.42, 19.0, 'USD', 'DISPUTED', 'Net 30', '2024-07-18 21:06:24'),
(224, 556, 1598, 'INV-6964812', '2023-08-16 08:05:48', '2023-06-25 20:41:59', 18, 773.51, 19.0, 'USD', 'RECEIVED', 'Net 30', '2023-08-16 08:05:48'),
(225, 542, 136, 'INV-8057082', '2022-07-06 13:20:41', '2024-05-03 03:09:49', 17, 300.33, 19.0, 'USD', 'RECEIVED', 'Net 30', '2022-07-06 13:20:41'),
(226, 493, 2800, 'INV-2848996', '2024-06-27 11:00:55', '2024-07-25 10:23:19', 42, 127.51, 19.0, 'USD', 'APPROVED', 'Net 30', '2024-06-27 11:00:55'),
(227, 141, 1950, 'INV-5042748', '2024-02-11 02:17:21', '2024-04-22 11:15:23', 42, 234.45, 19.0, 'USD', 'PAID', 'Net 30', '2024-02-11 02:17:21'),
(228, 22, 2763, 'INV-5477235', '2022-10-21 02:38:13', '2025-01-23 03:32:21', 48, 700.6, 19.0, 'EUR', 'IN_REVIEW', 'Net 30', '2022-10-21 02:38:13'),
(229, 152, 2237, 'INV-2043053', '2024-11-20 08:37:58', '2024-09-24 23:40:04', 31, 606.97, 19.0, 'EUR', 'RECEIVED', 'Net 30', '2024-11-20 08:37:58'),
(230, 821, 1642, 'INV-8788251', '2024-12-26 01:59:34', '2024-09-29 11:19:02', 30, 42.29, 19.0, 'EUR', 'APPROVED', 'Net 30', '2024-12-26 01:59:34'),
(231, 314, 2675, 'INV-9568688', '2022-01-12 16:05:29', '2023-11-08 15:39:45', 17, 232.52, 19.0, 'EUR', 'IN_REVIEW', 'Net 30', '2022-01-12 16:05:29'),
(232, 768, 464, 'INV-2743411', '2025-02-10 22:13:26', '2023-12-10 10:22:26', 6, 31.61, 19.0, 'USD', 'DISPUTED', 'Net 30', '2025-02-10 22:13:26'),
(233, 242, 1689, 'INV-1062678', '2023-07-16 06:03:14', '2024-09-22 06:48:05', 24, 160.47, 19.0, 'USD', 'PAID', 'Net 30', '2023-07-16 06:03:14'),
(234, 750, 2805, 'INV-3837755', '2023-09-24 10:59:51', '2023-12-14 02:07:07', 27, 56.69, 19.0, 'USD', 'APPROVED', 'Net 30', '2023-09-24 10:59:51'),
(235, 258, 2335, 'INV-9816040', '2025-01-08 11:35:50', '2024-05-31 12:54:02', 23, 511.79, 19.0, 'USD', 'IN_REVIEW', 'Net 30', '2025-01-08 11:35:50'),
(236, 985, 1527, 'INV-9035592', '2024-01-14 18:57:33', '2024-11-15 22:04:41', 14, 90.44, 19.0, 'EUR', 'DISPUTED', 'Net 30', '2024-01-14 18:57:33'),
(237, 247, 2086, 'INV-4596137', '2022-07-11 22:42:29', '2024-03-04 16:27:36', 44, 518.52, 19.0, 'EUR', 'RECEIVED', 'Net 30', '2022-07-11 22:42:29'),
(238, 589, 2312, 'INV-5993798', '2022-07-26 17:21:30', '2023-04-03 17:42:22', 10, 328.61, 19.0, 'USD', 'APPROVED', 'Net 30', '2022-07-26 17:21:30'),
(239, 271, 1881, 'INV-6147968', '2024-09-20 21:56:14', '2023-08-27 12:13:34', 44, 108.13, 19.0, 'EUR', 'APPROVED', 'Net 30', '2024-09-20 21:56:14'),
(240, 996, 2276, 'INV-7043857', '2023-12-05 07:29:43', '2024-04-12 21:37:22', 33, 767.27, 19.0, 'USD', 'IN_REVIEW', 'Net 30', '2023-12-05 07:29:43'),
(241, 636, 2179, 'INV-2982742', '2024-01-23 04:10:04', '2024-09-13 12:55:19', 33, 224.44, 19.0, 'EUR', 'APPROVED', 'Net 30', '2024-01-23 04:10:04'),
(242, 318, 980, 'INV-4860265', '2024-04-15 07:05:48', '2024-02-08 20:30:40', 36, 525.65, 19.0, 'USD', 'IN_REVIEW', 'Net 30', '2024-04-15 07:05:48'),
(243, 63, 913, 'INV-7592197', '2023-09-03 06:52:41', '2023-12-01 06:38:26', 31, 743.93, 19.0, 'EUR', 'PAID', 'Net 30', '2023-09-03 06:52:41'),
(244, 79, 1666, 'INV-2316582', '2024-12-26 20:30:19', '2024-08-18 13:57:02', 37, 407.96, 19.0, 'EUR', 'PAID', 'Net 30', '2024-12-26 20:30:19'),
(245, 176, 533, 'INV-6684539', '2024-06-21 16:06:35', '2023-05-18 17:12:42', 21, 405.71, 19.0, 'EUR', 'PAID', 'Net 30', '2024-06-21 16:06:35'),
(246, 981, 78, 'INV-9656097', '2023-07-28 23:26:30', '2024-08-06 22:44:03', 41, 50.06, 19.0, 'USD', 'IN_REVIEW', 'Net 30', '2023-07-28 23:26:30'),
(247, 28, 2484, 'INV-5821730', '2022-03-17 21:08:52', '2023-09-15 22:56:29', 32, 543.3, 19.0, 'EUR', 'APPROVED', 'Net 30', '2022-03-17 21:08:52'),
(248, 417, 1679, 'INV-8723380', '2022-10-27 17:31:17', '2023-04-29 05:39:05', 36, 707.33, 19.0, 'EUR', 'DISPUTED', 'Net 30', '2022-10-27 17:31:17'),
(249, 706, 91, 'INV-3820763', '2024-09-07 17:21:41', '2024-03-07 04:47:31', 10, 530.42, 19.0, 'USD', 'RECEIVED', 'Net 30', '2024-09-07 17:21:41'),
(250, 610, 2551, 'INV-1807979', '2024-06-22 18:22:04', '2025-02-13 16:51:37', 34, 356.12, 19.0, 'EUR', 'IN_REVIEW', 'Net 30', '2024-06-22 18:22:04'),
(251, 146, 570, 'INV-3883105', '2022-12-17 16:39:23', '2023-02-26 03:27:56', 16, 488.83, 19.0, 'USD', 'PAID', 'Net 30', '2022-12-17 16:39:23'),
(252, 807, 908, 'INV-3184442', '2023-11-09 13:27:40', '2024-09-12 20:38:54', 35, 642.99, 19.0, 'EUR', 'IN_REVIEW', 'Net 30', '2023-11-09 13:27:40'),
(253, 488, 2592, 'INV-1629587', '2024-06-22 02:28:06', '2024-01-30 16:16:35', 6, 516.16, 19.0, 'USD', 'APPROVED', 'Net 30', '2024-06-22 02:28:06'),
(254, 332, 49, 'INV-8470365', '2024-06-15 02:56:00', '2024-10-17 06:35:00', 21, 63.97, 19.0, 'USD', 'IN_REVIEW', 'Net 30', '2024-06-15 02:56:00'),
(255, 173, 894, 'INV-6163813', '2023-05-31 08:57:47', '2024-06-09 19:39:23', 17, 51.35, 19.0, 'EUR', 'PAID', 'Net 30', '2023-05-31 08:57:47'),
(256, 301, 43, 'INV-6908309', '2024-05-24 23:34:29', '2023-07-03 00:48:23', 27, 70.59, 19.0, 'EUR', 'IN_REVIEW', 'Net 30', '2024-05-24 23:34:29'),
(257, 339, 2558, 'INV-5589852', '2022-08-25 00:29:17', '2023-11-10 10:42:24', 27, 186.1, 19.0, 'USD', 'IN_REVIEW', 'Net 30', '2022-08-25 00:29:17'),
(258, 609, 1475, 'INV-5053325', '2024-07-17 08:03:50', '2023-01-03 01:29:58', 41, 798.1, 19.0, 'EUR', 'DISPUTED', 'Net 30', '2024-07-17 08:03:50'),
(259, 95, 719, 'INV-2429529', '2023-02-06 04:22:56', '2023-06-26 16:18:34', 16, 130.86, 19.0, 'EUR', 'IN_REVIEW', 'Net 30', '2023-02-06 04:22:56'),
(260, 953, 52, 'INV-5376860', '2023-01-22 23:18:02', '2024-05-18 14:27:43', 46, 438.87, 19.0, 'EUR', 'PAID', 'Net 30', '2023-01-22 23:18:02'),
(261, 408, 1744, 'INV-9276688', '2023-03-10 11:19:56', '2024-09-05 06:36:51', 41, 144.5, 19.0, 'EUR', 'IN_REVIEW', 'Net 30', '2023-03-10 11:19:56'),
(262, 942, 1135, 'INV-5733329', '2023-01-22 23:20:14', '2024-10-25 04:29:30', 1, 772.94, 19.0, 'USD', 'IN_REVIEW', 'Net 30', '2023-01-22 23:20:14'),
(263, 520, 1886, 'INV-6235887', '2022-10-12 12:06:47', '2024-05-04 22:01:08', 17, 26.04, 19.0, 'EUR', 'DISPUTED', 'Net 30', '2022-10-12 12:06:47'),
(264, 466, 2624, 'INV-1980788', '2022-09-09 05:56:42', '2023-07-04 09:20:14', 13, 640.79, 19.0, 'USD', 'PAID', 'Net 30', '2022-09-09 05:56:42'),
(265, 556, 2080, 'INV-7722718', '2023-07-23 01:29:32', '2023-06-20 19:12:14', 49, 270.42, 19.0, 'USD', 'IN_REVIEW', 'Net 30', '2023-07-23 01:29:32'),
(266, 551, 2019, 'INV-5707429', '2024-08-22 15:03:23', '2024-12-22 05:01:47', 29, 671.77, 19.0, 'USD', 'IN_REVIEW', 'Net 30', '2024-08-22 15:03:23'),
(267, 212, 1569, 'INV-1489741', '2023-04-12 07:34:30', '2024-08-17 12:51:13', 16, 117.24, 19.0, 'EUR', 'DISPUTED', 'Net 30', '2023-04-12 07:34:30'),
(268, 875, 1971, 'INV-5458648', '2024-09-08 14:48:14', '2023-02-11 17:07:57', 18, 258.51, 19.0, 'EUR', 'DISPUTED', 'Net 30', '2024-09-08 14:48:14'),
(269, 299, 216, 'INV-2384032', '2024-01-25 20:02:56', '2024-12-10 15:38:51', 40, 175.4, 19.0, 'EUR', 'DISPUTED', 'Net 30', '2024-01-25 20:02:56'),
(270, 192, 1664, 'INV-1517329', '2023-07-22 00:52:22', '2023-04-10 16:05:38', 13, 144.86, 19.0, 'USD', 'DISPUTED', 'Net 30', '2023-07-22 00:52:22'),
(271, 130, 1587, 'INV-3808609', '2023-02-10 04:34:41', '2024-04-30 17:34:26', 46, 298.69, 19.0, 'EUR', 'DISPUTED', 'Net 30', '2023-02-10 04:34:41'),
(272, 361, 2338, 'INV-5375341', '2022-06-06 21:25:10', '2024-04-26 12:20:00', 14, 380.23, 19.0, 'USD', 'RECEIVED', 'Net 30', '2022-06-06 21:25:10'),
(273, 789, 1790, 'INV-2179125', '2022-07-04 19:22:36', '2023-04-13 05:07:41', 30, 493.57, 19.0, 'USD', 'APPROVED', 'Net 30', '2022-07-04 19:22:36'),
(274, 260, 1428, 'INV-7559720', '2022-02-08 22:27:34', '2025-01-15 16:19:21', 2, 425.79, 19.0, 'USD', 'IN_REVIEW', 'Net 30', '2022-02-08 22:27:34'),
(275, 787, 1903, 'INV-7668691', '2023-05-11 19:59:26', '2023-06-27 06:59:10', 24, 214.61, 19.0, 'EUR', 'RECEIVED', 'Net 30', '2023-05-11 19:59:26'),
(276, 752, 1819, 'INV-4278653', '2024-05-26 18:53:39', '2023-08-06 19:52:10', 18, 570.94, 19.0, 'EUR', 'DISPUTED', 'Net 30', '2024-05-26 18:53:39'),
(277, 1, 1708, 'INV-3881846', '2024-01-30 10:21:49', '2023-07-21 01:13:25', 50, 81.57, 19.0, 'EUR', 'DISPUTED', 'Net 30', '2024-01-30 10:21:49'),
(278, 306, 591, 'INV-7816300', '2022-12-11 17:29:22', '2023-08-26 05:22:57', 35, 266.98, 19.0, 'USD', 'APPROVED', 'Net 30', '2022-12-11 17:29:22'),
(279, 969, 1229, 'INV-5747163', '2022-06-03 08:13:37', '2023-06-16 18:52:02', 21, 794.41, 19.0, 'EUR', 'APPROVED', 'Net 30', '2022-06-03 08:13:37'),
(280, 565, 1307, 'INV-1849089', '2022-06-09 17:41:29', '2024-05-24 20:26:59', 42, 500.95, 19.0, 'USD', 'RECEIVED', 'Net 30', '2022-06-09 17:41:29'),
(281, 622, 2291, 'INV-3051412', '2023-03-13 06:41:11', '2023-03-19 14:14:33', 4, 22.32, 19.0, 'EUR', 'IN_REVIEW', 'Net 30', '2023-03-13 06:41:11'),
(282, 102, 2796, 'INV-6981340', '2024-10-06 20:47:35', '2024-12-05 00:55:42', 34, 233.73, 19.0, 'EUR', 'DISPUTED', 'Net 30', '2024-10-06 20:47:35'),
(283, 249, 1118, 'INV-8028161', '2022-05-24 07:57:30', '2023-11-30 19:23:00', 27, 70.61, 19.0, 'USD', 'APPROVED', 'Net 30', '2022-05-24 07:57:30'),
(284, 366, 2400, 'INV-9725379', '2023-08-09 12:33:09', '2023-11-17 00:34:19', 47, 303.22, 19.0, 'EUR', 'PAID', 'Net 30', '2023-08-09 12:33:09'),
(285, 515, 371, 'INV-3487741', '2023-09-08 17:10:15', '2024-07-05 00:12:20', 42, 684.68, 19.0, 'EUR', 'DISPUTED', 'Net 30', '2023-09-08 17:10:15'),
(286, 585, 2093, 'INV-9079792', '2022-04-26 09:51:39', '2025-01-04 16:22:40', 8, 128.19, 19.0, 'EUR', 'PAID', 'Net 30', '2022-04-26 09:51:39'),
(287, 414, 1364, 'INV-4877901', '2022-04-07 23:01:40', '2024-03-02 19:14:49', 5, 662.42, 19.0, 'USD', 'IN_REVIEW', 'Net 30', '2022-04-07 23:01:40'),
(288, 856, 2058, 'INV-4380590', '2022-01-08 11:52:16', '2024-11-12 08:25:34', 46, 301.94, 19.0, 'USD', 'DISPUTED', 'Net 30', '2022-01-08 11:52:16'),
(289, 428, 2280, 'INV-9428369', '2024-06-09 12:38:37', '2023-09-12 01:48:26', 4, 368.12, 19.0, 'USD', 'IN_REVIEW', 'Net 30', '2024-06-09 12:38:37'),
(290, 987, 673, 'INV-8920120', '2024-06-03 02:10:13', '2024-02-03 06:21:36', 37, 38.27, 19.0, 'USD', 'PAID', 'Net 30', '2024-06-03 02:10:13'),
(291, 720, 2214, 'INV-2826230', '2023-12-01 14:06:45', '2024-05-14 09:03:47', 18, 104.95, 19.0, 'EUR', 'PAID', 'Net 30', '2023-12-01 14:06:45'),
(292, 472, 922, 'INV-8003168', '2022-06-07 13:46:12', '2024-09-28 01:52:04', 35, 630.43, 19.0, 'USD', 'APPROVED', 'Net 30', '2022-06-07 13:46:12'),
(293, 236, 160, 'INV-3926981', '2023-06-22 00:24:49', '2023-11-16 06:08:42', 6, 761.68, 19.0, 'USD', 'DISPUTED', 'Net 30', '2023-06-22 00:24:49'),
(294, 79, 2119, 'INV-7026275', '2024-01-10 09:35:26', '2024-01-02 17:59:11', 49, 734.51, 19.0, 'USD', 'IN_REVIEW', 'Net 30', '2024-01-10 09:35:26'),
(295, 311, 1099, 'INV-7052038', '2023-12-15 16:00:44', '2023-12-03 18:44:22', 17, 772.55, 19.0, 'USD', 'DISPUTED', 'Net 30', '2023-12-15 16:00:44'),
(296, 616, 1541, 'INV-2821830', '2023-02-25 13:39:17', '2024-03-11 01:22:50', 31, 407.56, 19.0, 'EUR', 'APPROVED', 'Net 30', '2023-02-25 13:39:17'),
(297, 138, 768, 'INV-1569077', '2022-05-07 19:45:16', '2024-01-02 07:26:43', 19, 383.45, 19.0, 'USD', 'APPROVED', 'Net 30', '2022-05-07 19:45:16'),
(298, 11, 1551, 'INV-6653287', '2022-05-28 00:02:36', '2023-06-10 21:25:09', 11, 605.88, 19.0, 'EUR', 'APPROVED', 'Net 30', '2022-05-28 00:02:36'),
(299, 918, 1380, 'INV-8345541', '2022-12-19 15:40:22', '2024-06-25 03:31:09', 14, 689.99, 19.0, 'EUR', 'IN_REVIEW', 'Net 30', '2022-12-19 15:40:22'),
(300, 912, 1693, 'INV-6299139', '2023-07-21 10:25:03', '2024-04-04 15:42:23', 42, 254.19, 19.0, 'USD', 'APPROVED', 'Net 30', '2023-07-21 10:25:03'),
(301, 783, 33, 'INV-6751110', '2024-03-24 12:32:07', '2023-02-17 03:45:45', 18, 689.21, 19.0, 'USD', 'IN_REVIEW', 'Net 30', '2024-03-24 12:32:07'),
(302, 3, 1924, 'INV-8621421', '2025-02-11 17:19:20', '2023-04-13 21:26:48', 14, 272.13, 19.0, 'USD', 'IN_REVIEW', 'Net 30', '2025-02-11 17:19:20'),
(303, 211, 2767, 'INV-7766265', '2024-03-08 17:34:32', '2025-02-16 09:13:03', 16, 302.74, 19.0, 'USD', 'PAID', 'Net 30', '2024-03-08 17:34:32'),
(304, 603, 2083, 'INV-2789633', '2024-12-11 14:49:27', '2024-07-12 23:53:48', 25, 598.18, 19.0, 'EUR', 'APPROVED', 'Net 30', '2024-12-11 14:49:27'),
(305, 483, 1980, 'INV-3313498', '2024-05-02 05:35:02', '2023-01-31 16:43:49', 20, 316.58, 19.0, 'EUR', 'IN_REVIEW', 'Net 30', '2024-05-02 05:35:02'),
(306, 343, 1857, 'INV-7313783', '2024-08-06 11:57:34', '2024-12-05 02:50:30', 12, 526.56, 19.0, 'USD', 'APPROVED', 'Net 30', '2024-08-06 11:57:34'),
(307, 840, 849, 'INV-2457574', '2024-05-11 02:33:14', '2024-10-17 19:59:42', 34, 780.95, 19.0, 'EUR', 'IN_REVIEW', 'Net 30', '2024-05-11 02:33:14'),
(308, 379, 2144, 'INV-9064992', '2023-01-26 02:56:04', '2024-06-18 16:12:52', 21, 732.67, 19.0, 'EUR', 'PAID', 'Net 30', '2023-01-26 02:56:04'),
(309, 620, 2706, 'INV-3054003', '2022-07-11 15:22:23', '2025-01-01 11:41:52', 21, 287.43, 19.0, 'USD', 'PAID', 'Net 30', '2022-07-11 15:22:23'),
(310, 693, 2380, 'INV-4080281', '2024-08-30 11:36:04', '2024-03-23 07:42:48', 36, 479.26, 19.0, 'USD', 'APPROVED', 'Net 30', '2024-08-30 11:36:04'),
(311, 135, 2016, 'INV-3166410', '2023-04-06 01:41:43', '2024-12-19 15:27:12', 43, 669.99, 19.0, 'EUR', 'APPROVED', 'Net 30', '2023-04-06 01:41:43'),
(312, 32, 1235, 'INV-8042096', '2023-03-19 21:20:20', '2023-05-25 00:41:11', 6, 328.37, 19.0, 'EUR', 'APPROVED', 'Net 30', '2023-03-19 21:20:20'),
(313, 238, 2860, 'INV-9401963', '2024-05-13 23:54:38', '2023-09-06 10:37:50', 17, 141.23, 19.0, 'USD', 'RECEIVED', 'Net 30', '2024-05-13 23:54:38'),
(314, 820, 1, 'INV-5207765', '2022-02-27 11:45:51', '2023-10-28 06:27:56', 31, 113.96, 19.0, 'USD', 'IN_REVIEW', 'Net 30', '2022-02-27 11:45:51'),
(315, 609, 523, 'INV-9382034', '2022-08-08 15:27:28', '2024-06-09 20:46:39', 12, 176.55, 19.0, 'USD', 'DISPUTED', 'Net 30', '2022-08-08 15:27:28'),
(316, 128, 882, 'INV-7608203', '2023-10-14 09:15:55', '2023-07-22 00:53:35', 22, 124.95, 19.0, 'USD', 'DISPUTED', 'Net 30', '2023-10-14 09:15:55'),
(317, 918, 1646, 'INV-9225664', '2024-02-03 02:16:23', '2023-11-08 11:37:30', 49, 138.75, 19.0, 'EUR', 'PAID', 'Net 30', '2024-02-03 02:16:23'),
(318, 397, 2617, 'INV-6197116', '2022-09-01 04:19:59', '2025-02-15 15:23:00', 4, 94.18, 19.0, 'EUR', 'IN_REVIEW', 'Net 30', '2022-09-01 04:19:59'),
(319, 708, 535, 'INV-9366522', '2024-09-03 22:16:21', '2023-09-20 10:04:57', 37, 440.23, 19.0, 'EUR', 'IN_REVIEW', 'Net 30', '2024-09-03 22:16:21'),
(320, 782, 2373, 'INV-7656037', '2024-02-02 22:08:07', '2023-08-21 10:02:59', 40, 103.9, 19.0, 'EUR', 'PAID', 'Net 30', '2024-02-02 22:08:07'),
(321, 530, 2633, 'INV-2631759', '2024-07-01 06:15:06', '2024-04-27 07:38:46', 32, 292.32, 19.0, 'EUR', 'RECEIVED', 'Net 30', '2024-07-01 06:15:06'),
(322, 307, 496, 'INV-6231718', '2022-09-26 18:17:09', '2024-09-20 12:27:50', 21, 716.98, 19.0, 'USD', 'PAID', 'Net 30', '2022-09-26 18:17:09'),
(323, 105, 2945, 'INV-5428636', '2023-01-14 10:19:55', '2023-05-31 05:10:25', 23, 64.34, 19.0, 'EUR', 'DISPUTED', 'Net 30', '2023-01-14 10:19:55'),
(324, 305, 1045, 'INV-1558418', '2023-09-19 18:02:57', '2024-10-27 09:40:02', 30, 143.55, 19.0, 'EUR', 'IN_REVIEW', 'Net 30', '2023-09-19 18:02:57'),
(325, 887, 308, 'INV-8275215', '2022-04-10 02:12:27', '2025-01-19 07:27:44', 3, 411.98, 19.0, 'EUR', 'IN_REVIEW', 'Net 30', '2022-04-10 02:12:27'),
(326, 493, 256, 'INV-6437430', '2025-01-31 18:10:19', '2023-11-29 21:15:46', 32, 588.12, 19.0, 'EUR', 'APPROVED', 'Net 30', '2025-01-31 18:10:19'),
(327, 199, 168, 'INV-6719940', '2023-10-25 15:05:36', '2023-10-11 11:09:34', 2, 610.95, 19.0, 'USD', 'IN_REVIEW', 'Net 30', '2023-10-25 15:05:36'),
(328, 555, 1625, 'INV-3085139', '2023-12-18 22:57:50', '2023-08-26 16:07:20', 18, 642.56, 19.0, 'USD', 'APPROVED', 'Net 30', '2023-12-18 22:57:50'),
(329, 771, 970, 'INV-6519861', '2022-05-11 00:26:41', '2024-08-20 23:08:07', 28, 507.0, 19.0, 'USD', 'APPROVED', 'Net 30', '2022-05-11 00:26:41'),
(330, 738, 1130, 'INV-1463608', '2022-10-14 11:45:10', '2024-03-09 12:59:47', 50, 261.35, 19.0, 'EUR', 'DISPUTED', 'Net 30', '2022-10-14 11:45:10'),
(331, 440, 2603, 'INV-4995493', '2022-01-11 23:54:26', '2023-02-04 03:51:51', 33, 224.28, 19.0, 'EUR', 'DISPUTED', 'Net 30', '2022-01-11 23:54:26'),
(332, 378, 766, 'INV-3340936', '2023-03-27 13:13:20', '2023-11-12 05:48:38', 10, 330.84, 19.0, 'USD', 'IN_REVIEW', 'Net 30', '2023-03-27 13:13:20'),
(333, 74, 656, 'INV-9483370', '2025-02-11 12:41:59', '2024-11-21 08:23:52', 33, 87.45, 19.0, 'EUR', 'PAID', 'Net 30', '2025-02-11 12:41:59'),
(334, 521, 1591, 'INV-8448635', '2022-04-22 23:29:59', '2024-05-28 19:13:25', 47, 342.64, 19.0, 'EUR', 'DISPUTED', 'Net 30', '2022-04-22 23:29:59'),
(335, 445, 1091, 'INV-2791753', '2023-10-18 01:44:39', '2024-11-01 18:10:02', 30, 592.75, 19.0, 'EUR', 'RECEIVED', 'Net 30', '2023-10-18 01:44:39'),
(336, 31, 1726, 'INV-7973020', '2024-05-11 07:50:58', '2024-05-03 14:53:52', 10, 585.94, 19.0, 'EUR', 'APPROVED', 'Net 30', '2024-05-11 07:50:58'),
(337, 699, 285, 'INV-2319120', '2023-05-03 03:12:02', '2024-07-29 10:32:38', 7, 538.9, 19.0, 'USD', 'APPROVED', 'Net 30', '2023-05-03 03:12:02'),
(338, 62, 2647, 'INV-3268762', '2022-05-21 15:45:40', '2025-01-03 23:56:33', 45, 536.8, 19.0, 'EUR', 'RECEIVED', 'Net 30', '2022-05-21 15:45:40'),
(339, 781, 363, 'INV-1512510', '2023-09-02 10:31:21', '2024-03-15 03:02:16', 35, 81.61, 19.0, 'EUR', 'DISPUTED', 'Net 30', '2023-09-02 10:31:21'),
(340, 191, 2540, 'INV-2292236', '2023-04-13 00:18:54', '2023-01-30 00:41:17', 44, 150.92, 19.0, 'USD', 'RECEIVED', 'Net 30', '2023-04-13 00:18:54'),
(341, 82, 2037, 'INV-6191618', '2022-12-01 07:39:08', '2023-10-22 18:20:30', 4, 445.89, 19.0, 'EUR', 'IN_REVIEW', 'Net 30', '2022-12-01 07:39:08'),
(342, 460, 2337, 'INV-3751618', '2024-03-31 03:33:06', '2023-06-25 18:45:24', 44, 31.57, 19.0, 'USD', 'APPROVED', 'Net 30', '2024-03-31 03:33:06'),
(343, 941, 1914, 'INV-1046842', '2024-11-16 07:05:01', '2023-02-09 01:52:26', 47, 538.44, 19.0, 'EUR', 'RECEIVED', 'Net 30', '2024-11-16 07:05:01'),
(344, 600, 2792, 'INV-6208781', '2022-11-15 00:28:29', '2023-09-17 17:19:36', 49, 14.08, 19.0, 'USD', 'PAID', 'Net 30', '2022-11-15 00:28:29'),
(345, 47, 2729, 'INV-2460771', '2025-01-04 22:57:20', '2024-07-31 13:57:00', 11, 42.76, 19.0, 'EUR', 'APPROVED', 'Net 30', '2025-01-04 22:57:20'),
(346, 144, 1407, 'INV-9606003', '2022-06-11 20:25:28', '2023-02-15 12:48:47', 13, 296.2, 19.0, 'USD', 'DISPUTED', 'Net 30', '2022-06-11 20:25:28'),
(347, 776, 2074, 'INV-7496526', '2022-09-05 15:25:34', '2023-02-18 12:09:53', 4, 592.69, 19.0, 'EUR', 'IN_REVIEW', 'Net 30', '2022-09-05 15:25:34'),
(348, 305, 2518, 'INV-3749782', '2022-02-23 16:04:18', '2024-09-23 11:26:42', 10, 609.91, 19.0, 'USD', 'PAID', 'Net 30', '2022-02-23 16:04:18'),
(349, 151, 2640, 'INV-9431001', '2024-10-01 05:07:12', '2023-04-26 10:51:53', 44, 682.16, 19.0, 'EUR', 'PAID', 'Net 30', '2024-10-01 05:07:12'),
(350, 514, 167, 'INV-5112353', '2022-08-12 03:49:38', '2024-11-18 00:36:30', 9, 87.59, 19.0, 'EUR', 'IN_REVIEW', 'Net 30', '2022-08-12 03:49:38'),
(351, 800, 931, 'INV-6915812', '2024-03-30 01:01:15', '2023-05-30 07:43:35', 12, 371.15, 19.0, 'USD', 'IN_REVIEW', 'Net 30', '2024-03-30 01:01:15'),
(352, 628, 694, 'INV-7773267', '2025-02-04 14:11:22', '2024-05-12 02:17:53', 17, 180.67, 19.0, 'USD', 'APPROVED', 'Net 30', '2025-02-04 14:11:22'),
(353, 281, 2062, 'INV-9455759', '2022-05-20 16:35:15', '2023-04-03 01:50:57', 24, 329.52, 19.0, 'USD', 'DISPUTED', 'Net 30', '2022-05-20 16:35:15'),
(354, 705, 1954, 'INV-1761238', '2022-12-09 18:53:46', '2023-01-01 08:18:22', 2, 215.85, 19.0, 'USD', 'DISPUTED', 'Net 30', '2022-12-09 18:53:46'),
(355, 736, 753, 'INV-6553446', '2023-10-25 10:37:18', '2023-11-12 09:37:34', 41, 32.12, 19.0, 'USD', 'APPROVED', 'Net 30', '2023-10-25 10:37:18'),
(356, 738, 2961, 'INV-8107494', '2024-12-28 19:54:43', '2023-01-17 12:29:44', 29, 513.8, 19.0, 'USD', 'DISPUTED', 'Net 30', '2024-12-28 19:54:43'),
(357, 962, 1271, 'INV-5223098', '2022-04-10 02:29:00', '2024-12-13 11:02:15', 24, 262.75, 19.0, 'EUR', 'RECEIVED', 'Net 30', '2022-04-10 02:29:00'),
(358, 251, 82, 'INV-1905040', '2024-04-30 08:53:02', '2024-12-17 08:07:22', 48, 14.97, 19.0, 'USD', 'APPROVED', 'Net 30', '2024-04-30 08:53:02'),
(359, 156, 2477, 'INV-7143454', '2023-06-17 07:45:19', '2024-07-31 18:31:05', 43, 465.36, 19.0, 'EUR', 'APPROVED', 'Net 30', '2023-06-17 07:45:19'),
(360, 17, 1725, 'INV-6617091', '2023-02-27 09:52:47', '2024-10-13 21:15:39', 18, 570.36, 19.0, 'EUR', 'PAID', 'Net 30', '2023-02-27 09:52:47'),
(361, 417, 2554, 'INV-4558511', '2023-01-12 18:19:58', '2024-09-22 19:26:38', 24, 589.83, 19.0, 'USD', 'RECEIVED', 'Net 30', '2023-01-12 18:19:58'),
(362, 78, 617, 'INV-4306471', '2024-09-26 09:29:40', '2024-05-28 21:51:36', 34, 366.24, 19.0, 'EUR', 'RECEIVED', 'Net 30', '2024-09-26 09:29:40'),
(363, 573, 1570, 'INV-9722328', '2024-04-03 11:19:18', '2024-06-04 15:35:51', 35, 252.68, 19.0, 'USD', 'APPROVED', 'Net 30', '2024-04-03 11:19:18'),
(364, 563, 312, 'INV-7858035', '2024-07-22 11:07:33', '2024-09-26 16:20:33', 39, 75.43, 19.0, 'EUR', 'PAID', 'Net 30', '2024-07-22 11:07:33'),
(365, 463, 1392, 'INV-3528676', '2023-03-22 04:42:14', '2024-11-18 03:25:16', 36, 233.44, 19.0, 'USD', 'IN_REVIEW', 'Net 30', '2023-03-22 04:42:14'),
(366, 122, 2188, 'INV-7952027', '2022-08-20 09:03:17', '2024-08-02 16:42:27', 48, 275.61, 19.0, 'EUR', 'IN_REVIEW', 'Net 30', '2022-08-20 09:03:17'),
(367, 587, 1739, 'INV-1346887', '2024-02-15 07:07:26', '2023-02-07 14:19:35', 42, 111.33, 19.0, 'EUR', 'DISPUTED', 'Net 30', '2024-02-15 07:07:26'),
(368, 534, 1902, 'INV-7821790', '2022-11-09 13:14:27', '2024-09-01 03:05:55', 22, 197.46, 19.0, 'USD', 'RECEIVED', 'Net 30', '2022-11-09 13:14:27'),
(369, 12, 1147, 'INV-8496257', '2022-09-30 20:47:00', '2023-04-14 22:47:51', 4, 201.42, 19.0, 'EUR', 'APPROVED', 'Net 30', '2022-09-30 20:47:00'),
(370, 502, 376, 'INV-6744135', '2023-06-13 05:13:38', '2025-01-13 23:34:01', 49, 129.86, 19.0, 'EUR', 'DISPUTED', 'Net 30', '2023-06-13 05:13:38'),
(371, 666, 2510, 'INV-6454344', '2023-05-03 03:39:37', '2024-07-17 08:16:40', 25, 265.72, 19.0, 'USD', 'PAID', 'Net 30', '2023-05-03 03:39:37'),
(372, 37, 767, 'INV-8689007', '2024-05-18 15:57:36', '2024-06-12 20:38:47', 30, 568.93, 19.0, 'USD', 'RECEIVED', 'Net 30', '2024-05-18 15:57:36'),
(373, 528, 1460, 'INV-7090853', '2023-06-11 05:59:53', '2024-12-05 16:39:57', 30, 269.07, 19.0, 'EUR', 'IN_REVIEW', 'Net 30', '2023-06-11 05:59:53'),
(374, 21, 1175, 'INV-4152155', '2024-08-22 21:13:11', '2023-01-09 01:13:56', 40, 657.06, 19.0, 'EUR', 'DISPUTED', 'Net 30', '2024-08-22 21:13:11'),
(375, 826, 1454, 'INV-1809254', '2022-09-05 23:40:35', '2023-09-29 22:52:25', 36, 23.14, 19.0, 'EUR', 'IN_REVIEW', 'Net 30', '2022-09-05 23:40:35'),
(376, 346, 892, 'INV-7603964', '2024-11-20 20:29:43', '2023-10-25 13:23:00', 37, 491.76, 19.0, 'USD', 'DISPUTED', 'Net 30', '2024-11-20 20:29:43'),
(377, 137, 1742, 'INV-3552822', '2023-03-21 08:13:11', '2024-10-24 06:46:43', 3, 590.08, 19.0, 'EUR', 'APPROVED', 'Net 30', '2023-03-21 08:13:11'),
(378, 134, 518, 'INV-5818663', '2023-02-23 15:19:03', '2025-02-01 08:41:25', 48, 155.76, 19.0, 'EUR', 'IN_REVIEW', 'Net 30', '2023-02-23 15:19:03'),
(379, 950, 1763, 'INV-6235318', '2023-08-26 10:46:25', '2025-01-28 21:50:34', 38, 65.27, 19.0, 'EUR', 'IN_REVIEW', 'Net 30', '2023-08-26 10:46:25'),
(380, 400, 1583, 'INV-6596941', '2024-03-12 00:54:50', '2024-10-15 16:16:20', 27, 279.86, 19.0, 'USD', 'DISPUTED', 'Net 30', '2024-03-12 00:54:50'),
(381, 683, 2047, 'INV-6090830', '2023-07-07 12:12:51', '2024-10-04 06:46:20', 3, 369.75, 19.0, 'EUR', 'DISPUTED', 'Net 30', '2023-07-07 12:12:51'),
(382, 831, 2038, 'INV-3487936', '2022-12-11 20:02:29', '2023-05-17 06:42:22', 9, 70.5, 19.0, 'EUR', 'DISPUTED', 'Net 30', '2022-12-11 20:02:29'),
(383, 541, 2759, 'INV-9688954', '2024-12-07 18:10:36', '2024-11-05 02:16:25', 40, 430.22, 19.0, 'USD', 'RECEIVED', 'Net 30', '2024-12-07 18:10:36'),
(384, 685, 1904, 'INV-3357165', '2022-05-26 12:38:50', '2023-08-01 00:08:23', 29, 346.06, 19.0, 'USD', 'APPROVED', 'Net 30', '2022-05-26 12:38:50'),
(385, 32, 2289, 'INV-9135759', '2023-11-10 05:06:51', '2023-07-13 05:23:47', 25, 11.81, 19.0, 'EUR', 'APPROVED', 'Net 30', '2023-11-10 05:06:51'),
(386, 613, 1175, 'INV-2364166', '2023-08-31 06:28:49', '2023-08-07 17:32:59', 34, 124.24, 19.0, 'EUR', 'PAID', 'Net 30', '2023-08-31 06:28:49'),
(387, 569, 2366, 'INV-7113009', '2022-11-27 07:35:21', '2023-12-10 06:39:26', 3, 734.54, 19.0, 'EUR', 'APPROVED', 'Net 30', '2022-11-27 07:35:21'),
(388, 382, 1294, 'INV-7215015', '2024-02-15 09:52:01', '2024-12-23 14:11:32', 4, 25.38, 19.0, 'USD', 'APPROVED', 'Net 30', '2024-02-15 09:52:01'),
(389, 803, 727, 'INV-9991921', '2024-11-05 15:19:12', '2024-11-09 21:14:46', 15, 38.3, 19.0, 'USD', 'APPROVED', 'Net 30', '2024-11-05 15:19:12'),
(390, 863, 2585, 'INV-8374892', '2022-04-15 12:59:17', '2023-06-07 11:08:18', 11, 343.96, 19.0, 'EUR', 'APPROVED', 'Net 30', '2022-04-15 12:59:17'),
(391, 974, 1401, 'INV-5490406', '2023-07-18 22:14:33', '2025-02-08 17:51:24', 21, 299.18, 19.0, 'USD', 'DISPUTED', 'Net 30', '2023-07-18 22:14:33'),
(392, 396, 1197, 'INV-5837887', '2023-02-24 03:52:25', '2023-02-07 05:46:34', 43, 482.68, 19.0, 'EUR', 'PAID', 'Net 30', '2023-02-24 03:52:25'),
(393, 574, 2589, 'INV-6539557', '2024-09-08 16:25:23', '2024-02-16 06:22:52', 45, 64.76, 19.0, 'EUR', 'IN_REVIEW', 'Net 30', '2024-09-08 16:25:23'),
(394, 425, 1716, 'INV-8873377', '2024-11-28 04:10:38', '2024-09-03 09:30:12', 19, 155.43, 19.0, 'EUR', 'DISPUTED', 'Net 30', '2024-11-28 04:10:38'),
(395, 560, 742, 'INV-8529691', '2022-07-24 11:43:06', '2023-12-03 20:29:55', 39, 294.45, 19.0, 'USD', 'DISPUTED', 'Net 30', '2022-07-24 11:43:06'),
(396, 758, 2289, 'INV-8642112', '2023-09-01 10:24:29', '2023-12-09 01:02:23', 40, 508.08, 19.0, 'USD', 'APPROVED', 'Net 30', '2023-09-01 10:24:29'),
(397, 927, 63, 'INV-1998077', '2023-03-22 00:58:34', '2024-03-28 09:51:36', 30, 504.19, 19.0, 'EUR', 'PAID', 'Net 30', '2023-03-22 00:58:34'),
(398, 195, 2910, 'INV-8385617', '2023-05-15 01:47:09', '2024-05-04 22:21:49', 25, 643.14, 19.0, 'USD', 'RECEIVED', 'Net 30', '2023-05-15 01:47:09'),
(399, 466, 50, 'INV-1369816', '2025-02-15 07:40:22', '2024-03-15 05:04:58', 5, 718.42, 19.0, 'USD', 'APPROVED', 'Net 30', '2025-02-15 07:40:22'),
(400, 188, 1223, 'INV-7639098', '2022-07-18 07:31:56', '2023-05-19 19:42:58', 11, 211.59, 19.0, 'EUR', 'APPROVED', 'Net 30', '2022-07-18 07:31:56'),
(401, 705, 226, 'INV-7579572', '2024-03-15 16:29:22', '2023-02-23 04:35:37', 30, 788.92, 19.0, 'USD', 'IN_REVIEW', 'Net 30', '2024-03-15 16:29:22'),
(402, 525, 1972, 'INV-4363556', '2022-12-19 15:39:44', '2023-03-30 09:56:18', 39, 96.52, 19.0, 'EUR', 'DISPUTED', 'Net 30', '2022-12-19 15:39:44'),
(403, 929, 2243, 'INV-6874527', '2024-08-08 12:34:26', '2024-06-07 04:26:20', 35, 76.21, 19.0, 'EUR', 'APPROVED', 'Net 30', '2024-08-08 12:34:26'),
(404, 509, 656, 'INV-7597833', '2023-10-06 11:52:56', '2024-03-26 19:40:19', 24, 627.83, 19.0, 'USD', 'APPROVED', 'Net 30', '2023-10-06 11:52:56'),
(405, 551, 2219, 'INV-1938432', '2024-12-28 12:04:58', '2024-11-15 21:36:54', 20, 77.03, 19.0, 'USD', 'RECEIVED', 'Net 30', '2024-12-28 12:04:58'),
(406, 929, 1828, 'INV-6354210', '2023-09-21 15:50:15', '2025-02-12 14:27:46', 22, 565.41, 19.0, 'USD', 'DISPUTED', 'Net 30', '2023-09-21 15:50:15'),
(407, 821, 2358, 'INV-5569586', '2024-03-26 17:15:34', '2023-11-24 23:15:40', 39, 300.44, 19.0, 'USD', 'PAID', 'Net 30', '2024-03-26 17:15:34'),
(408, 269, 1217, 'INV-7404178', '2024-06-10 21:23:43', '2023-07-03 20:22:54', 25, 683.37, 19.0, 'USD', 'RECEIVED', 'Net 30', '2024-06-10 21:23:43'),
(409, 508, 2363, 'INV-6855834', '2022-01-29 08:22:32', '2024-05-01 12:34:43', 37, 99.2, 19.0, 'EUR', 'APPROVED', 'Net 30', '2022-01-29 08:22:32'),
(410, 821, 2417, 'INV-6447610', '2024-06-03 17:09:09', '2025-01-16 04:55:08', 37, 426.62, 19.0, 'EUR', 'IN_REVIEW', 'Net 30', '2024-06-03 17:09:09'),
(411, 141, 2905, 'INV-4493777', '2023-04-28 06:17:21', '2025-01-30 09:49:54', 46, 380.87, 19.0, 'USD', 'DISPUTED', 'Net 30', '2023-04-28 06:17:21'),
(412, 201, 2492, 'INV-4680885', '2022-01-04 15:58:39', '2025-01-19 12:15:23', 38, 26.64, 19.0, 'USD', 'IN_REVIEW', 'Net 30', '2022-01-04 15:58:39'),
(413, 727, 2086, 'INV-8517490', '2023-09-17 15:43:37', '2023-09-14 17:37:32', 26, 626.99, 19.0, 'EUR', 'IN_REVIEW', 'Net 30', '2023-09-17 15:43:37'),
(414, 711, 837, 'INV-5792097', '2025-02-08 09:32:59', '2024-07-30 08:02:38', 21, 258.3, 19.0, 'EUR', 'PAID', 'Net 30', '2025-02-08 09:32:59'),
(415, 2, 486, 'INV-1282347', '2022-01-29 01:53:23', '2024-09-07 19:36:19', 46, 627.13, 19.0, 'USD', 'PAID', 'Net 30', '2022-01-29 01:53:23'),
(416, 900, 1559, 'INV-9570092', '2022-07-20 23:16:47', '2023-09-01 15:50:46', 48, 168.07, 19.0, 'EUR', 'PAID', 'Net 30', '2022-07-20 23:16:47'),
(417, 773, 2513, 'INV-4924810', '2023-12-05 03:41:08', '2023-03-13 05:27:13', 38, 518.46, 19.0, 'EUR', 'APPROVED', 'Net 30', '2023-12-05 03:41:08'),
(418, 510, 36, 'INV-5414725', '2024-05-20 08:41:57', '2023-09-28 23:12:01', 24, 246.95, 19.0, 'EUR', 'RECEIVED', 'Net 30', '2024-05-20 08:41:57'),
(419, 61, 359, 'INV-6007730', '2022-03-10 00:20:07', '2023-03-12 02:43:58', 38, 443.9, 19.0, 'EUR', 'APPROVED', 'Net 30', '2022-03-10 00:20:07'),
(420, 738, 1563, 'INV-5267971', '2023-12-28 20:26:23', '2023-02-13 05:23:31', 22, 278.26, 19.0, 'EUR', 'PAID', 'Net 30', '2023-12-28 20:26:23'),
(421, 884, 1515, 'INV-8702541', '2023-10-20 22:05:26', '2023-03-03 14:07:07', 44, 680.93, 19.0, 'USD', 'DISPUTED', 'Net 30', '2023-10-20 22:05:26'),
(422, 436, 602, 'INV-3383686', '2023-03-20 00:54:43', '2024-01-15 18:45:41', 11, 505.4, 19.0, 'USD', 'IN_REVIEW', 'Net 30', '2023-03-20 00:54:43'),
(423, 329, 2408, 'INV-2696737', '2024-11-19 05:01:46', '2023-12-03 23:33:11', 14, 748.2, 19.0, 'USD', 'DISPUTED', 'Net 30', '2024-11-19 05:01:46'),
(424, 921, 2786, 'INV-6993374', '2024-05-27 02:13:23', '2024-05-05 00:56:30', 17, 491.94, 19.0, 'EUR', 'IN_REVIEW', 'Net 30', '2024-05-27 02:13:23'),
(425, 853, 1060, 'INV-7255041', '2024-03-17 03:11:14', '2023-01-27 01:50:20', 43, 251.52, 19.0, 'USD', 'IN_REVIEW', 'Net 30', '2024-03-17 03:11:14'),
(426, 600, 192, 'INV-1495106', '2023-08-19 22:56:16', '2023-01-03 12:10:29', 43, 676.47, 19.0, 'USD', 'PAID', 'Net 30', '2023-08-19 22:56:16'),
(427, 680, 2019, 'INV-5152247', '2024-06-29 08:09:47', '2024-06-14 01:29:02', 38, 113.58, 19.0, 'USD', 'APPROVED', 'Net 30', '2024-06-29 08:09:47'),
(428, 322, 1625, 'INV-8931461', '2022-05-02 07:03:54', '2023-10-28 05:11:22', 44, 199.67, 19.0, 'USD', 'PAID', 'Net 30', '2022-05-02 07:03:54'),
(429, 168, 205, 'INV-9656729', '2024-09-16 17:11:01', '2023-10-10 10:07:19', 35, 205.14, 19.0, 'EUR', 'DISPUTED', 'Net 30', '2024-09-16 17:11:01'),
(430, 879, 1468, 'INV-1541305', '2024-11-12 22:46:02', '2024-05-12 22:38:17', 1, 382.4, 19.0, 'EUR', 'PAID', 'Net 30', '2024-11-12 22:46:02'),
(431, 999, 1419, 'INV-1910856', '2023-04-19 00:06:33', '2024-01-16 13:15:00', 5, 302.89, 19.0, 'USD', 'APPROVED', 'Net 30', '2023-04-19 00:06:33'),
(432, 843, 524, 'INV-9945961', '2023-06-28 10:50:12', '2025-01-13 18:02:19', 21, 705.61, 19.0, 'USD', 'IN_REVIEW', 'Net 30', '2023-06-28 10:50:12'),
(433, 97, 423, 'INV-2643591', '2023-01-08 15:18:27', '2024-04-03 04:10:40', 21, 758.78, 19.0, 'USD', 'IN_REVIEW', 'Net 30', '2023-01-08 15:18:27'),
(434, 403, 244, 'INV-3219917', '2024-05-09 04:49:40', '2024-07-03 00:56:09', 3, 797.29, 19.0, 'EUR', 'DISPUTED', 'Net 30', '2024-05-09 04:49:40'),
(435, 309, 1842, 'INV-6462086', '2022-04-24 22:29:47', '2024-04-02 05:53:52', 45, 71.02, 19.0, 'EUR', 'PAID', 'Net 30', '2022-04-24 22:29:47'),
(436, 257, 1841, 'INV-4413905', '2023-07-21 14:27:23', '2023-12-05 00:00:51', 36, 11.68, 19.0, 'USD', 'APPROVED', 'Net 30', '2023-07-21 14:27:23'),
(437, 495, 1474, 'INV-2035773', '2023-07-15 01:22:24', '2023-04-13 17:08:45', 41, 402.82, 19.0, 'EUR', 'APPROVED', 'Net 30', '2023-07-15 01:22:24'),
(438, 767, 477, 'INV-8335875', '2022-08-07 10:12:58', '2023-08-06 15:03:57', 7, 270.46, 19.0, 'USD', 'PAID', 'Net 30', '2022-08-07 10:12:58'),
(439, 68, 1414, 'INV-7592656', '2023-10-31 13:57:43', '2023-12-25 18:25:28', 39, 200.32, 19.0, 'EUR', 'IN_REVIEW', 'Net 30', '2023-10-31 13:57:43'),
(440, 316, 363, 'INV-1019021', '2023-04-27 15:22:38', '2023-05-25 00:01:32', 21, 476.92, 19.0, 'EUR', 'PAID', 'Net 30', '2023-04-27 15:22:38'),
(441, 145, 163, 'INV-3330062', '2023-06-28 21:19:08', '2024-10-20 13:08:31', 5, 527.81, 19.0, 'EUR', 'PAID', 'Net 30', '2023-06-28 21:19:08'),
(442, 407, 2794, 'INV-9723851', '2024-03-20 01:03:51', '2023-09-30 01:09:32', 21, 275.84, 19.0, 'EUR', 'PAID', 'Net 30', '2024-03-20 01:03:51'),
(443, 169, 1029, 'INV-7997347', '2022-09-21 18:05:52', '2023-03-23 00:47:15', 10, 79.73, 19.0, 'EUR', 'APPROVED', 'Net 30', '2022-09-21 18:05:52'),
(444, 23, 2696, 'INV-4718281', '2022-12-25 15:04:31', '2024-09-02 05:56:57', 47, 524.19, 19.0, 'USD', 'APPROVED', 'Net 30', '2022-12-25 15:04:31'),
(445, 253, 2348, 'INV-1116021', '2023-12-04 04:55:35', '2025-02-19 08:08:10', 18, 753.29, 19.0, 'USD', 'APPROVED', 'Net 30', '2023-12-04 04:55:35'),
(446, 733, 740, 'INV-2346434', '2024-10-27 18:49:51', '2023-06-20 02:14:01', 20, 243.77, 19.0, 'EUR', 'PAID', 'Net 30', '2024-10-27 18:49:51'),
(447, 816, 1041, 'INV-5611391', '2023-07-04 22:48:16', '2023-08-31 16:31:57', 48, 671.14, 19.0, 'USD', 'DISPUTED', 'Net 30', '2023-07-04 22:48:16'),
(448, 388, 1805, 'INV-5667020', '2023-07-02 05:50:40', '2024-10-28 20:48:11', 8, 131.07, 19.0, 'EUR', 'IN_REVIEW', 'Net 30', '2023-07-02 05:50:40'),
(449, 765, 26, 'INV-2804389', '2022-02-01 06:56:31', '2024-09-05 21:32:56', 9, 43.43, 19.0, 'USD', 'IN_REVIEW', 'Net 30', '2022-02-01 06:56:31'),
(450, 433, 890, 'INV-2704580', '2024-11-22 01:10:27', '2023-04-26 16:23:14', 30, 567.28, 19.0, 'EUR', 'RECEIVED', 'Net 30', '2024-11-22 01:10:27'),
(451, 93, 1455, 'INV-1298896', '2023-05-25 21:33:21', '2023-08-11 13:30:49', 42, 738.41, 19.0, 'USD', 'PAID', 'Net 30', '2023-05-25 21:33:21'),
(452, 297, 2456, 'INV-9308223', '2022-09-06 20:13:22', '2024-09-30 07:29:07', 33, 135.07, 19.0, 'USD', 'RECEIVED', 'Net 30', '2022-09-06 20:13:22'),
(453, 128, 2184, 'INV-3244408', '2022-05-08 11:59:53', '2024-01-25 07:28:24', 31, 97.15, 19.0, 'EUR', 'APPROVED', 'Net 30', '2022-05-08 11:59:53'),
(454, 955, 1183, 'INV-1761685', '2022-09-27 06:18:20', '2023-10-15 12:10:03', 16, 723.0, 19.0, 'USD', 'APPROVED', 'Net 30', '2022-09-27 06:18:20'),
(455, 705, 186, 'INV-7846022', '2023-11-09 07:27:47', '2023-08-14 19:54:43', 24, 94.21, 19.0, 'EUR', 'RECEIVED', 'Net 30', '2023-11-09 07:27:47'),
(456, 890, 1570, 'INV-7715588', '2022-02-26 03:12:35', '2023-07-26 07:33:43', 33, 480.13, 19.0, 'EUR', 'IN_REVIEW', 'Net 30', '2022-02-26 03:12:35'),
(457, 932, 2381, 'INV-3519409', '2022-01-15 00:33:11', '2023-02-18 04:36:55', 32, 591.28, 19.0, 'USD', 'RECEIVED', 'Net 30', '2022-01-15 00:33:11'),
(458, 525, 745, 'INV-4943321', '2024-08-09 14:51:28', '2024-05-29 14:48:25', 9, 565.7, 19.0, 'USD', 'APPROVED', 'Net 30', '2024-08-09 14:51:28'),
(459, 42, 684, 'INV-3142174', '2022-11-08 22:19:29', '2023-02-12 16:34:45', 16, 417.42, 19.0, 'EUR', 'PAID', 'Net 30', '2022-11-08 22:19:29'),
(460, 378, 1131, 'INV-1404620', '2023-02-02 10:37:48', '2023-12-15 00:03:25', 29, 69.54, 19.0, 'EUR', 'DISPUTED', 'Net 30', '2023-02-02 10:37:48'),
(461, 593, 1217, 'INV-5319170', '2022-01-16 19:14:56', '2023-09-08 16:39:25', 4, 116.86, 19.0, 'USD', 'APPROVED', 'Net 30', '2022-01-16 19:14:56'),
(462, 94, 2318, 'INV-4636455', '2024-02-18 04:02:44', '2023-10-29 19:51:49', 24, 311.75, 19.0, 'EUR', 'PAID', 'Net 30', '2024-02-18 04:02:44'),
(463, 218, 1861, 'INV-6340951', '2024-12-28 01:43:00', '2023-07-15 14:06:37', 19, 181.54, 19.0, 'EUR', 'APPROVED', 'Net 30', '2024-12-28 01:43:00'),
(464, 492, 2363, 'INV-2030424', '2024-10-20 16:32:35', '2024-10-21 23:48:46', 34, 581.66, 19.0, 'USD', 'DISPUTED', 'Net 30', '2024-10-20 16:32:35'),
(465, 578, 1949, 'INV-1140326', '2024-12-14 07:29:43', '2024-03-16 21:14:32', 4, 137.51, 19.0, 'USD', 'APPROVED', 'Net 30', '2024-12-14 07:29:43'),
(466, 727, 1990, 'INV-7840487', '2023-08-08 00:25:06', '2023-11-02 09:02:41', 49, 512.57, 19.0, 'EUR', 'RECEIVED', 'Net 30', '2023-08-08 00:25:06'),
(467, 762, 8, 'INV-5051903', '2022-02-16 18:40:24', '2024-03-06 03:57:56', 42, 755.24, 19.0, 'EUR', 'PAID', 'Net 30', '2022-02-16 18:40:24'),
(468, 542, 827, 'INV-5275105', '2022-12-14 02:54:07', '2023-12-27 11:00:17', 18, 398.6, 19.0, 'USD', 'APPROVED', 'Net 30', '2022-12-14 02:54:07'),
(469, 718, 2198, 'INV-4871961', '2024-10-26 14:11:22', '2024-07-26 03:09:34', 13, 795.32, 19.0, 'USD', 'PAID', 'Net 30', '2024-10-26 14:11:22'),
(470, 386, 2477, 'INV-6427108', '2023-08-02 15:02:13', '2025-01-02 06:02:12', 8, 695.21, 19.0, 'USD', 'APPROVED', 'Net 30', '2023-08-02 15:02:13'),
(471, 365, 167, 'INV-7030311', '2022-04-02 02:52:40', '2023-05-16 03:59:06', 36, 475.28, 19.0, 'USD', 'PAID', 'Net 30', '2022-04-02 02:52:40'),
(472, 492, 933, 'INV-3424724', '2023-05-06 00:21:14', '2023-01-15 02:58:47', 14, 456.57, 19.0, 'USD', 'APPROVED', 'Net 30', '2023-05-06 00:21:14'),
(473, 640, 1133, 'INV-5950743', '2022-02-23 13:03:34', '2023-07-12 12:56:41', 19, 419.48, 19.0, 'USD', 'PAID', 'Net 30', '2022-02-23 13:03:34'),
(474, 521, 73, 'INV-1895453', '2024-10-11 01:16:47', '2023-12-09 21:59:08', 26, 762.68, 19.0, 'USD', 'PAID', 'Net 30', '2024-10-11 01:16:47'),
(475, 894, 711, 'INV-1438836', '2025-02-03 20:40:18', '2023-12-21 20:14:11', 16, 494.3, 19.0, 'EUR', 'RECEIVED', 'Net 30', '2025-02-03 20:40:18'),
(476, 433, 2829, 'INV-1479457', '2023-02-27 17:02:50', '2023-09-29 11:39:52', 35, 16.3, 19.0, 'EUR', 'IN_REVIEW', 'Net 30', '2023-02-27 17:02:50'),
(477, 190, 813, 'INV-3537658', '2023-05-06 13:12:36', '2024-01-17 16:50:36', 41, 696.94, 19.0, 'EUR', 'IN_REVIEW', 'Net 30', '2023-05-06 13:12:36'),
(478, 621, 2256, 'INV-5539007', '2024-04-16 07:54:13', '2023-07-11 18:02:25', 19, 356.34, 19.0, 'USD', 'IN_REVIEW', 'Net 30', '2024-04-16 07:54:13'),
(479, 855, 2398, 'INV-1035917', '2024-09-11 15:39:13', '2024-09-05 21:12:31', 41, 172.43, 19.0, 'EUR', 'DISPUTED', 'Net 30', '2024-09-11 15:39:13'),
(480, 606, 2329, 'INV-8226141', '2024-07-20 21:54:23', '2025-02-19 20:18:51', 19, 100.71, 19.0, 'EUR', 'IN_REVIEW', 'Net 30', '2024-07-20 21:54:23'),
(481, 7, 905, 'INV-2737825', '2022-05-12 05:23:27', '2023-02-20 16:45:14', 13, 755.41, 19.0, 'USD', 'APPROVED', 'Net 30', '2022-05-12 05:23:27'),
(482, 302, 1696, 'INV-9611864', '2024-11-20 20:40:35', '2023-11-16 22:53:32', 19, 460.84, 19.0, 'EUR', 'APPROVED', 'Net 30', '2024-11-20 20:40:35'),
(483, 595, 116, 'INV-8397095', '2024-10-17 19:16:21', '2023-03-16 21:53:38', 17, 532.94, 19.0, 'EUR', 'IN_REVIEW', 'Net 30', '2024-10-17 19:16:21'),
(484, 906, 1270, 'INV-5954397', '2022-10-19 14:36:25', '2023-12-06 18:03:28', 37, 392.56, 19.0, 'EUR', 'RECEIVED', 'Net 30', '2022-10-19 14:36:25'),
(485, 304, 100, 'INV-9263329', '2023-04-17 12:21:23', '2023-10-21 21:01:43', 27, 492.27, 19.0, 'USD', 'PAID', 'Net 30', '2023-04-17 12:21:23'),
(486, 622, 2874, 'INV-5034032', '2024-06-11 23:23:04', '2023-10-09 20:18:45', 13, 206.08, 19.0, 'USD', 'APPROVED', 'Net 30', '2024-06-11 23:23:04'),
(487, 439, 693, 'INV-4109239', '2024-01-18 06:59:03', '2023-05-11 03:47:30', 22, 328.94, 19.0, 'USD', 'RECEIVED', 'Net 30', '2024-01-18 06:59:03'),
(488, 918, 1362, 'INV-3377618', '2023-09-12 12:42:59', '2024-05-12 13:23:58', 33, 404.92, 19.0, 'USD', 'PAID', 'Net 30', '2023-09-12 12:42:59'),
(489, 231, 1862, 'INV-6696819', '2023-01-27 17:42:18', '2023-08-15 18:47:39', 1, 32.41, 19.0, 'USD', 'APPROVED', 'Net 30', '2023-01-27 17:42:18'),
(490, 175, 2346, 'INV-7661495', '2024-03-03 16:37:04', '2024-04-04 12:12:53', 21, 128.4, 19.0, 'EUR', 'IN_REVIEW', 'Net 30', '2024-03-03 16:37:04'),
(491, 592, 2033, 'INV-4626858', '2023-03-03 14:41:57', '2024-07-02 13:55:45', 38, 276.76, 19.0, 'EUR', 'IN_REVIEW', 'Net 30', '2023-03-03 14:41:57'),
(492, 942, 957, 'INV-6027329', '2023-04-15 07:31:23', '2023-07-05 10:08:31', 21, 747.6, 19.0, 'EUR', 'RECEIVED', 'Net 30', '2023-04-15 07:31:23'),
(493, 550, 776, 'INV-9995979', '2022-02-12 03:21:39', '2024-01-02 05:11:35', 24, 201.79, 19.0, 'USD', 'PAID', 'Net 30', '2022-02-12 03:21:39'),
(494, 336, 201, 'INV-7723808', '2023-08-13 02:24:59', '2023-01-20 04:45:09', 12, 767.94, 19.0, 'EUR', 'PAID', 'Net 30', '2023-08-13 02:24:59'),
(495, 81, 116, 'INV-3935082', '2022-11-17 11:19:22', '2023-01-06 01:38:43', 39, 349.66, 19.0, 'USD', 'DISPUTED', 'Net 30', '2022-11-17 11:19:22'),
(496, 370, 2969, 'INV-8061850', '2022-04-21 19:17:09', '2024-12-23 05:53:06', 50, 122.48, 19.0, 'EUR', 'IN_REVIEW', 'Net 30', '2022-04-21 19:17:09'),
(497, 747, 2352, 'INV-3418721', '2023-02-15 15:40:45', '2024-05-22 19:12:33', 6, 706.77, 19.0, 'USD', 'APPROVED', 'Net 30', '2023-02-15 15:40:45'),
(498, 6, 2256, 'INV-8425530', '2024-04-06 01:57:14', '2023-03-01 03:38:23', 10, 341.03, 19.0, 'EUR', 'RECEIVED', 'Net 30', '2024-04-06 01:57:14'),
(499, 183, 733, 'INV-7732501', '2022-07-05 20:30:25', '2023-09-02 04:14:20', 3, 114.72, 19.0, 'USD', 'DISPUTED', 'Net 30', '2022-07-05 20:30:25'),
(500, 498, 1111, 'INV-9463843', '2023-08-14 06:37:07', '2024-04-17 13:59:05', 39, 201.11, 19.0, 'EUR', 'APPROVED', 'Net 30', '2023-08-14 06:37:07');

INSERT INTO payment (payment_id, invoice_id, payment_date, amount, payment_method, reference_number, status, created_at) VALUES
(1, 369, '2024-09-23 22:51:15', 1583.87, 'CREDIT_CARD', 'PAY-657497059', 'PROCESSED', '2024-09-23 22:51:15'),
(2, 300, '2024-05-09 09:07:08', 608.13, 'BANK_TRANSFER', 'PAY-229915642', 'FAILED', '2024-05-09 09:07:08'),
(3, 148, '2023-07-05 16:40:31', 1493.57, 'CREDIT_CARD', 'PAY-487727692', 'FAILED', '2023-07-05 16:40:31'),
(4, 118, '2024-07-19 14:22:44', 1992.22, 'CREDIT_CARD', 'PAY-150745024', 'FAILED', '2024-07-19 14:22:44'),
(5, 456, '2024-03-31 02:24:52', 2181.35, 'BANK_TRANSFER', 'PAY-758640760', 'SCHEDULED', '2024-03-31 02:24:52'),
(6, 151, '2023-03-24 18:43:27', 3618.05, 'CREDIT_CARD', 'PAY-992658945', 'FAILED', '2023-03-24 18:43:27'),
(7, 230, '2024-03-19 19:19:42', 117.05, 'CREDIT_CARD', 'PAY-174533022', 'PROCESSED', '2024-03-19 19:19:42'),
(8, 71, '2024-01-30 16:49:37', 3143.83, 'CREDIT_CARD', 'PAY-518418242', 'PROCESSED', '2024-01-30 16:49:37'),
(9, 463, '2023-10-04 16:08:36', 669.95, 'BANK_TRANSFER', 'PAY-619465733', 'SCHEDULED', '2023-10-04 16:08:36'),
(10, 45, '2023-10-08 23:18:08', 4120.49, 'CREDIT_CARD', 'PAY-671958031', 'PROCESSED', '2023-10-08 23:18:08'),
(11, 46, '2024-08-06 05:41:03', 4734.48, 'BANK_TRANSFER', 'PAY-889665290', 'PROCESSED', '2024-08-06 05:41:03'),
(12, 35, '2024-07-12 04:03:49', 2487.85, 'BANK_TRANSFER', 'PAY-177950618', 'PROCESSED', '2024-07-12 04:03:49'),
(13, 373, '2024-09-08 21:21:06', 4350.32, 'CREDIT_CARD', 'PAY-602284149', 'SCHEDULED', '2024-09-08 21:21:06'),
(14, 398, '2023-02-17 16:19:08', 3632.37, 'CHECK', 'PAY-337297689', 'SCHEDULED', '2023-02-17 16:19:08'),
(15, 395, '2024-05-26 15:43:50', 2848.73, 'CHECK', 'PAY-769156724', 'SCHEDULED', '2024-05-26 15:43:50'),
(16, 221, '2023-11-01 02:55:12', 1452.07, 'BANK_TRANSFER', 'PAY-776482304', 'SCHEDULED', '2023-11-01 02:55:12'),
(17, 165, '2024-03-14 20:48:32', 1190.01, 'CREDIT_CARD', 'PAY-922439573', 'PROCESSED', '2024-03-14 20:48:32'),
(18, 199, '2024-08-30 12:46:54', 2411.06, 'BANK_TRANSFER', 'PAY-962766137', 'FAILED', '2024-08-30 12:46:54'),
(19, 377, '2023-03-17 11:26:55', 4873.37, 'CHECK', 'PAY-624372580', 'FAILED', '2023-03-17 11:26:55'),
(20, 206, '2024-02-09 02:30:51', 3574.59, 'BANK_TRANSFER', 'PAY-832447999', 'PROCESSED', '2024-02-09 02:30:51'),
(21, 387, '2023-04-27 19:10:06', 4568.0, 'CHECK', 'PAY-690849463', 'SCHEDULED', '2023-04-27 19:10:06'),
(22, 197, '2024-03-09 03:33:59', 2637.78, 'CREDIT_CARD', 'PAY-300296666', 'PROCESSED', '2024-03-09 03:33:59'),
(23, 306, '2023-07-06 02:11:38', 359.91, 'CHECK', 'PAY-830327230', 'PROCESSED', '2023-07-06 02:11:38'),
(24, 241, '2024-12-29 14:13:15', 1755.46, 'CHECK', 'PAY-174178205', 'FAILED', '2024-12-29 14:13:15'),
(25, 225, '2024-01-26 11:11:58', 1316.91, 'CREDIT_CARD', 'PAY-967273520', 'FAILED', '2024-01-26 11:11:58'),
(26, 349, '2023-05-28 02:59:20', 2098.72, 'CREDIT_CARD', 'PAY-332847425', 'FAILED', '2023-05-28 02:59:20'),
(27, 447, '2025-01-17 10:05:27', 4898.22, 'CHECK', 'PAY-425568716', 'FAILED', '2025-01-17 10:05:27'),
(28, 136, '2023-11-19 03:54:27', 213.86, 'CREDIT_CARD', 'PAY-740681584', 'FAILED', '2023-11-19 03:54:27'),
(29, 359, '2023-08-28 07:40:35', 3148.25, 'BANK_TRANSFER', 'PAY-304933508', 'PROCESSED', '2023-08-28 07:40:35'),
(30, 72, '2024-01-26 19:22:03', 3933.34, 'BANK_TRANSFER', 'PAY-239944605', 'SCHEDULED', '2024-01-26 19:22:03'),
(31, 174, '2024-02-03 15:53:24', 2753.93, 'BANK_TRANSFER', 'PAY-354697472', 'PROCESSED', '2024-02-03 15:53:24'),
(32, 488, '2024-12-04 19:15:15', 4326.19, 'CHECK', 'PAY-157600434', 'PROCESSED', '2024-12-04 19:15:15'),
(33, 291, '2024-06-30 04:31:07', 543.56, 'CREDIT_CARD', 'PAY-334016608', 'SCHEDULED', '2024-06-30 04:31:07'),
(34, 381, '2024-01-11 09:26:56', 338.24, 'CREDIT_CARD', 'PAY-142158565', 'SCHEDULED', '2024-01-11 09:26:56'),
(35, 169, '2024-12-10 16:22:41', 4020.52, 'BANK_TRANSFER', 'PAY-212370144', 'SCHEDULED', '2024-12-10 16:22:41'),
(36, 203, '2024-02-27 19:32:15', 3503.37, 'CHECK', 'PAY-208022659', 'FAILED', '2024-02-27 19:32:15'),
(37, 318, '2023-10-20 22:17:26', 1985.95, 'CREDIT_CARD', 'PAY-251050409', 'FAILED', '2023-10-20 22:17:26'),
(38, 140, '2024-03-15 09:40:35', 3326.85, 'BANK_TRANSFER', 'PAY-402239045', 'SCHEDULED', '2024-03-15 09:40:35'),
(39, 251, '2024-11-05 01:48:20', 657.91, 'BANK_TRANSFER', 'PAY-431267697', 'FAILED', '2024-11-05 01:48:20'),
(40, 498, '2024-07-18 00:52:04', 4787.06, 'BANK_TRANSFER', 'PAY-643317894', 'FAILED', '2024-07-18 00:52:04'),
(41, 333, '2023-10-06 11:50:41', 3806.01, 'CHECK', 'PAY-127124840', 'PROCESSED', '2023-10-06 11:50:41'),
(42, 40, '2023-11-17 14:05:52', 1370.6, 'CREDIT_CARD', 'PAY-256696363', 'SCHEDULED', '2023-11-17 14:05:52'),
(43, 229, '2024-02-04 03:12:47', 3954.72, 'CHECK', 'PAY-905350346', 'PROCESSED', '2024-02-04 03:12:47'),
(44, 181, '2023-06-11 04:13:52', 361.07, 'BANK_TRANSFER', 'PAY-774726526', 'FAILED', '2023-06-11 04:13:52'),
(45, 192, '2023-08-25 19:09:01', 2564.08, 'CREDIT_CARD', 'PAY-688167691', 'SCHEDULED', '2023-08-25 19:09:01'),
(46, 163, '2023-10-03 06:04:40', 2006.6, 'CREDIT_CARD', 'PAY-363609965', 'SCHEDULED', '2023-10-03 06:04:40'),
(47, 57, '2024-03-26 17:43:59', 2311.71, 'CREDIT_CARD', 'PAY-593296863', 'PROCESSED', '2024-03-26 17:43:59'),
(48, 278, '2025-01-08 10:00:34', 3158.98, 'BANK_TRANSFER', 'PAY-468561125', 'FAILED', '2025-01-08 10:00:34'),
(49, 201, '2024-09-24 10:01:08', 2676.45, 'BANK_TRANSFER', 'PAY-391807770', 'FAILED', '2024-09-24 10:01:08'),
(50, 99, '2023-12-11 05:10:00', 1912.33, 'CREDIT_CARD', 'PAY-555860780', 'FAILED', '2023-12-11 05:10:00'),
(51, 310, '2024-04-11 12:34:29', 1888.87, 'CREDIT_CARD', 'PAY-319555291', 'FAILED', '2024-04-11 12:34:29'),
(52, 210, '2023-05-11 04:58:01', 290.13, 'CREDIT_CARD', 'PAY-972036135', 'FAILED', '2023-05-11 04:58:01'),
(53, 344, '2024-02-16 03:54:50', 2520.2, 'CHECK', 'PAY-215313472', 'FAILED', '2024-02-16 03:54:50'),
(54, 324, '2023-05-17 12:00:58', 633.14, 'CHECK', 'PAY-330539897', 'FAILED', '2023-05-17 12:00:58'),
(55, 174, '2024-10-20 03:14:46', 3308.73, 'CREDIT_CARD', 'PAY-652622284', 'FAILED', '2024-10-20 03:14:46'),
(56, 370, '2024-01-31 21:22:02', 1308.75, 'BANK_TRANSFER', 'PAY-981566525', 'FAILED', '2024-01-31 21:22:02'),
(57, 100, '2023-01-03 17:00:01', 126.24, 'CREDIT_CARD', 'PAY-874374134', 'SCHEDULED', '2023-01-03 17:00:01'),
(58, 103, '2024-09-25 20:52:17', 2014.96, 'BANK_TRANSFER', 'PAY-199638766', 'PROCESSED', '2024-09-25 20:52:17'),
(59, 284, '2023-06-25 20:21:54', 520.87, 'CHECK', 'PAY-201383221', 'SCHEDULED', '2023-06-25 20:21:54'),
(60, 260, '2023-06-15 06:33:17', 931.84, 'BANK_TRANSFER', 'PAY-546890965', 'FAILED', '2023-06-15 06:33:17'),
(61, 258, '2025-02-17 15:51:33', 3231.82, 'BANK_TRANSFER', 'PAY-880240339', 'PROCESSED', '2025-02-17 15:51:33'),
(62, 137, '2023-12-11 22:33:28', 697.69, 'CREDIT_CARD', 'PAY-190263732', 'SCHEDULED', '2023-12-11 22:33:28'),
(63, 382, '2024-10-12 09:34:29', 1241.38, 'BANK_TRANSFER', 'PAY-614653016', 'FAILED', '2024-10-12 09:34:29'),
(64, 97, '2024-06-24 01:18:42', 1229.03, 'CHECK', 'PAY-693680748', 'SCHEDULED', '2024-06-24 01:18:42'),
(65, 267, '2023-11-12 13:26:49', 4674.66, 'BANK_TRANSFER', 'PAY-148527029', 'FAILED', '2023-11-12 13:26:49'),
(66, 19, '2023-02-13 08:03:21', 2506.52, 'BANK_TRANSFER', 'PAY-231399753', 'PROCESSED', '2023-02-13 08:03:21'),
(67, 431, '2024-03-15 19:07:50', 1338.81, 'CHECK', 'PAY-833630669', 'SCHEDULED', '2024-03-15 19:07:50'),
(68, 355, '2024-12-04 22:10:53', 2877.78, 'BANK_TRANSFER', 'PAY-213234196', 'PROCESSED', '2024-12-04 22:10:53'),
(69, 148, '2024-02-14 08:01:18', 3226.75, 'CHECK', 'PAY-289018661', 'FAILED', '2024-02-14 08:01:18'),
(70, 235, '2024-12-26 00:29:54', 1509.0, 'CREDIT_CARD', 'PAY-964707959', 'SCHEDULED', '2024-12-26 00:29:54'),
(71, 302, '2024-01-22 21:39:32', 2031.51, 'CHECK', 'PAY-642435487', 'FAILED', '2024-01-22 21:39:32'),
(72, 234, '2023-12-06 23:08:42', 2203.77, 'CREDIT_CARD', 'PAY-527945659', 'PROCESSED', '2023-12-06 23:08:42'),
(73, 436, '2023-10-27 17:21:54', 3375.24, 'BANK_TRANSFER', 'PAY-263572135', 'FAILED', '2023-10-27 17:21:54'),
(74, 262, '2023-10-09 23:35:44', 3726.62, 'CREDIT_CARD', 'PAY-388129953', 'SCHEDULED', '2023-10-09 23:35:44'),
(75, 249, '2023-02-28 23:13:49', 1656.53, 'CREDIT_CARD', 'PAY-479633184', 'SCHEDULED', '2023-02-28 23:13:49'),
(76, 255, '2024-12-26 10:18:22', 789.11, 'CREDIT_CARD', 'PAY-716089169', 'FAILED', '2024-12-26 10:18:22'),
(77, 498, '2024-01-24 23:48:15', 1529.62, 'CHECK', 'PAY-617871045', 'SCHEDULED', '2024-01-24 23:48:15'),
(78, 451, '2023-05-30 17:44:13', 344.64, 'CREDIT_CARD', 'PAY-600139198', 'FAILED', '2023-05-30 17:44:13'),
(79, 1, '2025-02-15 20:02:36', 1718.38, 'CHECK', 'PAY-439385422', 'SCHEDULED', '2025-02-15 20:02:36'),
(80, 209, '2024-07-29 00:11:19', 455.27, 'BANK_TRANSFER', 'PAY-813597845', 'FAILED', '2024-07-29 00:11:19'),
(81, 75, '2024-04-02 07:39:40', 3699.81, 'BANK_TRANSFER', 'PAY-605867105', 'SCHEDULED', '2024-04-02 07:39:40'),
(82, 242, '2023-06-21 07:24:35', 566.22, 'CHECK', 'PAY-792455292', 'PROCESSED', '2023-06-21 07:24:35'),
(83, 217, '2024-09-26 21:17:31', 3654.38, 'CHECK', 'PAY-192995378', 'FAILED', '2024-09-26 21:17:31'),
(84, 337, '2024-10-08 22:41:02', 3325.98, 'BANK_TRANSFER', 'PAY-609860458', 'PROCESSED', '2024-10-08 22:41:02'),
(85, 257, '2023-06-18 11:58:05', 4188.39, 'BANK_TRANSFER', 'PAY-731085565', 'FAILED', '2023-06-18 11:58:05'),
(86, 304, '2023-02-12 18:09:35', 4976.98, 'CHECK', 'PAY-996411405', 'FAILED', '2023-02-12 18:09:35'),
(87, 454, '2023-09-26 07:38:49', 922.04, 'CREDIT_CARD', 'PAY-823378485', 'PROCESSED', '2023-09-26 07:38:49'),
(88, 358, '2023-12-26 23:35:10', 1276.89, 'CREDIT_CARD', 'PAY-225743403', 'PROCESSED', '2023-12-26 23:35:10'),
(89, 187, '2024-02-15 18:27:07', 502.0, 'BANK_TRANSFER', 'PAY-377567915', 'FAILED', '2024-02-15 18:27:07'),
(90, 131, '2023-08-03 03:45:41', 117.24, 'CREDIT_CARD', 'PAY-953974753', 'PROCESSED', '2023-08-03 03:45:41'),
(91, 252, '2023-01-19 04:28:28', 4215.15, 'BANK_TRANSFER', 'PAY-657417807', 'PROCESSED', '2023-01-19 04:28:28'),
(92, 309, '2024-06-09 05:58:51', 4784.37, 'BANK_TRANSFER', 'PAY-186003423', 'PROCESSED', '2024-06-09 05:58:51'),
(93, 262, '2024-07-25 09:21:57', 3754.27, 'BANK_TRANSFER', 'PAY-979267697', 'SCHEDULED', '2024-07-25 09:21:57'),
(94, 71, '2024-06-16 10:52:52', 1011.29, 'BANK_TRANSFER', 'PAY-483514105', 'PROCESSED', '2024-06-16 10:52:52'),
(95, 379, '2024-10-28 16:04:12', 2727.35, 'CHECK', 'PAY-307813765', 'SCHEDULED', '2024-10-28 16:04:12'),
(96, 188, '2023-12-01 15:00:10', 3132.46, 'CREDIT_CARD', 'PAY-171194571', 'PROCESSED', '2023-12-01 15:00:10'),
(97, 444, '2023-07-17 17:14:12', 1252.53, 'CHECK', 'PAY-997217283', 'PROCESSED', '2023-07-17 17:14:12'),
(98, 226, '2023-09-10 07:04:15', 4575.27, 'CREDIT_CARD', 'PAY-542380612', 'PROCESSED', '2023-09-10 07:04:15'),
(99, 31, '2025-02-06 17:02:37', 4786.87, 'BANK_TRANSFER', 'PAY-754758784', 'PROCESSED', '2025-02-06 17:02:37'),
(100, 492, '2023-02-12 23:57:41', 124.83, 'BANK_TRANSFER', 'PAY-341502524', 'FAILED', '2023-02-12 23:57:41'),
(101, 466, '2023-05-19 08:42:38', 3172.46, 'BANK_TRANSFER', 'PAY-323614071', 'SCHEDULED', '2023-05-19 08:42:38'),
(102, 15, '2023-11-29 20:24:20', 783.56, 'BANK_TRANSFER', 'PAY-860291015', 'SCHEDULED', '2023-11-29 20:24:20'),
(103, 431, '2024-12-19 17:20:05', 3844.9, 'CREDIT_CARD', 'PAY-446259115', 'PROCESSED', '2024-12-19 17:20:05'),
(104, 382, '2024-12-24 04:21:07', 2607.16, 'BANK_TRANSFER', 'PAY-424663085', 'FAILED', '2024-12-24 04:21:07'),
(105, 461, '2023-01-16 09:34:16', 1557.43, 'CREDIT_CARD', 'PAY-253357306', 'SCHEDULED', '2023-01-16 09:34:16'),
(106, 222, '2024-07-06 16:38:35', 4734.49, 'BANK_TRANSFER', 'PAY-727593897', 'SCHEDULED', '2024-07-06 16:38:35'),
(107, 386, '2023-08-14 22:23:04', 3785.02, 'CREDIT_CARD', 'PAY-886710769', 'FAILED', '2023-08-14 22:23:04'),
(108, 259, '2024-07-28 05:58:51', 3666.68, 'CHECK', 'PAY-885559677', 'SCHEDULED', '2024-07-28 05:58:51'),
(109, 400, '2024-02-06 19:34:29', 2467.36, 'CREDIT_CARD', 'PAY-495895589', 'FAILED', '2024-02-06 19:34:29'),
(110, 434, '2024-05-04 04:00:44', 3106.81, 'CHECK', 'PAY-565079551', 'PROCESSED', '2024-05-04 04:00:44'),
(111, 218, '2023-02-15 22:37:25', 904.3, 'CHECK', 'PAY-613643969', 'PROCESSED', '2023-02-15 22:37:25'),
(112, 421, '2023-02-02 13:18:18', 139.51, 'CREDIT_CARD', 'PAY-230264075', 'FAILED', '2023-02-02 13:18:18'),
(113, 248, '2023-12-27 16:46:15', 3243.04, 'BANK_TRANSFER', 'PAY-178210627', 'PROCESSED', '2023-12-27 16:46:15'),
(114, 261, '2023-12-20 16:03:00', 3934.89, 'BANK_TRANSFER', 'PAY-536264462', 'SCHEDULED', '2023-12-20 16:03:00'),
(115, 9, '2025-01-22 00:17:27', 384.76, 'CREDIT_CARD', 'PAY-779850271', 'SCHEDULED', '2025-01-22 00:17:27'),
(116, 357, '2024-10-11 04:13:16', 4543.09, 'BANK_TRANSFER', 'PAY-741472744', 'SCHEDULED', '2024-10-11 04:13:16'),
(117, 190, '2023-06-23 20:58:02', 228.12, 'BANK_TRANSFER', 'PAY-159384982', 'SCHEDULED', '2023-06-23 20:58:02'),
(118, 252, '2023-07-01 15:23:53', 3679.24, 'BANK_TRANSFER', 'PAY-999301827', 'FAILED', '2023-07-01 15:23:53'),
(119, 478, '2023-12-06 20:09:52', 388.2, 'BANK_TRANSFER', 'PAY-265202927', 'PROCESSED', '2023-12-06 20:09:52'),
(120, 390, '2023-04-10 12:36:52', 3635.36, 'CHECK', 'PAY-661599188', 'PROCESSED', '2023-04-10 12:36:52'),
(121, 325, '2024-12-08 19:00:11', 2543.15, 'CREDIT_CARD', 'PAY-922340139', 'SCHEDULED', '2024-12-08 19:00:11'),
(122, 35, '2024-12-23 11:55:06', 726.59, 'CREDIT_CARD', 'PAY-610753377', 'PROCESSED', '2024-12-23 11:55:06'),
(123, 314, '2023-05-19 17:21:30', 4692.85, 'BANK_TRANSFER', 'PAY-149534265', 'SCHEDULED', '2023-05-19 17:21:30'),
(124, 223, '2024-06-26 13:34:13', 4016.3, 'BANK_TRANSFER', 'PAY-568933596', 'PROCESSED', '2024-06-26 13:34:13'),
(125, 192, '2023-09-28 09:28:05', 4793.38, 'CHECK', 'PAY-244326231', 'FAILED', '2023-09-28 09:28:05'),
(126, 161, '2023-10-24 21:58:34', 945.99, 'CREDIT_CARD', 'PAY-782900054', 'FAILED', '2023-10-24 21:58:34'),
(127, 14, '2023-09-21 03:39:51', 2769.55, 'CREDIT_CARD', 'PAY-161711218', 'PROCESSED', '2023-09-21 03:39:51'),
(128, 311, '2023-08-28 03:04:52', 664.84, 'CREDIT_CARD', 'PAY-917887712', 'SCHEDULED', '2023-08-28 03:04:52'),
(129, 261, '2023-07-09 11:36:11', 3394.11, 'CREDIT_CARD', 'PAY-261871668', 'PROCESSED', '2023-07-09 11:36:11'),
(130, 74, '2024-09-27 19:31:39', 3452.44, 'CHECK', 'PAY-850160150', 'SCHEDULED', '2024-09-27 19:31:39'),
(131, 102, '2023-12-06 16:45:38', 1171.09, 'CREDIT_CARD', 'PAY-962446341', 'FAILED', '2023-12-06 16:45:38'),
(132, 28, '2024-09-19 18:12:33', 382.98, 'CREDIT_CARD', 'PAY-751578905', 'PROCESSED', '2024-09-19 18:12:33'),
(133, 283, '2023-11-14 06:23:18', 2189.71, 'CHECK', 'PAY-830698584', 'FAILED', '2023-11-14 06:23:18'),
(134, 318, '2023-03-25 14:25:29', 3988.9, 'BANK_TRANSFER', 'PAY-182908398', 'FAILED', '2023-03-25 14:25:29'),
(135, 159, '2023-02-26 03:36:32', 4663.87, 'CHECK', 'PAY-993834344', 'SCHEDULED', '2023-02-26 03:36:32'),
(136, 284, '2025-02-14 03:54:38', 3173.53, 'BANK_TRANSFER', 'PAY-621673766', 'FAILED', '2025-02-14 03:54:38'),
(137, 364, '2023-01-29 20:28:17', 3418.36, 'CREDIT_CARD', 'PAY-428914051', 'SCHEDULED', '2023-01-29 20:28:17'),
(138, 345, '2025-02-08 21:05:05', 2072.6, 'BANK_TRANSFER', 'PAY-383376946', 'SCHEDULED', '2025-02-08 21:05:05'),
(139, 288, '2024-04-20 13:37:26', 4857.73, 'CREDIT_CARD', 'PAY-278372605', 'SCHEDULED', '2024-04-20 13:37:26'),
(140, 444, '2023-04-01 08:51:12', 2999.09, 'CREDIT_CARD', 'PAY-361810752', 'SCHEDULED', '2023-04-01 08:51:12'),
(141, 325, '2024-01-26 03:03:16', 1931.48, 'CHECK', 'PAY-991751069', 'PROCESSED', '2024-01-26 03:03:16'),
(142, 12, '2023-10-17 17:17:00', 3097.04, 'CREDIT_CARD', 'PAY-673670809', 'FAILED', '2023-10-17 17:17:00'),
(143, 394, '2023-01-22 23:52:57', 81.53, 'CREDIT_CARD', 'PAY-579932249', 'PROCESSED', '2023-01-22 23:52:57'),
(144, 463, '2024-12-21 20:01:12', 2833.63, 'CREDIT_CARD', 'PAY-131465310', 'PROCESSED', '2024-12-21 20:01:12'),
(145, 251, '2023-01-27 02:00:13', 3948.66, 'CHECK', 'PAY-881571104', 'PROCESSED', '2023-01-27 02:00:13'),
(146, 315, '2023-11-02 11:52:18', 2816.74, 'CHECK', 'PAY-352727779', 'SCHEDULED', '2023-11-02 11:52:18'),
(147, 29, '2024-05-14 11:44:38', 575.61, 'CHECK', 'PAY-125291631', 'FAILED', '2024-05-14 11:44:38'),
(148, 475, '2024-06-26 05:06:45', 3670.87, 'CHECK', 'PAY-721336536', 'PROCESSED', '2024-06-26 05:06:45'),
(149, 88, '2023-12-16 03:08:48', 3696.97, 'CREDIT_CARD', 'PAY-542240406', 'PROCESSED', '2023-12-16 03:08:48'),
(150, 112, '2023-11-14 08:17:34', 4431.61, 'CREDIT_CARD', 'PAY-715320807', 'FAILED', '2023-11-14 08:17:34'),
(151, 245, '2023-04-05 22:05:08', 637.28, 'CREDIT_CARD', 'PAY-254025785', 'SCHEDULED', '2023-04-05 22:05:08'),
(152, 290, '2024-03-19 14:46:07', 1173.23, 'CHECK', 'PAY-283538391', 'PROCESSED', '2024-03-19 14:46:07'),
(153, 73, '2023-07-08 08:24:52', 284.49, 'CREDIT_CARD', 'PAY-783601255', 'PROCESSED', '2023-07-08 08:24:52'),
(154, 257, '2024-07-25 13:54:47', 615.76, 'CREDIT_CARD', 'PAY-194141551', 'SCHEDULED', '2024-07-25 13:54:47'),
(155, 15, '2024-03-09 19:31:21', 2372.23, 'CREDIT_CARD', 'PAY-637388263', 'SCHEDULED', '2024-03-09 19:31:21'),
(156, 145, '2024-10-05 12:41:53', 70.23, 'CREDIT_CARD', 'PAY-931073554', 'FAILED', '2024-10-05 12:41:53'),
(157, 102, '2023-09-05 18:42:04', 1452.39, 'BANK_TRANSFER', 'PAY-368431179', 'FAILED', '2023-09-05 18:42:04'),
(158, 256, '2023-06-26 11:33:35', 1697.17, 'CREDIT_CARD', 'PAY-883222220', 'FAILED', '2023-06-26 11:33:35'),
(159, 286, '2024-12-09 08:43:08', 4286.97, 'BANK_TRANSFER', 'PAY-913136598', 'SCHEDULED', '2024-12-09 08:43:08'),
(160, 489, '2023-10-18 15:59:42', 3086.06, 'CHECK', 'PAY-813253299', 'FAILED', '2023-10-18 15:59:42'),
(161, 407, '2024-04-03 23:30:46', 747.2, 'CREDIT_CARD', 'PAY-991624349', 'SCHEDULED', '2024-04-03 23:30:46'),
(162, 252, '2024-03-12 05:16:23', 4752.98, 'BANK_TRANSFER', 'PAY-738396062', 'PROCESSED', '2024-03-12 05:16:23'),
(163, 221, '2024-09-30 15:13:10', 3665.67, 'CREDIT_CARD', 'PAY-682835576', 'SCHEDULED', '2024-09-30 15:13:10'),
(164, 105, '2023-03-16 06:31:47', 4931.05, 'CHECK', 'PAY-927900122', 'FAILED', '2023-03-16 06:31:47'),
(165, 476, '2024-08-03 09:27:37', 1822.09, 'BANK_TRANSFER', 'PAY-159797454', 'SCHEDULED', '2024-08-03 09:27:37'),
(166, 224, '2024-05-15 08:47:32', 896.31, 'BANK_TRANSFER', 'PAY-205123758', 'PROCESSED', '2024-05-15 08:47:32'),
(167, 375, '2023-09-01 17:34:21', 1896.22, 'CREDIT_CARD', 'PAY-105524100', 'PROCESSED', '2023-09-01 17:34:21'),
(168, 76, '2023-07-31 06:08:47', 352.58, 'BANK_TRANSFER', 'PAY-569521637', 'FAILED', '2023-07-31 06:08:47'),
(169, 379, '2023-09-14 01:07:36', 2669.74, 'CHECK', 'PAY-477707396', 'SCHEDULED', '2023-09-14 01:07:36'),
(170, 36, '2023-08-17 09:17:20', 3001.35, 'CREDIT_CARD', 'PAY-414443748', 'SCHEDULED', '2023-08-17 09:17:20'),
(171, 323, '2024-09-15 04:16:43', 1952.26, 'CHECK', 'PAY-375563163', 'FAILED', '2024-09-15 04:16:43'),
(172, 153, '2024-10-09 05:12:32', 2086.39, 'CHECK', 'PAY-231411170', 'FAILED', '2024-10-09 05:12:32'),
(173, 433, '2023-06-11 21:14:01', 3477.29, 'CHECK', 'PAY-380990801', 'SCHEDULED', '2023-06-11 21:14:01'),
(174, 233, '2024-05-30 19:31:14', 1333.88, 'BANK_TRANSFER', 'PAY-965341877', 'PROCESSED', '2024-05-30 19:31:14'),
(175, 45, '2024-05-14 14:40:04', 4561.8, 'BANK_TRANSFER', 'PAY-196584051', 'FAILED', '2024-05-14 14:40:04'),
(176, 342, '2024-04-05 15:24:50', 3359.43, 'CREDIT_CARD', 'PAY-897115069', 'FAILED', '2024-04-05 15:24:50'),
(177, 217, '2023-06-19 07:03:23', 3739.91, 'CREDIT_CARD', 'PAY-487165760', 'PROCESSED', '2023-06-19 07:03:23'),
(178, 185, '2023-07-17 10:45:36', 1162.73, 'CREDIT_CARD', 'PAY-801833430', 'FAILED', '2023-07-17 10:45:36'),
(179, 129, '2023-06-26 09:51:37', 1848.3, 'BANK_TRANSFER', 'PAY-814639037', 'SCHEDULED', '2023-06-26 09:51:37'),
(180, 156, '2024-07-17 19:42:07', 465.27, 'BANK_TRANSFER', 'PAY-431713720', 'FAILED', '2024-07-17 19:42:07'),
(181, 297, '2024-06-20 05:06:32', 2429.07, 'CREDIT_CARD', 'PAY-282793409', 'FAILED', '2024-06-20 05:06:32'),
(182, 265, '2024-01-05 22:25:01', 4820.33, 'BANK_TRANSFER', 'PAY-150209632', 'PROCESSED', '2024-01-05 22:25:01'),
(183, 48, '2024-07-26 05:21:15', 2069.07, 'CHECK', 'PAY-531508031', 'SCHEDULED', '2024-07-26 05:21:15'),
(184, 304, '2025-01-08 13:16:23', 3506.61, 'BANK_TRANSFER', 'PAY-790838298', 'PROCESSED', '2025-01-08 13:16:23'),
(185, 9, '2024-11-25 13:50:16', 1681.28, 'CREDIT_CARD', 'PAY-337160896', 'SCHEDULED', '2024-11-25 13:50:16'),
(186, 98, '2023-09-15 08:01:27', 2840.73, 'CHECK', 'PAY-290025185', 'PROCESSED', '2023-09-15 08:01:27'),
(187, 247, '2024-05-06 11:49:05', 3739.91, 'CHECK', 'PAY-456509918', 'SCHEDULED', '2024-05-06 11:49:05'),
(188, 153, '2024-10-29 06:05:07', 3977.92, 'CREDIT_CARD', 'PAY-847944675', 'PROCESSED', '2024-10-29 06:05:07'),
(189, 243, '2025-02-19 12:52:31', 482.07, 'CREDIT_CARD', 'PAY-569076918', 'SCHEDULED', '2025-02-19 12:52:31'),
(190, 396, '2023-01-28 22:23:16', 4313.91, 'BANK_TRANSFER', 'PAY-634293391', 'SCHEDULED', '2023-01-28 22:23:16'),
(191, 110, '2024-01-23 16:12:02', 642.07, 'CREDIT_CARD', 'PAY-560291398', 'PROCESSED', '2024-01-23 16:12:02'),
(192, 284, '2023-03-03 20:47:13', 3240.67, 'CREDIT_CARD', 'PAY-495168813', 'SCHEDULED', '2023-03-03 20:47:13'),
(193, 412, '2023-05-15 19:34:19', 3314.86, 'CREDIT_CARD', 'PAY-714920038', 'PROCESSED', '2023-05-15 19:34:19'),
(194, 210, '2024-05-25 20:32:00', 3497.3, 'CREDIT_CARD', 'PAY-712960281', 'SCHEDULED', '2024-05-25 20:32:00'),
(195, 307, '2023-09-10 17:55:10', 1116.44, 'CHECK', 'PAY-141037678', 'PROCESSED', '2023-09-10 17:55:10'),
(196, 311, '2024-03-25 05:17:22', 1774.19, 'BANK_TRANSFER', 'PAY-836351880', 'SCHEDULED', '2024-03-25 05:17:22'),
(197, 317, '2024-01-01 21:41:47', 4560.0, 'BANK_TRANSFER', 'PAY-555011346', 'PROCESSED', '2024-01-01 21:41:47'),
(198, 59, '2024-01-23 04:50:06', 1561.09, 'CREDIT_CARD', 'PAY-204506381', 'SCHEDULED', '2024-01-23 04:50:06'),
(199, 342, '2023-12-21 17:11:04', 2593.48, 'CREDIT_CARD', 'PAY-518934257', 'PROCESSED', '2023-12-21 17:11:04'),
(200, 481, '2023-06-06 18:25:47', 4470.13, 'CREDIT_CARD', 'PAY-953501035', 'FAILED', '2023-06-06 18:25:47'),
(201, 400, '2024-09-25 10:54:08', 1199.77, 'CREDIT_CARD', 'PAY-759436153', 'PROCESSED', '2024-09-25 10:54:08'),
(202, 340, '2023-02-16 09:55:27', 3613.94, 'CHECK', 'PAY-791291227', 'FAILED', '2023-02-16 09:55:27'),
(203, 453, '2023-11-03 13:04:46', 2373.15, 'CREDIT_CARD', 'PAY-771600511', 'SCHEDULED', '2023-11-03 13:04:46'),
(204, 253, '2023-04-10 18:18:37', 3401.44, 'CHECK', 'PAY-824313340', 'FAILED', '2023-04-10 18:18:37'),
(205, 84, '2024-12-30 07:24:29', 2281.59, 'CHECK', 'PAY-591752960', 'PROCESSED', '2024-12-30 07:24:29'),
(206, 420, '2023-12-16 05:46:39', 4685.1, 'BANK_TRANSFER', 'PAY-330040865', 'SCHEDULED', '2023-12-16 05:46:39'),
(207, 324, '2024-10-14 20:11:52', 3846.03, 'CHECK', 'PAY-928098022', 'SCHEDULED', '2024-10-14 20:11:52'),
(208, 273, '2023-04-17 13:01:00', 4111.58, 'CHECK', 'PAY-937082246', 'PROCESSED', '2023-04-17 13:01:00'),
(209, 179, '2024-01-05 03:55:19', 1347.73, 'BANK_TRANSFER', 'PAY-965908394', 'FAILED', '2024-01-05 03:55:19'),
(210, 154, '2024-11-07 04:20:53', 1362.52, 'CHECK', 'PAY-180222856', 'SCHEDULED', '2024-11-07 04:20:53'),
(211, 437, '2024-03-17 07:36:11', 1049.95, 'CHECK', 'PAY-359060422', 'PROCESSED', '2024-03-17 07:36:11'),
(212, 142, '2023-01-03 07:23:11', 2978.98, 'CHECK', 'PAY-544557289', 'FAILED', '2023-01-03 07:23:11'),
(213, 136, '2023-10-09 17:19:12', 1508.07, 'CHECK', 'PAY-244685255', 'PROCESSED', '2023-10-09 17:19:12'),
(214, 375, '2024-04-30 00:17:08', 2412.06, 'CREDIT_CARD', 'PAY-166456534', 'PROCESSED', '2024-04-30 00:17:08'),
(215, 454, '2023-03-15 14:59:04', 4749.22, 'CREDIT_CARD', 'PAY-654525437', 'FAILED', '2023-03-15 14:59:04'),
(216, 382, '2024-03-29 21:43:21', 4775.64, 'CREDIT_CARD', 'PAY-186223441', 'PROCESSED', '2024-03-29 21:43:21'),
(217, 472, '2024-02-07 11:12:03', 3121.31, 'CREDIT_CARD', 'PAY-619146252', 'FAILED', '2024-02-07 11:12:03'),
(218, 270, '2024-08-12 23:15:18', 4603.04, 'CREDIT_CARD', 'PAY-613487776', 'PROCESSED', '2024-08-12 23:15:18'),
(219, 362, '2023-02-04 10:13:39', 4604.99, 'BANK_TRANSFER', 'PAY-523491542', 'SCHEDULED', '2023-02-04 10:13:39'),
(220, 65, '2023-04-28 07:55:03', 4467.98, 'CREDIT_CARD', 'PAY-485380528', 'SCHEDULED', '2023-04-28 07:55:03'),
(221, 246, '2024-01-02 00:34:57', 1088.85, 'CHECK', 'PAY-859642249', 'SCHEDULED', '2024-01-02 00:34:57'),
(222, 300, '2023-02-14 09:12:22', 1355.15, 'CHECK', 'PAY-540148274', 'FAILED', '2023-02-14 09:12:22'),
(223, 25, '2023-04-07 04:31:14', 1526.37, 'CHECK', 'PAY-278399164', 'SCHEDULED', '2023-04-07 04:31:14'),
(224, 358, '2025-01-01 07:18:25', 976.44, 'CHECK', 'PAY-934338607', 'PROCESSED', '2025-01-01 07:18:25'),
(225, 227, '2024-02-07 16:05:10', 2698.0, 'CREDIT_CARD', 'PAY-222796789', 'FAILED', '2024-02-07 16:05:10'),
(226, 6, '2023-06-12 12:19:26', 3901.52, 'CHECK', 'PAY-787973992', 'SCHEDULED', '2023-06-12 12:19:26'),
(227, 101, '2024-11-30 01:05:55', 2060.5, 'CHECK', 'PAY-926864868', 'FAILED', '2024-11-30 01:05:55'),
(228, 158, '2024-07-28 10:53:55', 611.41, 'BANK_TRANSFER', 'PAY-278193497', 'PROCESSED', '2024-07-28 10:53:55'),
(229, 331, '2023-11-19 01:50:23', 3860.78, 'CREDIT_CARD', 'PAY-993131161', 'SCHEDULED', '2023-11-19 01:50:23'),
(230, 392, '2024-10-03 23:40:55', 1503.05, 'BANK_TRANSFER', 'PAY-523431733', 'FAILED', '2024-10-03 23:40:55'),
(231, 17, '2024-05-10 16:08:08', 2709.56, 'BANK_TRANSFER', 'PAY-602616121', 'PROCESSED', '2024-05-10 16:08:08'),
(232, 238, '2024-06-05 21:57:11', 4715.81, 'BANK_TRANSFER', 'PAY-329220119', 'PROCESSED', '2024-06-05 21:57:11'),
(233, 199, '2023-05-24 04:17:25', 4791.71, 'CHECK', 'PAY-563736818', 'PROCESSED', '2023-05-24 04:17:25'),
(234, 339, '2023-04-19 17:28:17', 577.43, 'CREDIT_CARD', 'PAY-518177246', 'PROCESSED', '2023-04-19 17:28:17'),
(235, 175, '2024-07-20 09:57:12', 768.1, 'CHECK', 'PAY-987561053', 'PROCESSED', '2024-07-20 09:57:12'),
(236, 193, '2024-12-21 21:35:47', 4936.03, 'BANK_TRANSFER', 'PAY-475644121', 'SCHEDULED', '2024-12-21 21:35:47'),
(237, 261, '2023-03-10 17:56:31', 874.99, 'CHECK', 'PAY-970003478', 'PROCESSED', '2023-03-10 17:56:31'),
(238, 364, '2024-04-17 19:25:51', 4521.47, 'BANK_TRANSFER', 'PAY-803138119', 'SCHEDULED', '2024-04-17 19:25:51'),
(239, 73, '2023-06-10 11:05:46', 1672.55, 'CHECK', 'PAY-957608639', 'FAILED', '2023-06-10 11:05:46'),
(240, 312, '2024-02-05 17:11:23', 4486.64, 'BANK_TRANSFER', 'PAY-318051443', 'PROCESSED', '2024-02-05 17:11:23'),
(241, 406, '2024-11-07 12:14:09', 2022.35, 'CREDIT_CARD', 'PAY-859249091', 'FAILED', '2024-11-07 12:14:09'),
(242, 237, '2024-12-13 22:36:22', 1337.85, 'CREDIT_CARD', 'PAY-643386239', 'SCHEDULED', '2024-12-13 22:36:22'),
(243, 38, '2024-08-19 17:48:07', 1328.49, 'CHECK', 'PAY-560144632', 'FAILED', '2024-08-19 17:48:07'),
(244, 228, '2023-01-07 11:01:29', 955.73, 'CHECK', 'PAY-777282534', 'PROCESSED', '2023-01-07 11:01:29'),
(245, 317, '2023-11-09 07:05:17', 459.58, 'CHECK', 'PAY-246697399', 'FAILED', '2023-11-09 07:05:17'),
(246, 251, '2024-02-21 03:34:10', 593.73, 'CHECK', 'PAY-102994412', 'SCHEDULED', '2024-02-21 03:34:10'),
(247, 294, '2024-10-01 11:12:31', 326.66, 'BANK_TRANSFER', 'PAY-234049229', 'PROCESSED', '2024-10-01 11:12:31'),
(248, 143, '2023-04-18 00:47:29', 3361.27, 'CHECK', 'PAY-851803554', 'FAILED', '2023-04-18 00:47:29'),
(249, 433, '2023-09-18 16:02:43', 4031.54, 'CHECK', 'PAY-417623594', 'PROCESSED', '2023-09-18 16:02:43'),
(250, 437, '2024-09-21 13:58:27', 670.88, 'CHECK', 'PAY-633439267', 'SCHEDULED', '2024-09-21 13:58:27'),
(251, 178, '2024-11-11 18:01:00', 3372.51, 'CHECK', 'PAY-796507442', 'FAILED', '2024-11-11 18:01:00'),
(252, 498, '2023-03-09 12:32:56', 2990.04, 'BANK_TRANSFER', 'PAY-727986991', 'PROCESSED', '2023-03-09 12:32:56'),
(253, 154, '2023-12-05 14:07:31', 2418.04, 'BANK_TRANSFER', 'PAY-296716042', 'PROCESSED', '2023-12-05 14:07:31'),
(254, 321, '2024-10-30 14:48:08', 3441.24, 'BANK_TRANSFER', 'PAY-923532872', 'PROCESSED', '2024-10-30 14:48:08'),
(255, 130, '2024-12-12 00:42:47', 1584.07, 'CREDIT_CARD', 'PAY-900229644', 'SCHEDULED', '2024-12-12 00:42:47'),
(256, 259, '2023-03-07 16:29:09', 2436.83, 'CREDIT_CARD', 'PAY-767227398', 'PROCESSED', '2023-03-07 16:29:09'),
(257, 110, '2024-11-23 16:55:26', 3949.63, 'CREDIT_CARD', 'PAY-487330599', 'PROCESSED', '2024-11-23 16:55:26'),
(258, 403, '2023-02-21 06:32:15', 2416.85, 'CHECK', 'PAY-454286381', 'SCHEDULED', '2023-02-21 06:32:15'),
(259, 112, '2024-10-11 03:06:36', 4017.12, 'CHECK', 'PAY-770789202', 'SCHEDULED', '2024-10-11 03:06:36'),
(260, 327, '2023-01-31 04:01:10', 4855.37, 'CREDIT_CARD', 'PAY-293386982', 'SCHEDULED', '2023-01-31 04:01:10'),
(261, 335, '2024-01-06 01:43:18', 77.63, 'CREDIT_CARD', 'PAY-764485108', 'FAILED', '2024-01-06 01:43:18'),
(262, 65, '2023-03-01 19:31:39', 556.38, 'CREDIT_CARD', 'PAY-748638379', 'FAILED', '2023-03-01 19:31:39'),
(263, 180, '2023-09-11 11:42:38', 388.26, 'CHECK', 'PAY-385639155', 'SCHEDULED', '2023-09-11 11:42:38'),
(264, 107, '2024-02-19 23:57:22', 1031.28, 'CHECK', 'PAY-551441022', 'SCHEDULED', '2024-02-19 23:57:22'),
(265, 237, '2023-01-05 06:59:46', 3192.83, 'CREDIT_CARD', 'PAY-938993495', 'FAILED', '2023-01-05 06:59:46'),
(266, 162, '2025-02-01 12:09:36', 2654.22, 'CHECK', 'PAY-178513333', 'SCHEDULED', '2025-02-01 12:09:36'),
(267, 465, '2023-12-01 23:51:37', 4047.37, 'CREDIT_CARD', 'PAY-969631322', 'PROCESSED', '2023-12-01 23:51:37'),
(268, 279, '2023-08-11 15:43:35', 1918.8, 'BANK_TRANSFER', 'PAY-202008944', 'PROCESSED', '2023-08-11 15:43:35'),
(269, 279, '2023-06-12 08:37:49', 1260.56, 'BANK_TRANSFER', 'PAY-890874499', 'FAILED', '2023-06-12 08:37:49'),
(270, 125, '2023-08-27 12:20:22', 2339.22, 'BANK_TRANSFER', 'PAY-393930638', 'FAILED', '2023-08-27 12:20:22'),
(271, 429, '2024-10-27 10:15:07', 813.7, 'BANK_TRANSFER', 'PAY-536569413', 'PROCESSED', '2024-10-27 10:15:07'),
(272, 325, '2024-12-12 12:56:13', 771.98, 'CREDIT_CARD', 'PAY-158790244', 'SCHEDULED', '2024-12-12 12:56:13'),
(273, 277, '2023-05-24 02:39:01', 3115.8, 'BANK_TRANSFER', 'PAY-331237434', 'FAILED', '2023-05-24 02:39:01'),
(274, 492, '2024-09-11 14:55:43', 4942.56, 'BANK_TRANSFER', 'PAY-936932912', 'PROCESSED', '2024-09-11 14:55:43'),
(275, 464, '2024-08-27 21:27:49', 2001.92, 'BANK_TRANSFER', 'PAY-298847647', 'FAILED', '2024-08-27 21:27:49'),
(276, 63, '2024-11-03 14:42:37', 2404.52, 'CREDIT_CARD', 'PAY-467745169', 'SCHEDULED', '2024-11-03 14:42:37'),
(277, 109, '2023-08-28 20:07:32', 4538.43, 'CHECK', 'PAY-180196979', 'SCHEDULED', '2023-08-28 20:07:32'),
(278, 333, '2024-03-11 19:24:25', 4253.09, 'CREDIT_CARD', 'PAY-918386502', 'PROCESSED', '2024-03-11 19:24:25'),
(279, 355, '2024-03-28 01:27:23', 1247.93, 'CREDIT_CARD', 'PAY-279397682', 'SCHEDULED', '2024-03-28 01:27:23'),
(280, 8, '2023-09-26 06:53:24', 4388.78, 'BANK_TRANSFER', 'PAY-664136383', 'SCHEDULED', '2023-09-26 06:53:24'),
(281, 288, '2025-01-18 20:15:21', 3557.96, 'BANK_TRANSFER', 'PAY-708928189', 'FAILED', '2025-01-18 20:15:21'),
(282, 118, '2024-05-21 15:01:29', 2510.4, 'CREDIT_CARD', 'PAY-398267201', 'FAILED', '2024-05-21 15:01:29'),
(283, 441, '2025-02-07 22:01:18', 4787.83, 'CHECK', 'PAY-781821818', 'SCHEDULED', '2025-02-07 22:01:18'),
(284, 372, '2024-02-09 19:27:11', 1175.15, 'CREDIT_CARD', 'PAY-751974770', 'FAILED', '2024-02-09 19:27:11'),
(285, 198, '2023-03-30 06:21:33', 3588.42, 'BANK_TRANSFER', 'PAY-764079282', 'FAILED', '2023-03-30 06:21:33'),
(286, 180, '2024-07-07 20:14:25', 482.01, 'BANK_TRANSFER', 'PAY-167887606', 'SCHEDULED', '2024-07-07 20:14:25'),
(287, 424, '2023-06-17 07:40:24', 742.92, 'CREDIT_CARD', 'PAY-754457365', 'FAILED', '2023-06-17 07:40:24'),
(288, 9, '2023-09-12 11:57:55', 2768.06, 'CHECK', 'PAY-127667324', 'FAILED', '2023-09-12 11:57:55'),
(289, 122, '2024-06-13 20:22:28', 2576.2, 'BANK_TRANSFER', 'PAY-199835056', 'SCHEDULED', '2024-06-13 20:22:28'),
(290, 121, '2024-05-27 09:01:17', 4852.01, 'BANK_TRANSFER', 'PAY-536155655', 'FAILED', '2024-05-27 09:01:17'),
(291, 435, '2024-01-01 11:03:15', 3976.87, 'CREDIT_CARD', 'PAY-920961152', 'FAILED', '2024-01-01 11:03:15'),
(292, 484, '2023-12-26 01:09:20', 3695.5, 'CHECK', 'PAY-447787616', 'PROCESSED', '2023-12-26 01:09:20'),
(293, 51, '2024-08-09 16:32:22', 287.74, 'CREDIT_CARD', 'PAY-196920429', 'SCHEDULED', '2024-08-09 16:32:22'),
(294, 187, '2023-06-06 17:19:00', 4558.76, 'CREDIT_CARD', 'PAY-950271656', 'FAILED', '2023-06-06 17:19:00'),
(295, 15, '2023-08-30 08:29:22', 3273.08, 'BANK_TRANSFER', 'PAY-394656779', 'PROCESSED', '2023-08-30 08:29:22'),
(296, 53, '2024-06-21 16:08:36', 2097.87, 'BANK_TRANSFER', 'PAY-734516829', 'SCHEDULED', '2024-06-21 16:08:36'),
(297, 472, '2023-09-14 00:52:57', 3773.96, 'CHECK', 'PAY-673947416', 'PROCESSED', '2023-09-14 00:52:57'),
(298, 304, '2023-05-10 18:03:58', 2460.86, 'CHECK', 'PAY-749663400', 'SCHEDULED', '2023-05-10 18:03:58'),
(299, 104, '2023-05-10 03:31:57', 4400.9, 'CREDIT_CARD', 'PAY-834579489', 'SCHEDULED', '2023-05-10 03:31:57'),
(300, 224, '2024-02-21 13:30:32', 2842.95, 'CHECK', 'PAY-485079350', 'SCHEDULED', '2024-02-21 13:30:32'),
(301, 160, '2023-01-19 09:46:30', 1505.42, 'CHECK', 'PAY-497558524', 'FAILED', '2023-01-19 09:46:30'),
(302, 362, '2024-05-05 16:57:16', 2657.92, 'CREDIT_CARD', 'PAY-446045881', 'FAILED', '2024-05-05 16:57:16'),
(303, 151, '2023-07-10 08:54:35', 3938.13, 'CHECK', 'PAY-720481577', 'PROCESSED', '2023-07-10 08:54:35'),
(304, 188, '2024-11-17 08:23:53', 2066.55, 'BANK_TRANSFER', 'PAY-776237896', 'FAILED', '2024-11-17 08:23:53'),
(305, 244, '2023-11-23 05:47:38', 1881.29, 'BANK_TRANSFER', 'PAY-733166632', 'FAILED', '2023-11-23 05:47:38'),
(306, 16, '2023-03-23 13:48:46', 3243.68, 'BANK_TRANSFER', 'PAY-323017000', 'FAILED', '2023-03-23 13:48:46'),
(307, 144, '2024-03-23 22:55:46', 1732.64, 'BANK_TRANSFER', 'PAY-932423954', 'SCHEDULED', '2024-03-23 22:55:46'),
(308, 258, '2023-05-15 14:15:37', 881.79, 'CHECK', 'PAY-301145958', 'PROCESSED', '2023-05-15 14:15:37'),
(309, 215, '2023-12-05 09:50:24', 1018.0, 'BANK_TRANSFER', 'PAY-703118360', 'FAILED', '2023-12-05 09:50:24'),
(310, 416, '2024-05-13 19:32:14', 4598.36, 'CHECK', 'PAY-913080426', 'SCHEDULED', '2024-05-13 19:32:14'),
(311, 77, '2023-12-22 13:02:52', 4748.07, 'BANK_TRANSFER', 'PAY-854834883', 'SCHEDULED', '2023-12-22 13:02:52'),
(312, 421, '2023-04-13 19:24:55', 2614.53, 'BANK_TRANSFER', 'PAY-882518479', 'PROCESSED', '2023-04-13 19:24:55'),
(313, 17, '2024-09-08 22:25:30', 2012.73, 'CHECK', 'PAY-182592052', 'FAILED', '2024-09-08 22:25:30'),
(314, 71, '2024-12-01 05:12:35', 1863.71, 'CREDIT_CARD', 'PAY-723892099', 'PROCESSED', '2024-12-01 05:12:35'),
(315, 113, '2024-05-27 14:57:50', 3019.37, 'CHECK', 'PAY-315713688', 'SCHEDULED', '2024-05-27 14:57:50'),
(316, 93, '2024-02-23 23:47:52', 2889.65, 'CREDIT_CARD', 'PAY-666080017', 'PROCESSED', '2024-02-23 23:47:52'),
(317, 142, '2024-06-03 11:04:50', 130.92, 'CREDIT_CARD', 'PAY-877241226', 'PROCESSED', '2024-06-03 11:04:50'),
(318, 439, '2024-09-29 21:58:55', 3621.28, 'BANK_TRANSFER', 'PAY-446294206', 'PROCESSED', '2024-09-29 21:58:55'),
(319, 276, '2024-01-26 11:36:28', 3158.04, 'CHECK', 'PAY-489275195', 'FAILED', '2024-01-26 11:36:28'),
(320, 332, '2024-04-28 07:31:59', 1078.42, 'BANK_TRANSFER', 'PAY-605092605', 'SCHEDULED', '2024-04-28 07:31:59'),
(321, 397, '2023-08-25 05:34:02', 2387.14, 'CHECK', 'PAY-948948493', 'SCHEDULED', '2023-08-25 05:34:02'),
(322, 364, '2023-01-08 21:08:11', 1737.53, 'CREDIT_CARD', 'PAY-493822155', 'PROCESSED', '2023-01-08 21:08:11'),
(323, 166, '2024-09-23 21:09:13', 2237.54, 'CHECK', 'PAY-776263846', 'PROCESSED', '2024-09-23 21:09:13'),
(324, 134, '2023-01-12 09:30:45', 3859.31, 'CREDIT_CARD', 'PAY-271910766', 'FAILED', '2023-01-12 09:30:45'),
(325, 386, '2024-05-07 11:15:18', 3607.29, 'BANK_TRANSFER', 'PAY-358053831', 'SCHEDULED', '2024-05-07 11:15:18'),
(326, 42, '2023-09-24 18:38:14', 1765.53, 'CHECK', 'PAY-384186069', 'FAILED', '2023-09-24 18:38:14'),
(327, 385, '2023-07-04 05:22:48', 4763.96, 'CREDIT_CARD', 'PAY-718001158', 'PROCESSED', '2023-07-04 05:22:48'),
(328, 460, '2023-04-28 06:01:22', 3986.69, 'CREDIT_CARD', 'PAY-437130670', 'SCHEDULED', '2023-04-28 06:01:22'),
(329, 462, '2024-07-15 18:18:39', 3489.97, 'CHECK', 'PAY-878883978', 'FAILED', '2024-07-15 18:18:39'),
(330, 35, '2023-08-28 20:28:07', 2694.63, 'CHECK', 'PAY-609455851', 'SCHEDULED', '2023-08-28 20:28:07'),
(331, 282, '2023-05-12 23:50:32', 2959.54, 'CHECK', 'PAY-531798252', 'FAILED', '2023-05-12 23:50:32'),
(332, 262, '2024-07-22 16:37:38', 1051.07, 'BANK_TRANSFER', 'PAY-169380816', 'PROCESSED', '2024-07-22 16:37:38'),
(333, 204, '2024-09-03 21:44:47', 1236.76, 'CREDIT_CARD', 'PAY-339261860', 'PROCESSED', '2024-09-03 21:44:47'),
(334, 35, '2025-02-05 20:26:48', 1000.24, 'CHECK', 'PAY-127687000', 'FAILED', '2025-02-05 20:26:48'),
(335, 309, '2024-12-17 02:30:34', 4409.48, 'BANK_TRANSFER', 'PAY-106789770', 'PROCESSED', '2024-12-17 02:30:34'),
(336, 322, '2023-04-13 01:34:45', 3116.26, 'CREDIT_CARD', 'PAY-843898454', 'SCHEDULED', '2023-04-13 01:34:45'),
(337, 198, '2023-07-22 21:23:54', 4162.48, 'CHECK', 'PAY-188954555', 'SCHEDULED', '2023-07-22 21:23:54'),
(338, 314, '2025-01-03 00:11:50', 4854.5, 'CREDIT_CARD', 'PAY-407310382', 'FAILED', '2025-01-03 00:11:50'),
(339, 235, '2023-08-24 13:15:22', 1660.84, 'BANK_TRANSFER', 'PAY-540145386', 'PROCESSED', '2023-08-24 13:15:22'),
(340, 256, '2024-08-08 22:18:41', 522.82, 'CREDIT_CARD', 'PAY-645583627', 'SCHEDULED', '2024-08-08 22:18:41'),
(341, 31, '2024-09-17 10:40:05', 4541.32, 'BANK_TRANSFER', 'PAY-724327455', 'SCHEDULED', '2024-09-17 10:40:05'),
(342, 479, '2023-07-15 06:54:50', 1829.22, 'CREDIT_CARD', 'PAY-541992750', 'PROCESSED', '2023-07-15 06:54:50'),
(343, 99, '2024-08-17 19:39:25', 1194.07, 'BANK_TRANSFER', 'PAY-381860608', 'SCHEDULED', '2024-08-17 19:39:25'),
(344, 424, '2024-09-16 06:09:17', 1896.25, 'CREDIT_CARD', 'PAY-927030130', 'SCHEDULED', '2024-09-16 06:09:17'),
(345, 152, '2023-08-04 14:08:18', 2563.69, 'BANK_TRANSFER', 'PAY-808341755', 'PROCESSED', '2023-08-04 14:08:18'),
(346, 392, '2024-12-19 19:43:20', 1419.07, 'BANK_TRANSFER', 'PAY-482959485', 'SCHEDULED', '2024-12-19 19:43:20'),
(347, 246, '2023-07-22 04:28:42', 4903.42, 'CHECK', 'PAY-429687445', 'PROCESSED', '2023-07-22 04:28:42'),
(348, 408, '2024-04-17 06:09:17', 4641.45, 'BANK_TRANSFER', 'PAY-592532065', 'PROCESSED', '2024-04-17 06:09:17'),
(349, 8, '2023-01-09 18:22:16', 1039.51, 'CHECK', 'PAY-811993277', 'SCHEDULED', '2023-01-09 18:22:16'),
(350, 209, '2024-05-10 11:16:31', 3760.66, 'CHECK', 'PAY-150517264', 'FAILED', '2024-05-10 11:16:31'),
(351, 216, '2024-12-07 11:29:58', 2997.3, 'BANK_TRANSFER', 'PAY-172136862', 'SCHEDULED', '2024-12-07 11:29:58'),
(352, 264, '2023-12-05 07:59:04', 3541.73, 'CREDIT_CARD', 'PAY-990925897', 'PROCESSED', '2023-12-05 07:59:04'),
(353, 500, '2024-05-24 19:40:02', 928.38, 'BANK_TRANSFER', 'PAY-500791825', 'FAILED', '2024-05-24 19:40:02'),
(354, 262, '2024-03-31 19:45:26', 1436.8, 'CHECK', 'PAY-864424876', 'SCHEDULED', '2024-03-31 19:45:26'),
(355, 3, '2024-02-01 19:24:40', 3156.14, 'CREDIT_CARD', 'PAY-694040037', 'SCHEDULED', '2024-02-01 19:24:40'),
(356, 493, '2023-04-16 03:17:53', 1268.04, 'CHECK', 'PAY-144080548', 'FAILED', '2023-04-16 03:17:53'),
(357, 299, '2023-01-19 22:19:10', 242.16, 'CREDIT_CARD', 'PAY-574919121', 'PROCESSED', '2023-01-19 22:19:10'),
(358, 110, '2023-03-26 09:42:32', 3974.09, 'CREDIT_CARD', 'PAY-668994884', 'FAILED', '2023-03-26 09:42:32'),
(359, 205, '2024-10-25 15:37:25', 1813.78, 'CHECK', 'PAY-670956446', 'PROCESSED', '2024-10-25 15:37:25'),
(360, 40, '2023-08-19 09:51:02', 4130.96, 'CHECK', 'PAY-486919933', 'PROCESSED', '2023-08-19 09:51:02'),
(361, 50, '2024-11-15 01:24:49', 4061.85, 'CREDIT_CARD', 'PAY-710720002', 'SCHEDULED', '2024-11-15 01:24:49'),
(362, 168, '2023-10-16 07:28:57', 1014.34, 'CREDIT_CARD', 'PAY-509663695', 'PROCESSED', '2023-10-16 07:28:57'),
(363, 303, '2024-10-20 16:21:14', 4709.46, 'BANK_TRANSFER', 'PAY-430592910', 'PROCESSED', '2024-10-20 16:21:14'),
(364, 436, '2023-03-14 05:38:44', 3284.77, 'CREDIT_CARD', 'PAY-590777454', 'FAILED', '2023-03-14 05:38:44'),
(365, 263, '2023-12-25 01:30:15', 2698.33, 'BANK_TRANSFER', 'PAY-509095660', 'SCHEDULED', '2023-12-25 01:30:15'),
(366, 281, '2023-05-30 15:57:36', 3488.19, 'BANK_TRANSFER', 'PAY-183237011', 'FAILED', '2023-05-30 15:57:36'),
(367, 428, '2023-12-26 09:16:08', 2138.55, 'BANK_TRANSFER', 'PAY-597448434', 'FAILED', '2023-12-26 09:16:08'),
(368, 304, '2023-09-04 08:20:40', 4332.88, 'BANK_TRANSFER', 'PAY-506304728', 'SCHEDULED', '2023-09-04 08:20:40'),
(369, 360, '2023-04-08 03:26:00', 4671.1, 'BANK_TRANSFER', 'PAY-876428986', 'FAILED', '2023-04-08 03:26:00'),
(370, 102, '2024-04-14 17:57:26', 220.51, 'CREDIT_CARD', 'PAY-469835654', 'FAILED', '2024-04-14 17:57:26'),
(371, 77, '2024-04-04 20:08:59', 4121.92, 'CREDIT_CARD', 'PAY-917165858', 'FAILED', '2024-04-04 20:08:59'),
(372, 267, '2024-03-17 14:59:10', 2941.55, 'BANK_TRANSFER', 'PAY-396466045', 'SCHEDULED', '2024-03-17 14:59:10'),
(373, 273, '2023-07-22 17:10:42', 4469.98, 'CREDIT_CARD', 'PAY-186729479', 'FAILED', '2023-07-22 17:10:42'),
(374, 400, '2023-10-06 04:59:13', 3711.55, 'CHECK', 'PAY-108152379', 'PROCESSED', '2023-10-06 04:59:13'),
(375, 105, '2024-09-17 02:13:24', 4489.17, 'BANK_TRANSFER', 'PAY-302519908', 'FAILED', '2024-09-17 02:13:24'),
(376, 262, '2023-01-02 08:25:42', 924.27, 'BANK_TRANSFER', 'PAY-664746050', 'FAILED', '2023-01-02 08:25:42'),
(377, 136, '2024-01-19 11:40:46', 2295.3, 'CHECK', 'PAY-429296833', 'FAILED', '2024-01-19 11:40:46'),
(378, 115, '2024-01-21 01:19:01', 2341.58, 'CREDIT_CARD', 'PAY-987320062', 'FAILED', '2024-01-21 01:19:01'),
(379, 313, '2024-05-03 16:41:37', 1179.38, 'BANK_TRANSFER', 'PAY-700618599', 'SCHEDULED', '2024-05-03 16:41:37'),
(380, 287, '2023-05-04 14:24:55', 2273.37, 'BANK_TRANSFER', 'PAY-444740738', 'PROCESSED', '2023-05-04 14:24:55'),
(381, 359, '2024-10-03 18:42:23', 4978.09, 'CHECK', 'PAY-372340082', 'SCHEDULED', '2024-10-03 18:42:23'),
(382, 34, '2023-04-24 13:16:48', 3054.77, 'CREDIT_CARD', 'PAY-583216245', 'SCHEDULED', '2023-04-24 13:16:48'),
(383, 90, '2023-04-06 10:21:06', 110.08, 'CREDIT_CARD', 'PAY-580469049', 'FAILED', '2023-04-06 10:21:06'),
(384, 122, '2024-05-09 02:29:02', 435.53, 'BANK_TRANSFER', 'PAY-547482571', 'SCHEDULED', '2024-05-09 02:29:02'),
(385, 208, '2024-07-15 03:36:42', 2007.78, 'CREDIT_CARD', 'PAY-715474949', 'SCHEDULED', '2024-07-15 03:36:42'),
(386, 493, '2024-04-02 19:27:05', 4857.45, 'BANK_TRANSFER', 'PAY-598619974', 'PROCESSED', '2024-04-02 19:27:05'),
(387, 78, '2024-12-06 07:16:12', 1191.16, 'CREDIT_CARD', 'PAY-673328650', 'SCHEDULED', '2024-12-06 07:16:12'),
(388, 455, '2024-10-31 06:52:50', 2486.57, 'CHECK', 'PAY-359308650', 'FAILED', '2024-10-31 06:52:50'),
(389, 300, '2024-10-16 23:11:33', 1218.04, 'CREDIT_CARD', 'PAY-861720304', 'SCHEDULED', '2024-10-16 23:11:33'),
(390, 134, '2023-01-30 04:32:25', 800.3, 'CHECK', 'PAY-296974038', 'FAILED', '2023-01-30 04:32:25'),
(391, 301, '2023-01-01 06:09:07', 2626.81, 'BANK_TRANSFER', 'PAY-608703139', 'FAILED', '2023-01-01 06:09:07'),
(392, 295, '2024-11-21 10:21:09', 3114.61, 'BANK_TRANSFER', 'PAY-122024311', 'FAILED', '2024-11-21 10:21:09'),
(393, 86, '2024-10-22 02:40:42', 132.79, 'CHECK', 'PAY-733758301', 'SCHEDULED', '2024-10-22 02:40:42'),
(394, 343, '2024-02-06 12:17:46', 4875.08, 'BANK_TRANSFER', 'PAY-737184300', 'SCHEDULED', '2024-02-06 12:17:46'),
(395, 498, '2024-12-23 03:38:26', 444.95, 'BANK_TRANSFER', 'PAY-734368925', 'FAILED', '2024-12-23 03:38:26'),
(396, 125, '2023-11-08 16:19:33', 3444.33, 'CHECK', 'PAY-942393267', 'SCHEDULED', '2023-11-08 16:19:33'),
(397, 56, '2023-04-15 02:59:37', 3237.73, 'BANK_TRANSFER', 'PAY-960763436', 'FAILED', '2023-04-15 02:59:37'),
(398, 474, '2023-05-03 20:09:17', 2871.31, 'BANK_TRANSFER', 'PAY-560721023', 'PROCESSED', '2023-05-03 20:09:17'),
(399, 22, '2023-01-04 18:19:32', 2449.41, 'BANK_TRANSFER', 'PAY-974899710', 'FAILED', '2023-01-04 18:19:32'),
(400, 319, '2024-11-12 14:17:39', 568.68, 'CHECK', 'PAY-395116660', 'SCHEDULED', '2024-11-12 14:17:39'),
(401, 278, '2024-03-05 23:14:05', 1118.08, 'CHECK', 'PAY-350421322', 'PROCESSED', '2024-03-05 23:14:05'),
(402, 87, '2023-08-15 02:30:40', 1198.76, 'BANK_TRANSFER', 'PAY-485954907', 'PROCESSED', '2023-08-15 02:30:40'),
(403, 297, '2024-03-24 07:40:00', 1060.46, 'CREDIT_CARD', 'PAY-869480246', 'SCHEDULED', '2024-03-24 07:40:00'),
(404, 284, '2024-05-05 01:50:09', 4373.86, 'CREDIT_CARD', 'PAY-227942469', 'SCHEDULED', '2024-05-05 01:50:09'),
(405, 195, '2024-11-22 20:28:28', 2836.33, 'CREDIT_CARD', 'PAY-342726763', 'FAILED', '2024-11-22 20:28:28'),
(406, 151, '2023-07-28 02:35:37', 3914.32, 'CREDIT_CARD', 'PAY-288942555', 'PROCESSED', '2023-07-28 02:35:37'),
(407, 89, '2023-07-07 06:21:45', 4692.06, 'CREDIT_CARD', 'PAY-435694297', 'PROCESSED', '2023-07-07 06:21:45'),
(408, 405, '2024-08-10 10:51:51', 4150.33, 'CHECK', 'PAY-607723312', 'SCHEDULED', '2024-08-10 10:51:51'),
(409, 203, '2023-02-07 06:23:36', 3489.92, 'CREDIT_CARD', 'PAY-141152764', 'SCHEDULED', '2023-02-07 06:23:36'),
(410, 199, '2024-12-25 09:37:38', 106.32, 'CREDIT_CARD', 'PAY-400896429', 'FAILED', '2024-12-25 09:37:38'),
(411, 492, '2024-09-17 09:15:16', 1335.53, 'CHECK', 'PAY-175219840', 'FAILED', '2024-09-17 09:15:16'),
(412, 443, '2024-01-04 21:43:58', 1797.68, 'BANK_TRANSFER', 'PAY-855021199', 'SCHEDULED', '2024-01-04 21:43:58'),
(413, 133, '2023-03-13 07:10:52', 4198.45, 'BANK_TRANSFER', 'PAY-218080630', 'PROCESSED', '2023-03-13 07:10:52'),
(414, 150, '2024-06-10 16:16:56', 2868.62, 'CREDIT_CARD', 'PAY-619917814', 'SCHEDULED', '2024-06-10 16:16:56'),
(415, 371, '2024-12-25 03:20:25', 673.93, 'CHECK', 'PAY-676583878', 'FAILED', '2024-12-25 03:20:25'),
(416, 220, '2025-01-31 17:35:44', 2188.3, 'CHECK', 'PAY-402763994', 'FAILED', '2025-01-31 17:35:44'),
(417, 415, '2024-06-09 05:10:55', 2339.47, 'CHECK', 'PAY-900693350', 'PROCESSED', '2024-06-09 05:10:55'),
(418, 288, '2025-01-23 19:55:13', 1509.18, 'CHECK', 'PAY-444363648', 'SCHEDULED', '2025-01-23 19:55:13'),
(419, 67, '2024-07-19 22:44:58', 4846.82, 'BANK_TRANSFER', 'PAY-445185451', 'PROCESSED', '2024-07-19 22:44:58'),
(420, 155, '2023-06-25 11:39:55', 1364.35, 'BANK_TRANSFER', 'PAY-466174660', 'PROCESSED', '2023-06-25 11:39:55'),
(421, 470, '2024-12-12 14:01:00', 4623.14, 'BANK_TRANSFER', 'PAY-939696583', 'PROCESSED', '2024-12-12 14:01:00'),
(422, 88, '2023-10-23 17:50:07', 2294.25, 'CREDIT_CARD', 'PAY-938244088', 'PROCESSED', '2023-10-23 17:50:07'),
(423, 50, '2024-03-08 01:18:12', 2422.32, 'BANK_TRANSFER', 'PAY-547871613', 'FAILED', '2024-03-08 01:18:12'),
(424, 417, '2023-09-06 06:52:50', 379.22, 'CHECK', 'PAY-203192215', 'PROCESSED', '2023-09-06 06:52:50'),
(425, 138, '2024-12-31 01:22:35', 1607.73, 'CREDIT_CARD', 'PAY-437406703', 'SCHEDULED', '2024-12-31 01:22:35'),
(426, 203, '2023-06-15 08:29:51', 1010.3, 'BANK_TRANSFER', 'PAY-934569075', 'SCHEDULED', '2023-06-15 08:29:51'),
(427, 64, '2024-01-24 20:31:44', 4671.33, 'CREDIT_CARD', 'PAY-961285945', 'SCHEDULED', '2024-01-24 20:31:44'),
(428, 53, '2023-09-03 10:43:21', 3743.69, 'CREDIT_CARD', 'PAY-654757634', 'PROCESSED', '2023-09-03 10:43:21'),
(429, 89, '2023-07-05 00:13:59', 471.17, 'CREDIT_CARD', 'PAY-412297300', 'FAILED', '2023-07-05 00:13:59'),
(430, 66, '2023-01-14 22:47:32', 364.39, 'BANK_TRANSFER', 'PAY-602002408', 'SCHEDULED', '2023-01-14 22:47:32'),
(431, 126, '2025-01-22 19:23:33', 623.5, 'CHECK', 'PAY-731691962', 'SCHEDULED', '2025-01-22 19:23:33'),
(432, 275, '2024-10-19 21:15:34', 1588.55, 'CHECK', 'PAY-937971014', 'PROCESSED', '2024-10-19 21:15:34'),
(433, 467, '2024-04-23 16:25:07', 1322.92, 'BANK_TRANSFER', 'PAY-371987803', 'FAILED', '2024-04-23 16:25:07'),
(434, 169, '2025-02-10 14:14:04', 2212.9, 'CHECK', 'PAY-951952320', 'SCHEDULED', '2025-02-10 14:14:04'),
(435, 427, '2023-04-16 03:25:43', 888.79, 'BANK_TRANSFER', 'PAY-422930688', 'PROCESSED', '2023-04-16 03:25:43'),
(436, 332, '2024-12-17 13:35:39', 2277.08, 'BANK_TRANSFER', 'PAY-908629880', 'SCHEDULED', '2024-12-17 13:35:39'),
(437, 383, '2025-01-25 21:57:18', 2712.82, 'CHECK', 'PAY-260356698', 'FAILED', '2025-01-25 21:57:18'),
(438, 332, '2024-05-17 17:09:10', 1190.56, 'CREDIT_CARD', 'PAY-970418060', 'SCHEDULED', '2024-05-17 17:09:10'),
(439, 300, '2023-02-20 19:23:30', 1766.39, 'BANK_TRANSFER', 'PAY-199117287', 'PROCESSED', '2023-02-20 19:23:30'),
(440, 174, '2023-01-30 12:58:42', 1417.88, 'CHECK', 'PAY-757455327', 'SCHEDULED', '2023-01-30 12:58:42'),
(441, 396, '2023-09-22 19:43:07', 2835.16, 'CREDIT_CARD', 'PAY-835966548', 'SCHEDULED', '2023-09-22 19:43:07'),
(442, 34, '2023-12-28 18:45:16', 3743.54, 'CREDIT_CARD', 'PAY-742392617', 'SCHEDULED', '2023-12-28 18:45:16'),
(443, 288, '2023-01-27 13:27:01', 3600.88, 'CREDIT_CARD', 'PAY-282338746', 'FAILED', '2023-01-27 13:27:01'),
(444, 414, '2024-09-03 11:20:18', 2625.66, 'CREDIT_CARD', 'PAY-987236411', 'SCHEDULED', '2024-09-03 11:20:18'),
(445, 285, '2023-04-10 18:56:04', 1139.01, 'CHECK', 'PAY-949641611', 'SCHEDULED', '2023-04-10 18:56:04'),
(446, 106, '2023-03-12 19:03:21', 3667.89, 'CHECK', 'PAY-215510247', 'PROCESSED', '2023-03-12 19:03:21'),
(447, 36, '2023-08-18 07:35:10', 4985.42, 'CHECK', 'PAY-556573892', 'SCHEDULED', '2023-08-18 07:35:10'),
(448, 294, '2024-12-28 23:24:48', 4723.85, 'CHECK', 'PAY-751345510', 'PROCESSED', '2024-12-28 23:24:48'),
(449, 212, '2023-11-29 04:26:16', 3188.42, 'CHECK', 'PAY-970716970', 'SCHEDULED', '2023-11-29 04:26:16'),
(450, 286, '2023-05-15 12:39:26', 4191.08, 'BANK_TRANSFER', 'PAY-525029844', 'FAILED', '2023-05-15 12:39:26'),
(451, 261, '2024-10-18 18:17:46', 4418.49, 'CHECK', 'PAY-975876284', 'PROCESSED', '2024-10-18 18:17:46'),
(452, 234, '2023-11-26 02:22:43', 394.86, 'CREDIT_CARD', 'PAY-990205581', 'SCHEDULED', '2023-11-26 02:22:43'),
(453, 103, '2023-12-18 02:55:07', 2050.64, 'BANK_TRANSFER', 'PAY-713697889', 'SCHEDULED', '2023-12-18 02:55:07'),
(454, 275, '2023-04-22 22:59:53', 1395.85, 'BANK_TRANSFER', 'PAY-133540975', 'SCHEDULED', '2023-04-22 22:59:53'),
(455, 292, '2024-12-24 14:41:44', 2227.41, 'BANK_TRANSFER', 'PAY-929653041', 'PROCESSED', '2024-12-24 14:41:44'),
(456, 273, '2023-04-17 08:21:55', 264.13, 'CREDIT_CARD', 'PAY-539069022', 'FAILED', '2023-04-17 08:21:55'),
(457, 271, '2024-09-22 17:17:13', 1098.17, 'CREDIT_CARD', 'PAY-260302241', 'FAILED', '2024-09-22 17:17:13'),
(458, 290, '2024-01-21 23:37:46', 1510.65, 'CHECK', 'PAY-234698668', 'FAILED', '2024-01-21 23:37:46'),
(459, 317, '2023-02-15 12:52:47', 4947.81, 'CHECK', 'PAY-577059257', 'FAILED', '2023-02-15 12:52:47'),
(460, 362, '2024-01-05 07:43:36', 1138.85, 'CHECK', 'PAY-410677072', 'FAILED', '2024-01-05 07:43:36'),
(461, 267, '2024-05-30 16:18:48', 1426.09, 'BANK_TRANSFER', 'PAY-276239631', 'FAILED', '2024-05-30 16:18:48'),
(462, 320, '2024-03-05 01:59:18', 2971.35, 'CHECK', 'PAY-336704883', 'FAILED', '2024-03-05 01:59:18'),
(463, 436, '2024-10-28 14:42:50', 710.51, 'CREDIT_CARD', 'PAY-247310104', 'SCHEDULED', '2024-10-28 14:42:50'),
(464, 51, '2023-09-25 16:04:44', 3952.05, 'CHECK', 'PAY-199005661', 'PROCESSED', '2023-09-25 16:04:44'),
(465, 218, '2024-12-26 19:06:18', 3580.87, 'CREDIT_CARD', 'PAY-247201945', 'PROCESSED', '2024-12-26 19:06:18'),
(466, 15, '2024-01-19 19:52:54', 3014.6, 'CHECK', 'PAY-430938177', 'PROCESSED', '2024-01-19 19:52:54'),
(467, 420, '2024-12-09 13:27:05', 1135.76, 'BANK_TRANSFER', 'PAY-340973686', 'PROCESSED', '2024-12-09 13:27:05'),
(468, 28, '2023-09-13 21:44:37', 225.02, 'CHECK', 'PAY-514337094', 'FAILED', '2023-09-13 21:44:37'),
(469, 314, '2025-01-15 18:03:51', 4911.85, 'BANK_TRANSFER', 'PAY-100666894', 'SCHEDULED', '2025-01-15 18:03:51'),
(470, 223, '2024-11-27 01:01:55', 4068.09, 'BANK_TRANSFER', 'PAY-158997466', 'FAILED', '2024-11-27 01:01:55'),
(471, 80, '2023-08-12 14:35:47', 1608.1, 'CHECK', 'PAY-308651792', 'FAILED', '2023-08-12 14:35:47'),
(472, 381, '2025-01-21 19:23:29', 326.3, 'BANK_TRANSFER', 'PAY-235180263', 'SCHEDULED', '2025-01-21 19:23:29'),
(473, 380, '2025-02-01 12:44:06', 4122.17, 'CHECK', 'PAY-198767081', 'FAILED', '2025-02-01 12:44:06'),
(474, 255, '2024-04-09 04:45:32', 1106.06, 'CREDIT_CARD', 'PAY-623170064', 'PROCESSED', '2024-04-09 04:45:32'),
(475, 93, '2023-07-07 11:27:16', 2663.91, 'CHECK', 'PAY-560321452', 'PROCESSED', '2023-07-07 11:27:16'),
(476, 70, '2024-05-27 06:16:38', 1721.17, 'BANK_TRANSFER', 'PAY-448372874', 'FAILED', '2024-05-27 06:16:38'),
(477, 301, '2024-07-08 00:19:53', 1891.07, 'CREDIT_CARD', 'PAY-507343461', 'FAILED', '2024-07-08 00:19:53'),
(478, 331, '2024-11-26 11:37:04', 184.74, 'CREDIT_CARD', 'PAY-567007307', 'PROCESSED', '2024-11-26 11:37:04'),
(479, 298, '2024-07-14 16:05:16', 113.28, 'CREDIT_CARD', 'PAY-109025343', 'FAILED', '2024-07-14 16:05:16'),
(480, 112, '2023-04-17 21:08:19', 2547.83, 'BANK_TRANSFER', 'PAY-426514331', 'PROCESSED', '2023-04-17 21:08:19'),
(481, 169, '2023-07-17 21:04:00', 1431.47, 'BANK_TRANSFER', 'PAY-995770288', 'FAILED', '2023-07-17 21:04:00'),
(482, 488, '2023-10-12 04:19:14', 3076.66, 'BANK_TRANSFER', 'PAY-186419669', 'PROCESSED', '2023-10-12 04:19:14'),
(483, 477, '2023-03-28 12:21:56', 2713.93, 'BANK_TRANSFER', 'PAY-601856519', 'FAILED', '2023-03-28 12:21:56'),
(484, 185, '2023-12-07 09:57:09', 409.65, 'CREDIT_CARD', 'PAY-806253483', 'SCHEDULED', '2023-12-07 09:57:09'),
(485, 391, '2024-11-24 16:52:34', 2937.49, 'CREDIT_CARD', 'PAY-566350147', 'PROCESSED', '2024-11-24 16:52:34'),
(486, 119, '2023-06-05 20:22:40', 2427.71, 'CREDIT_CARD', 'PAY-694335542', 'SCHEDULED', '2023-06-05 20:22:40'),
(487, 301, '2025-02-07 10:54:01', 2276.98, 'CHECK', 'PAY-702498103', 'PROCESSED', '2025-02-07 10:54:01'),
(488, 396, '2023-07-31 18:04:47', 934.46, 'CREDIT_CARD', 'PAY-241356490', 'SCHEDULED', '2023-07-31 18:04:47'),
(489, 286, '2023-07-15 06:17:01', 1993.09, 'CREDIT_CARD', 'PAY-156500803', 'SCHEDULED', '2023-07-15 06:17:01'),
(490, 275, '2023-06-07 12:18:43', 3763.68, 'BANK_TRANSFER', 'PAY-272416665', 'PROCESSED', '2023-06-07 12:18:43'),
(491, 210, '2024-12-26 03:08:14', 1739.59, 'CHECK', 'PAY-371620874', 'PROCESSED', '2024-12-26 03:08:14'),
(492, 389, '2023-12-24 06:56:04', 2731.89, 'CHECK', 'PAY-116179638', 'SCHEDULED', '2023-12-24 06:56:04'),
(493, 467, '2024-01-31 09:06:55', 2199.45, 'CREDIT_CARD', 'PAY-522904256', 'FAILED', '2024-01-31 09:06:55'),
(494, 443, '2024-11-03 03:29:37', 90.46, 'CHECK', 'PAY-721340452', 'PROCESSED', '2024-11-03 03:29:37'),
(495, 488, '2024-02-16 22:59:41', 4702.61, 'CREDIT_CARD', 'PAY-967757492', 'FAILED', '2024-02-16 22:59:41'),
(496, 10, '2023-09-17 01:49:08', 3776.86, 'BANK_TRANSFER', 'PAY-984208778', 'FAILED', '2023-09-17 01:49:08'),
(497, 25, '2024-12-31 01:30:27', 2994.78, 'BANK_TRANSFER', 'PAY-890830986', 'PROCESSED', '2024-12-31 01:30:27'),
(498, 277, '2023-08-28 20:49:11', 4918.52, 'BANK_TRANSFER', 'PAY-445955727', 'FAILED', '2023-08-28 20:49:11'),
(499, 154, '2024-11-12 19:37:50', 3173.13, 'CHECK', 'PAY-293002403', 'SCHEDULED', '2024-11-12 19:37:50'),
(500, 348, '2024-06-16 13:17:41', 126.29, 'CHECK', 'PAY-402894131', 'PROCESSED', '2024-06-16 13:17:41');

