po_id;item_number;material_id;quantity;price_per_unit
1;1;2;5;689.19
1;2;69;53;133.47
2;1;90;47;847.85
2;2;148;61;184.73
3;1;95;38;249.50
3;2;15;89;840.28
4;1;17;12;720.60
4;2;71;6;338.59
5;1;108;18;573.91
5;2;110;23;150.89
5;3;169;28;372.74
5;4;147;2;79.40
6;1;101;86;190.64
6;2;5;76;512.27
7;1;96;91;563.22
7;2;101;75;465.52
7;3;9;48;880.84
7;4;151;5;283.06
8;1;105;3;994.98
8;2;111;29;88.95
8;3;23;14;297.20
8;4;6;34;774.56
9;1;59;47;925.93
9;2;15;18;797.18
9;3;93;78;454.46
9;4;105;25;481.10
10;1;62;52;801.47
10;2;67;67;369.45
11;1;12;96;771.22
11;2;120;49;137.90
11;3;75;66;271.55
11;4;95;12;434.76
11;5;126;89;327.69
12;1;122;68;876.62
12;2;120;52;317.65
12;3;169;96;436.43
12;4;186;68;257.58
12;5;20;83;936.02
13;1;51;13;593.02
13;2;111;38;262.29
13;3;5;28;742.09
13;4;2;38;506.63
14;1;14;42;768.79
14;2;122;19;235.31
14;3;85;33;408.24
15;1;157;52;724.05
15;2;83;34;739.65
16;1;108;74;521.75
16;2;148;17;723.49
16;3;108;88;76.44
17;1;88;45;401.62
17;2;73;69;541.59
17;3;83;30;683.48
18;1;190;97;315.97
18;2;77;49;775.34
18;3;187;49;259.14
18;4;33;25;955.33
18;5;83;92;169.60
19;1;141;52;761.83
19;2;20;87;294.68
20;1;97;84;285.56
20;2;47;91;36.78
20;3;12;3;236.92
21;1;113;14;102.38
21;2;175;17;737.26
21;3;35;49;638.59
21;4;147;5;767.01
22;1;124;45;837.39
22;2;42;2;25.65
22;3;15;37;735.55
22;4;156;33;959.23
22;5;26;46;282.13
23;1;189;25;814.66
23;2;188;8;701.42
23;3;161;14;318.49
24;1;68;54;480.34
24;2;82;97;24.22
24;3;30;13;520.09
25;1;98;67;234.36
25;2;176;86;62.86
25;3;24;50;838.66
25;4;31;59;454.74
25;5;129;77;675.01
26;1;40;89;320.51
27;1;51;62;268.53
27;2;84;30;447.67
27;3;17;71;496.44
27;4;117;58;597.48
27;5;157;11;901.77
28;1;77;82;735.58
28;2;86;100;413.08
29;1;26;100;157.76
29;2;149;15;442.19
29;3;196;45;561.46
29;4;154;20;737.70
29;5;133;33;902.88
30;1;3;9;188.34
30;2;50;49;400.67
30;3;102;91;473.28
30;4;103;19;18.88
31;1;71;5;444.53
31;2;200;23;245.34
32;1;18;38;114.13
33;1;143;69;127.23
33;2;161;87;811.03
33;3;158;35;202.72
33;4;85;98;544.75
33;5;145;74;311.35
34;1;180;3;22.96
35;1;197;15;386.95
35;2;131;56;102.86
35;3;96;78;638.81
36;1;126;87;513.71
36;2;49;2;824.31
36;3;200;91;581.07
36;4;16;35;765.56
36;5;76;88;865.12
37;1;125;76;718.47
37;2;3;10;404.61
37;3;108;57;992.02
37;4;105;56;579.54
38;1;51;40;824.04
38;2;99;10;325.64
38;3;63;22;160.11
39;1;143;65;181.66
39;2;23;83;561.33
39;3;52;48;420.60
39;4;17;76;596.83
40;1;167;77;24.85
40;2;12;17;552.08
40;3;71;64;288.25
40;4;48;55;527.62
41;1;8;70;764.59
41;2;70;84;845.25
41;3;116;70;926.73
41;4;9;4;759.39
42;1;89;49;143.11
42;2;108;7;274.08
42;3;38;51;258.39
42;4;93;90;24.14
43;1;149;66;953.61
43;2;11;33;569.40
43;3;56;69;223.33
43;4;106;86;662.29
44;1;28;4;267.43
45;1;183;68;201.59
45;2;24;18;892.60
46;1;10;92;892.16
46;2;176;63;312.00
47;1;37;10;440.05
48;1;188;43;932.75
49;1;89;76;597.83
49;2;146;50;254.04
50;1;110;54;527.83
50;2;185;79;542.08
50;3;94;49;911.12
50;4;92;67;88.73
50;5;5;99;771.50
51;1;80;77;78.82
51;2;138;1;725.24
51;3;104;92;442.12
52;1;173;100;933.39
52;2;126;71;390.27
52;3;81;40;210.87
52;4;67;44;114.69
52;5;18;83;262.07
53;1;147;56;715.01
53;2;42;41;62.47
53;3;28;80;176.81
54;1;43;22;230.39
54;2;186;41;879.95
54;3;194;81;293.99
55;1;2;6;20.51
55;2;118;32;179.71
55;3;5;56;902.67
56;1;164;94;156.08
56;2;142;12;945.83
56;3;104;26;82.89
56;4;47;34;828.09
56;5;140;58;973.24
57;1;189;53;484.06
57;2;93;86;467.20
58;1;13;8;22.74
59;1;195;10;545.61
59;2;45;78;32.94
60;1;37;19;971.67
61;1;145;92;396.76
62;1;49;99;551.62
62;2;184;32;623.79
63;1;152;13;16.89
63;2;28;93;661.83
63;3;126;68;868.21
64;1;194;90;270.57
65;1;140;99;88.61
65;2;165;35;90.83
65;3;196;31;337.51
65;4;32;43;267.47
66;1;87;38;67.82
66;2;26;89;988.56
67;1;15;63;68.60
67;2;112;45;193.61
67;3;169;24;460.23
67;4;43;19;353.35
68;1;124;52;617.14
68;2;67;32;362.39
69;1;187;6;619.31
70;1;165;87;721.02
70;2;102;45;482.37
70;3;38;54;159.07
71;1;133;13;804.41
72;1;22;98;410.70
72;2;70;63;18.47
73;1;6;99;60.00
73;2;74;1;921.35
73;3;101;98;312.24
73;4;22;44;487.60
73;5;83;31;245.60
74;1;26;100;74.29
74;2;54;8;182.26
74;3;190;4;12.62
74;4;28;28;372.68
75;1;3;78;368.96
75;2;167;76;548.38
75;3;14;18;866.74
75;4;9;33;609.97
75;5;171;23;292.05
76;1;168;6;480.89
76;2;128;79;373.37
76;3;40;1;336.98
76;4;24;37;939.54
77;1;155;37;839.16
78;1;29;23;426.73
79;1;132;71;809.96
79;2;68;1;347.40
79;3;17;3;489.24
80;1;134;53;62.13
80;2;151;2;27.91
80;3;47;54;390.95
80;4;25;81;203.05
80;5;165;48;41.98
81;1;26;93;705.15
81;2;35;12;708.83
81;3;11;100;450.48
81;4;98;85;124.50
82;1;29;43;350.10
82;2;114;85;681.05
82;3;71;81;978.81
82;4;46;43;60.18
83;1;80;25;28.51
83;2;96;72;503.40
84;1;34;69;866.75
84;2;53;27;619.39
84;3;164;20;923.80
85;1;102;93;275.20
85;2;115;3;705.92
85;3;107;46;153.44
85;4;176;56;312.15
86;1;35;50;616.38
87;1;58;92;513.23
87;2;101;86;734.00
87;3;127;44;459.08
88;1;168;56;991.96
88;2;169;2;817.14
88;3;62;70;136.68
88;4;46;62;616.58
89;1;155;56;139.05
89;2;1;15;888.36
89;3;60;9;527.03
89;4;121;31;382.69
89;5;70;90;612.88
90;1;77;2;173.20
90;2;85;78;564.63
91;1;128;85;511.36
91;2;149;57;368.50
92;1;23;22;192.14
92;2;172;25;255.44
93;1;104;89;441.49
93;2;107;95;74.41
94;1;1;13;564.51
94;2;59;63;612.60
94;3;96;70;831.94
94;4;168;61;450.02
95;1;161;81;988.48
95;2;161;66;37.65
95;3;100;80;709.75
96;1;7;77;190.33
96;2;104;98;61.15
96;3;138;2;55.92
96;4;30;82;68.66
97;1;2;63;426.41
97;2;41;53;502.71
97;3;199;37;706.10
97;4;29;51;286.12
98;1;74;92;454.57
98;2;130;82;192.19
98;3;76;16;158.05
98;4;80;75;208.52
98;5;129;66;487.56
99;1;95;36;314.55
100;1;65;84;483.66
100;2;180;57;566.09
100;3;131;73;828.89
100;4;117;51;187.42
100;5;50;98;122.41
101;1;45;68;103.67
102;1;111;95;45.94
102;2;17;98;169.03
102;3;21;43;801.38
102;4;47;37;948.49
103;1;184;100;732.86
103;2;30;68;451.42
103;3;160;12;918.05
104;1;100;62;200.45
104;2;18;99;943.68
104;3;153;77;310.17
105;1;9;34;743.95
106;1;97;62;660.99
106;2;45;3;889.93
106;3;90;31;744.02
106;4;111;63;260.43
107;1;9;47;788.22
107;2;156;82;246.15
107;3;54;69;350.46
107;4;9;93;973.93
108;1;176;10;549.58
108;2;90;45;72.92
108;3;157;86;424.67
109;1;182;35;999.42
109;2;119;1;463.51
110;1;72;19;300.66
111;1;47;45;552.39
111;2;124;70;546.69
111;3;8;28;947.07
111;4;183;43;707.50
112;1;17;77;964.86
112;2;195;3;259.48
112;3;19;47;251.51
113;1;59;89;753.73
113;2;114;27;330.78
113;3;152;49;58.40
114;1;159;79;960.00
114;2;101;56;602.37
114;3;148;59;324.12
114;4;39;35;389.61
114;5;94;78;450.78
115;1;50;86;770.12
116;1;102;85;465.07
116;2;131;90;108.32
116;3;186;75;211.39
117;1;87;72;216.19
117;2;84;66;725.88
117;3;137;94;592.25
117;4;92;1;963.89
117;5;32;76;502.55
118;1;58;81;313.21
119;1;170;83;330.53
119;2;60;97;506.75
119;3;90;65;954.22
119;4;12;75;237.94
119;5;42;58;92.27
120;1;47;92;950.69
120;2;42;17;967.59
121;1;129;9;948.82
121;2;109;56;93.47
121;3;200;51;613.16
121;4;117;66;806.68
122;1;32;38;960.07
122;2;109;59;948.75
122;3;33;9;691.09
122;4;77;94;677.03
122;5;146;71;829.02
123;1;184;69;285.82
123;2;10;77;398.97
123;3;44;63;487.17
123;4;110;68;259.17
124;1;54;50;991.66
124;2;170;58;447.37
124;3;141;26;243.25
124;4;39;95;979.86
125;1;110;33;582.51
125;2;159;8;68.30
125;3;129;19;873.54
126;1;71;7;97.55
126;2;171;45;99.85
126;3;119;62;886.45
126;4;74;1;213.86
126;5;104;17;494.55
127;1;31;43;526.05
127;2;37;21;367.04
127;3;88;38;843.49
127;4;199;49;939.71
128;1;143;35;861.51
128;2;58;18;549.03
128;3;58;5;609.50
129;1;56;1;545.81
129;2;138;55;53.18
130;1;109;11;261.68
130;2;170;77;213.69
131;1;101;34;820.44
131;2;103;78;947.41
131;3;104;2;486.14
132;1;143;54;529.30
132;2;99;64;132.13
132;3;194;17;469.28
132;4;156;28;53.75
132;5;67;16;452.25
133;1;126;19;102.59
133;2;77;13;48.39
133;3;41;56;727.85
134;1;17;51;735.39
135;1;186;12;432.83
136;1;42;35;525.01
136;2;74;97;891.82
137;1;144;44;124.61
137;2;80;90;956.19
137;3;174;79;477.26
138;1;39;5;823.38
138;2;23;34;798.84
138;3;95;18;275.53
138;4;196;58;21.71
138;5;38;98;210.29
139;1;68;65;988.04
139;2;137;10;719.80
140;1;1;52;924.72
140;2;181;37;347.72
141;1;73;26;882.75
141;2;109;83;566.34
141;3;154;80;266.81
141;4;32;95;525.49
141;5;46;32;400.81
142;1;78;96;706.86
143;1;35;12;329.70
143;2;137;83;162.67
143;3;121;14;664.21
143;4;5;53;279.27
144;1;131;30;474.01
145;1;156;90;217.90
145;2;74;46;200.17
145;3;180;39;718.49
145;4;88;66;434.37
146;1;177;9;127.26
147;1;134;96;96.78
148;1;115;61;478.72
149;1;171;66;561.50
149;2;162;67;348.92
149;3;104;75;399.86
149;4;36;51;77.11
149;5;56;86;673.83
150;1;148;90;56.92
150;2;179;88;84.10
151;1;74;41;169.46
151;2;49;55;415.88
151;3;41;56;440.32
151;4;33;63;835.47
151;5;96;75;559.98
152;1;27;35;761.56
152;2;200;2;924.39
152;3;118;88;711.40
152;4;164;5;914.94
153;1;95;84;397.27
153;2;198;36;111.51
153;3;33;95;144.95
153;4;5;25;827.35
153;5;120;12;225.29
154;1;156;80;685.76
154;2;197;69;274.51
155;1;170;53;535.30
156;1;50;58;712.85
156;2;94;10;876.73
156;3;14;96;76.62
156;4;23;17;795.95
156;5;113;23;261.90
157;1;21;61;356.69
157;2;36;90;94.43
157;3;110;16;184.56
157;4;154;37;616.69
158;1;150;47;609.87
158;2;126;51;875.73
158;3;124;4;700.79
158;4;45;100;219.80
159;1;47;42;48.57
159;2;150;94;558.36
159;3;121;64;551.16
159;4;176;30;154.79
160;1;21;9;84.63
160;2;134;15;207.34
160;3;179;49;59.49
160;4;75;53;38.09
161;1;76;83;940.28
162;1;37;13;314.93
162;2;165;87;492.16
163;1;132;59;125.24
163;2;82;84;234.81
163;3;55;43;201.53
163;4;85;31;13.91
163;5;110;31;378.77
164;1;58;1;654.31
165;1;66;39;235.21
165;2;198;8;608.75
165;3;88;1;527.72
165;4;23;93;323.91
166;1;142;51;478.16
166;2;179;41;38.13
166;3;100;86;756.29
167;1;129;60;48.34
167;2;146;6;490.24
167;3;170;86;366.68
167;4;147;42;206.94
167;5;170;84;961.01
168;1;151;84;913.36
168;2;199;36;779.53
168;3;193;45;460.73
168;4;75;32;902.59
169;1;108;8;914.85
169;2;21;48;655.99
169;3;33;91;938.16
169;4;26;12;758.50
170;1;165;76;540.12
170;2;2;67;72.38
170;3;18;50;394.47
171;1;178;24;750.19
171;2;102;78;64.55
171;3;17;58;510.27
171;4;50;65;331.00
172;1;160;11;329.23
172;2;137;11;394.62
172;3;136;55;599.05
172;4;89;59;258.96
172;5;59;41;788.60
173;1;191;28;565.86
173;2;136;25;820.56
173;3;137;94;942.05
173;4;62;76;469.88
174;1;87;69;640.11
174;2;157;87;881.70
174;3;136;69;867.66
174;4;149;31;216.06
174;5;76;5;629.53
175;1;125;10;962.87
175;2;96;27;788.93
176;1;169;25;658.65
176;2;147;1;29.00
176;3;200;64;584.76
176;4;123;82;721.20
177;1;48;16;196.48
177;2;194;56;267.37
177;3;44;50;443.16
177;4;136;65;385.56
178;1;189;99;993.46
178;2;88;29;182.19
178;3;176;51;34.32
178;4;39;24;918.09
178;5;50;36;587.29
179;1;87;45;427.51
179;2;65;93;812.42
179;3;193;59;873.35
179;4;35;30;548.80
180;1;115;1;40.78
180;2;45;59;201.02
180;3;160;48;40.26
180;4;27;42;529.34
181;1;19;54;407.95
181;2;124;100;991.38
182;1;19;29;974.10
182;2;51;49;769.76
182;3;49;25;467.63
182;4;117;77;442.70
183;1;124;14;519.06
183;2;17;71;691.96
183;3;65;63;544.27
183;4;22;60;644.79
184;1;24;64;834.38
185;1;32;83;636.35
185;2;11;45;261.49
185;3;104;63;945.07
185;4;178;68;152.98
186;1;61;40;421.81
186;2;187;12;568.64
186;3;63;49;674.76
186;4;131;34;386.33
186;5;157;93;246.63
187;1;186;98;257.37
188;1;8;2;882.03
188;2;100;30;971.38
188;3;101;3;966.76
188;4;58;14;500.07
188;5;106;42;211.00
189;1;84;72;385.58
189;2;194;67;683.90
189;3;35;85;641.18
189;4;14;82;423.13
189;5;163;8;261.27
190;1;38;31;654.75
190;2;189;1;941.47
190;3;183;71;854.75
191;1;174;23;173.21
192;1;66;16;243.41
192;2;197;96;935.20
192;3;57;80;818.82
192;4;134;80;932.12
192;5;158;74;381.70
193;1;118;7;130.70
193;2;60;34;313.08
194;1;158;30;304.84
194;2;78;72;629.17
194;3;94;7;464.05
194;4;30;84;161.31
194;5;17;82;846.52
195;1;35;79;901.47
195;2;64;41;209.70
195;3;24;25;382.72
196;1;163;9;437.44
196;2;45;38;466.17
197;1;131;74;893.85
197;2;109;57;48.44
197;3;142;31;335.58
197;4;171;21;942.55
197;5;70;69;537.97
198;1;155;55;752.63
198;2;15;13;38.46
199;1;3;71;901.44
200;1;170;93;278.70
200;2;184;26;830.18
200;3;186;82;562.53
200;4;161;14;359.32
200;5;141;5;701.81
201;1;67;60;25.57
201;2;45;71;385.43
201;3;65;17;529.12
202;1;190;76;891.95
202;2;164;87;101.19
202;3;126;27;770.88
203;1;116;95;999.55
203;2;145;93;687.71
204;1;89;77;385.63
204;2;43;44;740.80
205;1;88;69;24.43
205;2;2;6;75.21
205;3;199;75;459.43
205;4;170;17;175.13
206;1;9;54;683.16
206;2;75;25;793.65
206;3;170;47;811.78
206;4;31;35;277.16
206;5;184;89;399.71
207;1;120;1;834.22
207;2;80;51;590.03
207;3;190;29;411.25
207;4;101;61;635.66
207;5;74;17;657.53
208;1;62;14;72.06
208;2;22;76;277.13
208;3;54;56;338.98
209;1;66;60;958.70
209;2;153;1;954.22
209;3;25;36;315.06
210;1;60;81;217.60
210;2;102;99;258.05
210;3;137;53;176.72
210;4;124;8;177.36
210;5;139;78;104.27
211;1;144;66;208.23
211;2;125;26;904.66
211;3;9;24;487.46
211;4;88;80;370.14
212;1;57;37;222.96
212;2;33;66;591.08
213;1;173;63;74.18
213;2;177;41;588.35
213;3;79;15;103.03
214;1;87;97;295.22
214;2;73;43;885.70
214;3;135;100;522.34
214;4;1;28;30.51
215;1;98;28;601.74
215;2;52;18;456.43
216;1;92;41;869.52
216;2;131;21;860.26
217;1;60;79;266.63
217;2;123;46;821.14
217;3;172;86;392.01
217;4;83;55;731.16
217;5;47;25;867.33
218;1;31;95;673.13
219;1;160;14;815.34
220;1;48;11;331.13
220;2;84;20;726.18
220;3;126;10;80.56
220;4;165;99;323.46
220;5;36;82;558.10
221;1;76;84;320.74
221;2;94;59;133.81
222;1;93;41;517.40
222;2;182;15;257.07
222;3;170;34;570.78
222;4;67;90;775.56
223;1;18;87;429.85
224;1;132;55;919.73
224;2;185;70;41.30
224;3;47;80;875.72
224;4;123;38;925.16
224;5;150;33;443.51
225;1;43;15;568.30
225;2;79;88;379.40
225;3;125;35;423.00
225;4;172;37;782.55
226;1;176;65;557.33
226;2;118;93;971.80
226;3;161;31;97.92
226;4;135;1;373.27
226;5;129;53;199.23
227;1;146;61;506.37
227;2;180;11;553.28
228;1;199;25;633.35
228;2;62;44;398.82
228;3;127;57;721.66
229;1;138;21;830.56
230;1;108;10;770.84
230;2;118;6;32.26
230;3;118;6;124.18
231;1;100;49;539.40
231;2;27;51;197.72
231;3;178;47;374.46
231;4;149;71;329.49
231;5;29;32;758.13
232;1;8;2;696.34
232;2;96;48;316.23
233;1;149;38;638.07
233;2;152;41;934.62
233;3;200;49;698.19
234;1;119;3;645.55
234;2;189;4;167.74
234;3;33;8;790.31
235;1;195;75;509.93
235;2;119;58;132.72
236;1;163;16;136.81
237;1;48;4;401.81
238;1;15;68;234.83
238;2;130;56;290.88
238;3;27;32;555.74
238;4;58;51;511.24
238;5;96;56;67.23
239;1;135;91;650.62
239;2;9;16;594.67
239;3;119;5;557.95
239;4;87;96;322.50
239;5;76;53;421.36
240;1;63;60;30.49
240;2;180;43;844.69
241;1;97;1;746.45
242;1;156;72;218.33
242;2;71;12;571.53
242;3;132;97;308.42
242;4;135;95;516.12
242;5;159;60;573.64
243;1;68;53;131.19
243;2;109;94;14.56
243;3;37;70;761.26
243;4;99;74;186.42
243;5;147;78;962.27
244;1;66;82;287.17
244;2;116;70;115.95
245;1;67;31;106.24
245;2;7;3;784.64
245;3;123;50;961.51
245;4;165;7;805.99
245;5;171;18;778.71
246;1;96;78;180.59
246;2;42;26;51.97
246;3;165;67;657.89
246;4;168;23;988.82
246;5;129;26;280.30
247;1;195;74;323.80
247;2;27;76;582.51
247;3;102;45;838.48
248;1;184;48;193.58
249;1;72;18;335.64
249;2;57;78;63.89
249;3;174;58;851.85
249;4;49;39;153.96
250;1;28;5;610.50
250;2;36;27;603.32
250;3;193;37;954.94
251;1;28;2;333.21
251;2;46;59;911.86
251;3;137;52;862.77
252;1;100;95;147.74
252;2;80;50;663.82
252;3;29;46;510.34
252;4;38;98;153.74
253;1;48;60;13.14
253;2;137;88;484.23
254;1;29;47;624.02
254;2;121;48;515.54
255;1;191;54;295.42
255;2;69;52;26.98
256;1;27;28;52.59
256;2;137;11;278.39
256;3;35;43;590.39
256;4;45;8;347.14
256;5;88;80;303.65
257;1;49;83;876.82
257;2;40;59;793.19
257;3;144;13;230.40
257;4;148;58;789.15
258;1;138;37;859.25
258;2;95;79;847.81
259;1;6;8;346.73
259;2;155;22;432.34
259;3;159;21;370.57
259;4;63;72;693.03
260;1;111;67;516.73
260;2;145;62;801.03
260;3;105;60;739.93
260;4;152;31;86.77
260;5;191;37;753.93
261;1;34;22;342.03
261;2;134;1;819.70
261;3;120;17;507.09
261;4;30;51;767.88
261;5;159;77;129.58
262;1;28;49;540.54
263;1;120;69;831.23
263;2;143;71;383.52
264;1;122;28;492.85
264;2;194;79;609.88
264;3;50;63;653.53
264;4;110;34;320.92
264;5;127;41;374.84
265;1;158;45;264.66
265;2;162;74;257.14
265;3;124;51;183.29
265;4;39;85;712.30
266;1;47;85;399.48
266;2;188;42;709.53
266;3;145;83;131.70
266;4;79;18;491.52
266;5;199;26;97.45
267;1;134;14;548.94
267;2;87;91;343.31
267;3;153;13;997.42
267;4;100;39;198.15
267;5;78;84;731.75
268;1;117;79;25.89
268;2;46;62;282.28
268;3;168;41;952.47
268;4;28;57;565.55
268;5;51;13;575.26
269;1;18;96;907.87
270;1;170;77;353.46
270;2;191;66;362.72
270;3;8;21;808.54
270;4;189;34;297.68
271;1;148;97;176.61
271;2;64;28;150.35
271;3;110;34;207.51
272;1;66;39;100.75
272;2;113;68;953.63
272;3;200;79;998.29
273;1;23;72;663.00
274;1;104;98;343.09
274;2;132;94;678.71
274;3;1;74;595.47
274;4;78;2;171.99
275;1;43;24;340.24
275;2;5;89;727.72
275;3;78;22;266.05
275;4;125;54;15.89
275;5;114;79;401.96
276;1;144;16;648.61
276;2;178;30;963.82
276;3;182;88;30.10
277;1;133;18;459.03
277;2;158;2;237.73
277;3;156;90;595.74
278;1;71;63;973.84
278;2;139;63;528.89
278;3;119;11;366.43
278;4;107;5;171.87
278;5;122;20;733.81
279;1;92;62;688.78
280;1;33;92;270.41
281;1;181;39;640.02
282;1;144;5;292.64
282;2;140;18;194.91
282;3;16;22;667.94
282;4;172;40;919.01
283;1;200;27;157.24
283;2;164;55;306.55
284;1;142;19;235.02
284;2;68;26;234.05
285;1;157;27;485.15
285;2;200;53;498.66
285;3;23;15;372.00
286;1;188;47;167.72
287;1;122;6;764.22
287;2;169;41;865.54
287;3;89;14;881.93
288;1;2;54;745.51
288;2;126;82;687.01
288;3;12;79;721.19
288;4;108;86;230.57
288;5;28;38;610.53
289;1;37;68;870.95
289;2;86;9;298.82
289;3;61;100;680.93
290;1;169;14;305.21
291;1;126;99;63.10
292;1;137;55;842.07
292;2;22;40;527.04
292;3;76;69;236.93
293;1;114;23;115.74
293;2;127;85;967.93
294;1;28;18;785.97
294;2;23;62;491.80
295;1;8;27;750.51
295;2;122;31;377.27
295;3;101;62;757.52
296;1;145;41;101.94
296;2;3;88;947.02
297;1;90;51;336.72
298;1;8;72;368.03
299;1;64;79;905.79
300;1;118;75;486.27
300;2;114;52;792.90
300;3;118;77;890.42
301;1;59;63;299.37
302;1;116;55;344.10
302;2;133;35;640.36
302;3;80;11;666.51
303;1;168;72;217.41
303;2;62;18;541.06
303;3;177;77;984.75
303;4;62;86;47.48
303;5;173;96;39.04
304;1;36;14;404.88
305;1;152;85;525.34
305;2;161;20;279.68
305;3;124;2;794.05
305;4;40;33;226.63
305;5;145;57;218.19
306;1;23;67;27.87
306;2;132;48;574.82
306;3;79;78;238.72
307;1;25;80;982.79
307;2;17;78;407.22
307;3;55;7;671.44
307;4;3;10;480.51
308;1;191;63;798.60
309;1;153;61;839.50
309;2;182;57;379.45
309;3;13;46;835.96
309;4;148;78;661.18
310;1;46;27;181.34
310;2;175;11;914.93
311;1;71;33;498.45
311;2;35;56;506.75
312;1;171;4;296.59
312;2;78;80;151.83
312;3;63;35;467.27
312;4;26;61;994.22
313;1;100;12;683.51
313;2;50;65;809.00
313;3;136;17;116.02
313;4;142;25;718.92
314;1;26;74;809.08
314;2;141;43;232.29
314;3;130;72;446.53
314;4;179;12;218.99
315;1;126;77;512.08
315;2;78;36;294.83
316;1;159;52;126.02
316;2;156;44;366.89
316;3;152;42;354.29
317;1;177;29;211.63
317;2;188;8;746.90
317;3;3;94;561.16
317;4;89;51;530.63
317;5;193;24;45.15
318;1;185;69;642.59
318;2;20;24;797.12
318;3;114;99;460.33
319;1;164;21;56.06
319;2;120;29;541.17
319;3;108;80;866.31
319;4;20;73;855.06
319;5;48;99;15.19
320;1;194;60;110.25
321;1;161;3;229.04
321;2;111;92;335.28
321;3;65;3;313.35
321;4;36;29;570.33
321;5;187;56;469.50
322;1;54;47;858.92
322;2;15;73;134.65
322;3;27;34;276.99
322;4;144;44;797.75
323;1;96;18;992.91
323;2;70;52;762.47
323;3;175;26;743.16
324;1;200;44;914.68
324;2;158;92;812.50
324;3;80;12;611.66
324;4;35;62;269.78
324;5;84;3;378.59
325;1;135;40;961.68
325;2;84;75;576.02
325;3;122;53;405.74
326;1;8;4;750.89
326;2;140;59;845.74
326;3;113;23;261.05
327;1;53;67;414.41
327;2;199;77;387.38
328;1;176;62;791.04
328;2;14;34;411.65
328;3;101;31;550.42
328;4;48;9;615.61
328;5;69;82;360.30
329;1;109;72;241.84
329;2;36;99;233.63
329;3;32;19;16.41
329;4;31;90;861.24
329;5;150;24;243.65
330;1;88;47;160.65
331;1;48;92;813.38
331;2;157;98;494.42
331;3;10;73;599.13
331;4;59;18;806.85
332;1;62;19;10.62
332;2;157;66;460.18
333;1;171;59;329.08
333;2;156;35;747.31
333;3;199;19;240.88
333;4;78;72;622.58
334;1;126;53;755.40
334;2;145;45;833.61
334;3;196;9;261.09
334;4;180;50;151.97
335;1;24;100;473.53
335;2;30;36;106.74
335;3;18;18;515.96
335;4;170;78;13.60
336;1;47;65;628.66
336;2;28;78;977.67
337;1;65;79;777.70
337;2;113;6;567.19
337;3;63;23;816.03
338;1;82;76;415.76
339;1;59;38;924.82
339;2;63;21;28.02
339;3;65;42;622.56
339;4;117;96;26.45
339;5;145;43;193.30
340;1;106;93;660.27
340;2;91;33;745.21
340;3;143;14;821.50
340;4;166;69;759.80
340;5;161;74;914.56
341;1;174;24;502.20
341;2;124;66;855.92
342;1;105;29;880.84
343;1;163;31;484.48
343;2;164;34;571.96
343;3;101;100;146.01
343;4;49;14;284.44
343;5;11;62;280.99
344;1;153;75;679.65
344;2;9;27;669.80
345;1;39;48;273.42
345;2;12;67;61.25
346;1;104;22;999.35
346;2;144;21;674.35
346;3;146;6;870.25
346;4;55;15;463.17
346;5;172;77;946.59
347;1;89;9;300.82
347;2;198;28;936.70
347;3;175;30;733.08
348;1;179;49;457.30
348;2;160;47;270.29
349;1;91;3;177.55
349;2;161;57;783.92
350;1;43;10;813.99
350;2;152;15;14.02
351;1;171;92;241.57
351;2;146;15;738.85
352;1;173;28;133.60
352;2;14;15;860.46
353;1;200;24;305.55
353;2;167;99;82.67
353;3;147;74;934.14
353;4;153;50;449.54
354;1;167;52;958.98
354;2;163;38;976.30
354;3;124;54;739.40
354;4;37;34;150.54
354;5;52;18;616.56
355;1;190;30;272.37
355;2;8;75;899.43
355;3;4;74;969.74
355;4;194;42;370.48
355;5;9;65;727.64
356;1;153;32;61.35
356;2;183;31;459.84
356;3;108;73;577.03
356;4;114;10;103.55
356;5;63;72;315.27
357;1;119;42;674.47
357;2;194;3;550.73
358;1;41;97;848.60
358;2;80;46;852.18
359;1;112;88;432.23
359;2;50;96;383.43
359;3;115;63;604.11
359;4;66;66;166.00
360;1;122;64;93.05
361;1;89;73;597.19
361;2;85;42;141.18
361;3;73;61;672.94
362;1;9;13;742.05
363;1;71;58;942.39
363;2;57;88;672.53
363;3;2;31;251.42
363;4;58;15;284.16
363;5;185;77;127.32
364;1;19;72;416.54
364;2;128;19;84.82
365;1;150;29;820.01
365;2;2;21;956.64
365;3;114;45;357.27
365;4;106;64;939.28
366;1;133;8;710.50
366;2;84;74;469.01
366;3;86;85;553.64
366;4;82;95;933.13
367;1;109;22;108.13
367;2;94;71;168.06
367;3;162;66;881.38
368;1;8;88;280.67
368;2;173;33;414.57
369;1;179;50;147.07
369;2;174;1;106.27
369;3;121;3;689.23
370;1;21;6;512.01
371;1;44;30;48.99
371;2;163;5;134.22
371;3;189;58;929.60
372;1;12;71;62.55
373;1;165;6;174.46
373;2;192;50;225.94
373;3;137;60;772.27
374;1;150;93;168.82
374;2;42;36;454.34
375;1;34;22;818.91
375;2;175;40;397.05
375;3;1;6;338.37
375;4;28;61;961.81
376;1;103;75;642.62
376;2;99;86;361.58
376;3;180;62;800.85
377;1;154;79;381.51
377;2;93;63;830.66
377;3;127;72;301.56
377;4;120;57;151.08
378;1;32;78;860.52
378;2;190;28;977.64
379;1;171;49;997.55
379;2;18;38;322.91
380;1;56;54;707.73
381;1;72;27;927.91
381;2;185;66;913.40
381;3;101;14;175.96
382;1;71;71;907.21
382;2;29;88;757.67
382;3;109;36;527.73
383;1;149;24;287.95
384;1;182;29;223.65
385;1;163;20;868.32
385;2;88;76;481.48
386;1;6;48;25.76
386;2;66;19;778.37
386;3;123;96;783.12
387;1;114;75;99.14
387;2;166;80;887.74
387;3;197;93;840.23
387;4;164;31;850.83
387;5;142;6;665.99
388;1;18;13;810.18
388;2;73;34;458.53
388;3;156;94;829.74
388;4;20;22;201.86
388;5;15;91;912.61
389;1;119;6;896.26
389;2;29;74;554.52
389;3;142;57;964.00
389;4;77;85;210.57
389;5;22;35;452.36
390;1;155;27;994.63
390;2;164;95;854.92
390;3;68;7;614.55
390;4;71;100;746.89
391;1;178;36;751.30
391;2;130;6;787.27
391;3;133;63;638.25
391;4;20;35;24.65
392;1;22;9;420.31
392;2;28;80;230.81
392;3;192;6;511.69
392;4;145;100;280.48
392;5;186;4;373.43
393;1;81;93;587.54
393;2;118;79;225.70
393;3;61;43;878.54
394;1;24;26;555.27
394;2;68;11;689.62
394;3;70;40;257.73
395;1;121;36;504.33
395;2;5;57;129.56
395;3;47;91;317.93
395;4;85;73;391.40
396;1;183;93;682.60
396;2;59;77;966.36
396;3;154;37;989.99
396;4;48;58;836.64
396;5;196;82;326.05
397;1;169;12;532.22
397;2;85;70;467.26
397;3;142;10;876.80
397;4;30;86;515.96
397;5;59;41;56.84
398;1;38;76;545.19
398;2;145;32;664.98
398;3;77;30;248.81
398;4;162;70;256.36
398;5;114;21;371.58
399;1;48;97;909.95
399;2;92;71;351.67
399;3;32;33;973.71
399;4;166;62;720.05
399;5;148;81;519.12
400;1;25;69;345.88
401;1;84;94;748.70
401;2;61;47;97.88
401;3;78;75;812.84
401;4;176;74;520.69
402;1;145;73;782.51
402;2;89;63;882.97
402;3;123;73;62.43
403;1;17;8;197.95
403;2;50;27;743.69
403;3;181;92;406.22
403;4;178;83;994.39
404;1;193;8;117.37
404;2;50;45;616.47
405;1;70;90;119.13
405;2;159;89;453.26
405;3;179;93;913.03
406;1;158;30;751.83
406;2;193;17;144.22
406;3;148;34;831.87
406;4;107;3;163.36
406;5;49;3;54.59
407;1;124;68;169.48
407;2;101;79;397.17
407;3;114;31;406.01
408;1;170;37;149.97
408;2;157;66;566.67
408;3;133;82;196.47
408;4;19;44;69.98
409;1;25;83;206.56
409;2;103;44;850.58
409;3;196;56;182.15
409;4;109;7;199.82
410;1;103;6;612.10
410;2;23;96;358.31
410;3;130;7;857.31
410;4;63;52;331.39
410;5;86;75;161.58
411;1;189;62;966.69
411;2;12;30;166.85
411;3;54;87;853.35
411;4;117;36;547.40
411;5;38;26;86.55
412;1;83;46;616.75
412;2;3;16;779.59
412;3;164;16;525.94
412;4;19;25;404.56
413;1;155;60;643.70
413;2;118;60;316.64
413;3;92;77;491.03
413;4;95;76;720.16
414;1;137;46;381.19
415;1;40;67;692.68
415;2;144;37;157.72
415;3;127;96;539.42
416;1;119;14;397.39
416;2;23;26;736.91
416;3;120;5;988.18
416;4;44;51;401.36
416;5;4;76;751.57
417;1;163;77;369.78
417;2;81;95;537.19
417;3;165;54;675.11
417;4;126;33;306.75
417;5;41;21;676.81
418;1;123;88;500.92
418;2;83;31;982.20
418;3;39;86;547.53
418;4;17;53;874.63
418;5;165;22;300.08
419;1;20;76;481.52
419;2;103;87;441.54
419;3;188;100;712.29
419;4;48;79;361.37
419;5;59;62;221.18
420;1;8;41;394.15
420;2;169;53;235.12
420;3;184;53;981.18
421;1;40;48;784.39
421;2;28;52;651.93
421;3;167;97;326.70
422;1;79;39;580.81
422;2;55;91;735.60
423;1;23;72;470.87
424;1;12;80;66.62
424;2;104;72;917.77
424;3;48;44;446.20
424;4;46;13;676.54
424;5;128;74;873.08
425;1;5;35;540.91
425;2;17;60;759.38
425;3;47;57;206.12
425;4;4;18;919.31
426;1;82;26;608.68
426;2;122;67;121.30
426;3;67;5;787.08
426;4;88;85;260.36
427;1;157;8;994.07
427;2;130;40;382.72
427;3;163;89;667.63
427;4;130;69;648.56
428;1;61;4;811.96
428;2;196;31;212.33
429;1;114;68;755.21
429;2;168;35;261.76
429;3;130;57;180.84
429;4;168;56;755.85
430;1;7;73;85.09
430;2;38;61;699.79
430;3;106;27;602.63
430;4;184;92;671.34
431;1;66;87;899.49
431;2;160;37;244.13
432;1;173;94;700.18
432;2;38;81;292.99
432;3;107;70;411.97
433;1;179;2;44.05
433;2;132;6;658.51
434;1;26;83;110.23
434;2;19;95;285.82
434;3;103;88;585.00
434;4;65;63;410.73
434;5;178;52;680.30
435;1;45;98;522.55
435;2;150;30;507.26
435;3;44;43;751.32
435;4;189;63;433.85
435;5;106;72;529.17
436;1;165;18;581.68
436;2;94;5;22.23
437;1;137;26;606.67
438;1;87;51;731.75
438;2;175;98;945.03
438;3;52;48;524.85
438;4;47;89;356.88
439;1;49;56;225.63
440;1;63;30;86.31
440;2;69;96;68.34
440;3;20;62;159.71
440;4;19;86;166.48
441;1;106;5;218.01
441;2;74;71;741.15
441;3;181;73;487.43
441;4;146;26;461.83
441;5;68;94;554.04
442;1;44;72;737.70
442;2;107;87;982.66
442;3;199;16;295.03
442;4;26;79;219.63
442;5;1;95;353.72
443;1;20;2;391.12
444;1;177;21;742.44
444;2;77;61;706.32
445;1;90;33;72.57
445;2;68;88;826.31
445;3;83;20;790.59
446;1;184;51;286.63
447;1;68;90;361.37
447;2;36;69;178.89
447;3;122;64;981.62
447;4;42;66;670.64
448;1;52;27;461.64
448;2;90;87;744.47
448;3;5;11;848.61
449;1;154;98;120.21
449;2;171;71;156.54
449;3;120;61;10.04
449;4;173;46;386.73
450;1;135;51;263.00
450;2;185;93;424.66
451;1;163;65;31.80
452;1;173;16;180.68
452;2;164;40;584.94
453;1;185;80;967.98
453;2;123;67;859.29
453;3;80;52;267.26
454;1;189;52;754.05
455;1;11;19;630.53
456;1;103;17;612.88
456;2;182;4;872.12
457;1;24;69;85.64
457;2;42;98;749.16
457;3;23;7;197.22
458;1;124;78;813.44
458;2;115;73;698.55
458;3;31;39;853.50
458;4;196;1;836.86
458;5;198;97;70.47
459;1;54;12;394.44
459;2;162;53;247.08
459;3;157;47;678.01
459;4;39;16;188.92
460;1;118;88;257.09
460;2;6;45;452.78
460;3;78;99;194.47
460;4;101;54;342.69
461;1;75;30;620.70
461;2;10;57;237.05
461;3;104;50;931.16
461;4;151;16;154.16
462;1;21;68;634.01
462;2;104;79;28.48
463;1;166;13;463.78
463;2;200;25;243.56
463;3;158;89;945.84
464;1;33;85;76.10
465;1;70;53;515.52
466;1;140;64;303.86
466;2;93;83;817.23
466;3;67;70;801.21
466;4;179;76;66.54
466;5;153;12;104.39
467;1;164;58;512.79
467;2;24;18;879.65
467;3;139;16;935.15
467;4;187;58;218.93
467;5;58;66;751.27
468;1;133;5;261.36
468;2;181;6;796.56
469;1;180;96;487.00
469;2;184;47;21.39
470;1;64;60;403.81
470;2;25;21;872.59
470;3;77;16;310.33
470;4;163;100;262.12
471;1;103;27;233.14
471;2;80;28;850.79
471;3;82;12;937.03
471;4;123;86;623.09
471;5;28;60;687.17
472;1;194;9;733.44
472;2;197;4;659.11
472;3;5;14;636.56
473;1;68;21;436.48
473;2;65;15;350.27
473;3;44;72;559.13
473;4;129;53;615.35
474;1;61;17;189.75
474;2;47;44;887.86
475;1;194;20;95.92
475;2;165;68;697.44
476;1;99;13;756.86
476;2;40;58;770.61
476;3;120;41;880.29
477;1;128;36;369.64
478;1;69;97;857.20
478;2;159;48;854.54
479;1;81;43;15.92
479;2;58;99;629.94
479;3;31;9;998.32
479;4;4;58;39.90
480;1;155;68;803.61
481;1;135;85;695.28
481;2;152;12;237.37
481;3;154;74;937.54
481;4;19;49;954.00
482;1;100;92;300.04
482;2;131;83;672.51
482;3;163;39;540.81
482;4;67;62;537.01
483;1;195;47;605.96
483;2;16;40;934.93
484;1;95;62;50.82
485;1;147;48;732.60
486;1;9;25;619.18
486;2;181;91;733.66
486;3;90;55;243.53
486;4;89;40;569.63
487;1;180;20;385.09
488;1;195;61;37.02
489;1;54;92;746.93
489;2;102;31;295.74
490;1;154;35;94.52
490;2;180;28;658.83
490;3;26;91;43.74
491;1;81;75;874.48
491;2;76;72;351.62
492;1;176;78;909.64
493;1;47;29;670.07
493;2;187;81;718.59
493;3;64;73;357.11
493;4;27;56;903.52
494;1;9;52;458.00
494;2;173;71;852.18
494;3;111;36;539.78
494;4;131;84;75.98
495;1;64;75;235.03
496;1;83;79;444.33
496;2;19;34;36.51
496;3;22;34;741.76
496;4;76;92;312.02
497;1;192;44;841.16
497;2;171;82;705.94
497;3;54;3;234.34
498;1;20;24;80.92
498;2;38;98;867.13
498;3;152;95;546.55
498;4;87;41;943.00
498;5;147;31;418.55
499;1;174;15;874.64
499;2;154;85;230.69
500;1;8;40;472.49
500;2;22;12;850.90
500;3;16;86;278.52
500;4;146;30;17.66
501;1;144;19;928.48
501;2;35;84;40.82
501;3;16;14;225.81
502;1;80;49;772.85
502;2;174;75;896.63
502;3;38;93;686.91
502;4;16;54;915.39
503;1;97;92;438.84
504;1;64;45;182.58
505;1;151;54;957.34
505;2;195;1;420.06
506;1;77;57;123.14
506;2;57;12;617.77
506;3;198;10;341.33
507;1;164;76;37.47
507;2;39;87;529.25
507;3;76;46;915.77
507;4;15;79;276.82
508;1;167;9;324.34
509;1;15;15;613.61
509;2;181;5;78.71
509;3;71;36;436.50
509;4;188;51;390.95
510;1;79;16;208.49
510;2;106;79;516.65
511;1;117;1;680.80
511;2;8;77;752.96
511;3;173;90;372.47
511;4;86;10;926.95
512;1;121;89;620.19
512;2;99;26;580.63
512;3;167;52;695.43
512;4;23;84;897.71
512;5;159;62;829.45
513;1;53;90;913.14
513;2;150;89;934.35
513;3;86;27;512.76
514;1;38;61;505.89
514;2;90;17;325.39
514;3;134;2;90.85
514;4;47;44;514.83
515;1;191;74;524.98
515;2;30;69;529.30
516;1;53;27;806.22
517;1;99;29;234.24
517;2;63;33;78.22
517;3;45;57;993.06
517;4;73;24;90.26
518;1;193;14;657.82
518;2;35;66;992.36
519;1;55;11;840.53
520;1;57;63;735.52
520;2;63;57;824.50
521;1;41;97;370.72
521;2;139;88;943.73
521;3;139;25;943.61
522;1;153;56;27.52
522;2;141;96;440.97
522;3;121;88;917.74
522;4;119;89;974.31
523;1;190;12;132.83
524;1;169;97;907.08
525;1;50;87;64.03
526;1;153;78;276.61
526;2;88;7;748.63
526;3;184;20;343.05
526;4;17;90;525.20
527;1;126;62;187.60
528;1;193;73;21.93
528;2;141;94;207.36
528;3;159;60;994.34
528;4;57;11;593.43
529;1;42;3;988.00
529;2;84;73;520.87
530;1;150;37;925.40
530;2;2;92;563.48
531;1;68;35;330.07
531;2;157;99;857.30
531;3;66;15;548.71
531;4;91;87;484.32
531;5;142;89;58.27
532;1;111;75;778.88
532;2;196;37;913.27
532;3;175;2;931.00
533;1;131;39;762.46
533;2;32;74;900.01
533;3;130;98;159.83
533;4;57;49;528.54
533;5;116;96;730.16
534;1;82;100;905.66
534;2;151;76;899.62
534;3;32;54;720.88
534;4;179;85;777.78
534;5;189;23;141.06
535;1;121;70;658.72
535;2;71;52;95.64
535;3;181;83;720.70
536;1;31;8;846.57
536;2;96;77;854.43
536;3;5;21;700.43
536;4;99;99;517.99
536;5;175;82;196.59
537;1;115;65;995.87
537;2;188;72;364.64
537;3;31;18;95.29
537;4;85;78;904.79
538;1;49;81;899.35
538;2;198;43;16.43
538;3;146;93;25.73
538;4;34;71;505.91
539;1;114;12;501.58
539;2;44;15;258.82
539;3;74;66;195.07
540;1;10;70;426.88
540;2;182;38;832.20
541;1;131;31;634.25
541;2;17;24;842.66
541;3;29;88;462.65
542;1;78;93;316.57
542;2;34;44;176.65
542;3;95;11;403.27
543;1;88;71;925.64
543;2;127;89;885.29
543;3;130;79;876.45
543;4;63;75;392.35
543;5;165;89;259.20
544;1;32;49;237.47
544;2;189;48;49.70
544;3;55;45;325.66
544;4;88;23;727.50
544;5;99;49;798.25
545;1;67;28;715.10
545;2;72;44;244.46
546;1;141;35;134.18
546;2;135;100;936.85
547;1;45;63;919.57
547;2;122;54;661.16
547;3;77;52;474.20
547;4;95;81;413.68
547;5;25;64;726.55
548;1;129;76;638.21
548;2;8;40;867.63
549;1;19;50;316.77
549;2;170;84;901.17
549;3;195;100;832.56
550;1;58;24;202.80
550;2;86;59;513.19
550;3;149;12;501.27
551;1;185;9;140.27
551;2;81;29;762.47
552;1;100;62;635.83
553;1;103;8;315.96
553;2;77;42;145.71
553;3;87;36;627.09
554;1;68;67;691.05
554;2;125;95;856.68
554;3;64;66;462.17
554;4;24;20;720.97
554;5;87;84;981.17
555;1;26;9;350.62
555;2;147;23;223.62
556;1;102;94;419.16
556;2;150;88;152.57
556;3;113;2;292.11
556;4;94;41;721.78
557;1;196;86;692.62
557;2;17;46;429.53
557;3;172;73;265.24
558;1;136;44;728.26
558;2;53;66;163.33
558;3;141;32;57.87
558;4;76;37;206.65
558;5;154;3;42.63
559;1;25;73;51.51
559;2;161;35;147.60
559;3;131;93;242.65
560;1;5;98;869.20
560;2;43;86;651.73
561;1;76;59;337.31
562;1;62;94;276.83
563;1;21;72;167.97
563;2;133;69;467.50
563;3;44;53;751.75
564;1;7;46;201.40
564;2;6;47;165.12
564;3;146;86;299.31
565;1;114;37;196.54
566;1;110;50;586.81
567;1;139;55;657.67
567;2;22;66;632.05
567;3;7;52;346.35
567;4;116;35;892.77
568;1;18;24;959.73
568;2;6;87;720.66
568;3;61;74;615.59
569;1;135;50;810.88
569;2;124;10;524.25
570;1;123;76;456.48
570;2;8;47;758.30
570;3;186;90;197.38
571;1;95;94;650.55
571;2;62;30;793.80
571;3;153;59;714.90
571;4;155;24;170.37
571;5;106;14;385.47
572;1;193;36;267.59
572;2;43;85;237.99
572;3;188;64;159.28
572;4;31;87;856.00
572;5;161;36;674.07
573;1;63;52;414.02
573;2;53;49;108.24
573;3;44;21;569.70
574;1;77;17;177.37
575;1;58;76;689.74
576;1;140;25;675.16
576;2;54;29;364.64
576;3;197;6;95.65
576;4;39;54;344.24
577;1;111;91;472.38
577;2;59;83;869.35
577;3;67;22;494.72
577;4;171;74;284.01
578;1;37;90;930.24
578;2;36;38;326.21
579;1;134;12;858.11
579;2;48;74;863.66
579;3;89;71;597.58
579;4;157;11;623.65
580;1;157;15;130.41
580;2;16;59;610.53
580;3;24;97;931.28
580;4;131;24;163.01
581;1;170;18;285.61
581;2;115;19;470.09
582;1;99;100;335.84
582;2;53;46;363.46
582;3;28;85;734.03
583;1;125;20;649.24
583;2;116;3;614.63
583;3;4;65;326.40
584;1;143;31;367.65
585;1;115;22;479.18
585;2;128;1;623.00
585;3;127;24;114.77
585;4;121;75;791.86
585;5;84;55;745.86
586;1;55;96;178.97
586;2;64;32;842.36
587;1;85;40;959.27
587;2;106;93;465.17
588;1;60;22;296.44
588;2;48;65;239.82
588;3;53;17;861.30
588;4;48;59;844.03
588;5;125;86;51.78
589;1;101;48;351.89
589;2;123;47;902.50
589;3;189;90;673.58
589;4;110;2;205.98
589;5;94;18;215.68
590;1;72;91;987.25
591;1;101;46;27.44
591;2;135;58;227.12
591;3;165;37;171.74
591;4;145;32;888.40
591;5;171;63;204.87
592;1;199;8;528.61
592;2;142;59;888.74
592;3;133;88;525.18
592;4;145;8;39.38
593;1;199;57;507.31
593;2;160;29;16.98
593;3;173;9;805.64
594;1;152;90;974.08
594;2;194;72;440.00
594;3;169;10;549.63
595;1;31;87;518.35
595;2;98;74;931.62
596;1;155;98;405.22
596;2;42;87;328.10
596;3;7;40;820.82
597;1;7;27;198.39
597;2;163;95;865.60
597;3;105;9;924.05
598;1;22;38;688.30
598;2;12;25;314.16
598;3;2;22;155.10
598;4;65;56;571.40
599;1;135;86;772.98
599;2;147;9;952.50
600;1;173;37;699.31
601;1;6;15;543.83
602;1;166;31;659.87
603;1;11;98;831.99
603;2;61;41;845.48
603;3;148;17;912.18
603;4;115;61;90.47
604;1;3;78;30.10
604;2;13;88;940.59
604;3;101;24;727.25
605;1;184;53;511.68
605;2;136;34;628.87
606;1;193;27;339.19
606;2;126;70;904.44
607;1;101;31;686.07
607;2;189;25;135.52
607;3;184;75;659.80
607;4;58;5;989.19
607;5;105;65;359.73
608;1;83;31;217.72
608;2;179;10;711.66
609;1;40;66;364.42
609;2;179;55;552.96
609;3;94;64;728.15
610;1;18;9;251.63
610;2;104;97;851.52
610;3;34;23;653.61
610;4;89;46;303.19
610;5;128;74;733.99
611;1;40;70;972.59
611;2;66;71;629.87
612;1;89;6;233.40
613;1;92;61;507.15
613;2;154;87;825.14
613;3;50;73;94.54
613;4;41;87;473.32
613;5;167;87;75.23
614;1;88;70;433.94
614;2;111;76;280.02
614;3;124;67;995.93
615;1;182;100;917.69
615;2;150;71;252.39
615;3;117;87;372.99
615;4;77;9;750.67
616;1;157;84;202.68
616;2;58;47;412.61
617;1;33;1;638.90
617;2;180;37;718.74
618;1;27;28;953.00
618;2;149;42;527.25
618;3;186;100;472.65
619;1;148;91;977.50
619;2;18;90;33.80
619;3;192;18;13.04
619;4;108;18;34.73
619;5;117;42;939.39
620;1;167;67;110.49
620;2;101;82;600.21
620;3;99;71;589.40
620;4;86;100;370.42
621;1;88;30;507.90
621;2;130;98;485.82
621;3;185;51;800.91
621;4;137;18;454.58
622;1;113;48;153.61
622;2;104;4;673.11
622;3;27;55;895.45
622;4;162;42;875.49
622;5;168;48;252.81
623;1;195;47;66.40
623;2;189;50;40.18
624;1;144;93;65.89
624;2;65;97;807.76
624;3;120;61;265.49
625;1;68;59;631.55
625;2;152;53;384.98
625;3;14;32;928.34
625;4;179;76;86.01
626;1;177;83;702.82
626;2;35;76;996.55
626;3;8;71;425.12
626;4;60;82;584.75
627;1;53;95;61.24
627;2;194;47;785.88
628;1;185;71;745.46
628;2;60;5;443.05
628;3;59;90;605.83
628;4;136;45;138.00
629;1;47;50;458.73
629;2;138;23;596.66
630;1;126;79;436.21
630;2;107;85;792.72
630;3;119;21;496.18
630;4;20;48;438.72
631;1;36;14;873.65
631;2;32;68;744.75
631;3;24;15;386.52
631;4;132;42;654.81
632;1;16;36;625.29
632;2;183;53;281.30
632;3;58;10;460.21
632;4;61;66;10.65
633;1;59;65;827.80
633;2;121;75;985.12
633;3;141;22;972.10
634;1;70;60;29.11
634;2;22;48;730.49
634;3;41;79;797.81
634;4;30;68;536.19
634;5;124;39;698.90
635;1;22;31;871.86
635;2;107;25;371.29
635;3;59;97;901.85
635;4;195;55;110.52
636;1;146;38;532.81
636;2;136;57;531.19
636;3;154;87;677.39
637;1;85;77;949.54
637;2;72;85;421.44
637;3;116;80;839.21
638;1;15;35;834.45
639;1;183;32;672.14
639;2;37;86;53.07
640;1;62;39;444.13
640;2;62;80;381.24
640;3;52;1;600.66
641;1;23;81;352.78
641;2;105;74;592.63
641;3;140;80;169.00
642;1;41;51;418.74
643;1;30;17;367.96
643;2;108;20;973.07
643;3;34;65;334.46
644;1;29;74;657.88
644;2;174;55;260.97
644;3;64;61;452.29
645;1;198;67;46.70
645;2;75;48;887.78
646;1;98;15;293.79
646;2;10;18;363.05
647;1;46;84;300.17
647;2;52;18;468.61
648;1;56;72;303.99
648;2;49;89;637.74
648;3;144;86;247.28
648;4;14;98;757.98
649;1;18;91;521.26
649;2;145;41;374.77
650;1;139;36;361.65
651;1;55;37;888.69
651;2;120;7;650.91
651;3;125;78;88.83
652;1;79;45;650.98
653;1;38;2;56.80
653;2;186;76;531.90
653;3;44;95;120.29
653;4;25;20;786.86
653;5;181;84;435.23
654;1;106;9;871.51
654;2;23;7;926.46
654;3;119;77;515.80
655;1;9;4;338.18
655;2;186;46;216.30
655;3;192;69;660.18
655;4;143;5;360.10
656;1;100;45;821.75
656;2;128;93;255.00
656;3;195;93;731.45
656;4;16;86;186.56
656;5;44;90;267.96
657;1;125;97;390.80
657;2;65;74;434.18
657;3;188;74;573.63
658;1;178;48;701.07
658;2;69;82;798.44
658;3;132;24;358.85
659;1;90;39;185.68
659;2;126;95;692.72
660;1;117;77;315.13
660;2;175;1;98.50
661;1;47;2;962.50
661;2;181;66;750.38
661;3;86;62;87.17
661;4;110;28;630.62
662;1;197;94;107.91
662;2;164;80;73.67
662;3;75;71;278.32
662;4;30;92;101.22
662;5;189;30;489.11
663;1;65;21;532.73
663;2;144;26;794.58
663;3;174;73;351.38
663;4;28;83;826.45
663;5;76;47;67.56
664;1;81;24;583.49
665;1;97;12;769.22
665;2;80;5;840.40
665;3;16;91;659.95
665;4;72;51;97.35
666;1;140;39;593.99
666;2;183;62;74.85
666;3;88;54;174.90
667;1;133;12;413.34
667;2;55;72;971.10
667;3;19;67;342.10
667;4;12;94;904.53
668;1;117;27;527.63
668;2;134;19;985.53
668;3;53;73;499.10
668;4;37;85;785.93
669;1;31;70;836.89
669;2;104;89;559.71
669;3;34;5;958.59
669;4;77;66;400.19
670;1;81;27;457.30
670;2;109;61;533.91
670;3;99;32;81.98
671;1;100;16;164.06
671;2;102;15;312.56
671;3;45;65;953.32
671;4;108;63;454.54
672;1;2;5;642.91
672;2;70;13;328.12
672;3;179;26;382.39
673;1;112;47;551.31
673;2;168;19;380.54
673;3;67;36;985.69
673;4;92;46;758.44
673;5;4;37;479.19
674;1;155;13;825.15
674;2;163;41;57.44
674;3;123;48;149.16
674;4;98;19;182.43
675;1;12;16;36.47
675;2;181;39;508.24
675;3;99;88;712.34
675;4;189;33;417.02
675;5;108;49;38.37
676;1;103;45;114.17
676;2;122;27;122.43
676;3;94;99;130.47
676;4;122;76;73.66
676;5;13;4;863.48
677;1;74;19;858.67
678;1;75;89;47.08
679;1;191;37;981.26
679;2;13;36;41.37
679;3;119;90;611.33
679;4;113;60;831.33
680;1;161;19;95.29
680;2;106;95;728.11
681;1;78;25;904.03
681;2;121;1;286.54
681;3;84;84;176.61
681;4;196;27;68.21
681;5;62;68;642.07
682;1;24;72;315.49
682;2;56;59;23.01
682;3;85;33;364.70
682;4;50;66;28.45
683;1;167;60;789.97
683;2;119;43;909.43
683;3;189;3;38.39
683;4;165;89;503.53
683;5;25;11;897.40
684;1;5;54;196.13
684;2;102;95;840.92
684;3;104;32;964.11
685;1;194;88;681.37
685;2;168;44;374.27
685;3;122;4;140.17
686;1;181;46;81.62
686;2;53;35;41.68
686;3;69;58;925.47
686;4;152;31;738.75
686;5;184;31;667.46
687;1;185;77;647.95
687;2;64;43;781.16
687;3;60;44;49.99
687;4;24;31;732.19
688;1;196;100;253.73
688;2;126;57;813.05
689;1;67;61;281.05
689;2;129;11;617.63
689;3;44;73;979.42
690;1;101;78;532.56
690;2;137;6;176.71
690;3;104;53;387.40
690;4;176;92;339.65
691;1;31;1;59.54
691;2;157;82;273.52
691;3;8;64;870.19
692;1;107;27;749.27
692;2;139;82;792.08
692;3;182;85;649.40
692;4;2;79;904.00
692;5;37;8;275.42
693;1;192;11;215.18
693;2;116;9;887.28
693;3;112;46;38.43
693;4;189;41;364.97
694;1;14;18;513.38
695;1;149;88;158.63
695;2;8;39;752.05
695;3;98;76;820.36
695;4;188;11;442.36
696;1;49;98;486.39
697;1;64;71;992.01
697;2;168;54;449.67
697;3;157;40;11.53
697;4;67;88;156.75
698;1;75;51;750.67
698;2;7;4;252.89
698;3;13;32;73.38
698;4;148;24;646.87
698;5;41;99;142.17
699;1;55;39;535.00
699;2;22;80;262.41
699;3;200;89;859.61
699;4;141;21;696.36
699;5;188;78;294.86
700;1;132;38;430.32
701;1;128;100;69.88
701;2;44;49;240.41
702;1;87;49;90.13
702;2;133;31;742.84
703;1;189;33;99.40
703;2;131;6;648.98
703;3;183;86;41.60
704;1;116;63;317.66
705;1;74;27;952.30
705;2;48;40;443.40
705;3;43;96;549.68
705;4;27;28;432.61
706;1;4;31;77.54
707;1;139;38;948.56
707;2;74;3;74.14
708;1;182;85;159.57
709;1;173;53;765.98
709;2;192;95;204.31
709;3;149;33;967.73
709;4;127;13;587.85
709;5;48;34;932.04
710;1;56;100;87.54
710;2;54;19;356.39
710;3;157;12;177.07
710;4;91;18;352.43
710;5;21;14;224.77
711;1;117;94;591.51
711;2;15;93;653.61
711;3;61;35;688.34
711;4;179;77;584.40
711;5;118;43;291.73
712;1;175;54;499.49
712;2;179;33;633.25
712;3;88;25;442.29
712;4;95;10;883.60
712;5;142;9;641.57
713;1;66;51;589.34
713;2;38;88;953.99
713;3;28;71;816.81
714;1;100;85;193.72
714;2;47;14;862.68
714;3;57;88;688.80
714;4;143;53;630.21
715;1;113;46;830.18
715;2;98;44;682.29
715;3;28;58;20.77
716;1;179;87;395.67
716;2;98;65;740.26
716;3;8;28;908.07
717;1;119;93;235.12
717;2;120;97;392.14
717;3;77;19;357.92
718;1;61;62;325.67
719;1;172;66;359.84
719;2;26;4;864.83
720;1;70;61;855.16
720;2;175;48;570.30
720;3;124;62;631.74
720;4;142;42;637.83
720;5;146;86;969.14
721;1;142;98;837.81
721;2;126;47;943.10
721;3;17;44;914.75
722;1;7;94;306.67
722;2;29;48;15.42
722;3;28;72;924.82
722;4;168;75;797.62
722;5;66;52;716.19
723;1;51;97;23.41
723;2;195;31;402.76
723;3;73;65;582.10
724;1;96;88;341.74
724;2;156;23;981.25
724;3;192;51;133.38
724;4;45;93;108.95
725;1;66;100;652.88
726;1;166;63;320.45
727;1;130;22;89.71
727;2;37;27;722.18
727;3;144;32;335.22
727;4;152;28;677.65
727;5;172;3;631.14
728;1;179;83;377.66
729;1;134;36;586.92
729;2;119;1;746.14
729;3;166;6;796.27
729;4;39;19;657.33
729;5;190;8;983.95
730;1;192;5;587.34
731;1;151;67;101.51
731;2;84;53;559.71
731;3;87;6;788.52
731;4;187;80;408.75
731;5;49;83;164.08
732;1;86;68;174.32
732;2;151;1;337.00
732;3;180;14;403.02
732;4;75;89;507.91
733;1;191;21;337.33
733;2;183;67;498.47
733;3;191;17;71.68
734;1;197;22;667.82
734;2;149;17;406.53
734;3;52;15;276.55
734;4;26;28;460.14
735;1;131;73;881.07
735;2;24;73;423.07
735;3;191;99;488.99
735;4;131;100;125.96
735;5;69;22;358.78
736;1;20;39;326.19
737;1;74;78;540.29
737;2;176;61;981.55
737;3;145;33;73.85
737;4;179;86;180.64
737;5;118;64;48.25
738;1;86;93;818.71
739;1;190;30;508.49
740;1;93;100;316.92
740;2;6;87;94.95
740;3;86;70;71.86
740;4;59;7;740.16
741;1;13;97;332.67
742;1;100;53;492.58
742;2;24;43;622.89
742;3;106;53;283.26
742;4;4;34;166.94
742;5;117;31;229.76
743;1;196;45;923.13
743;2;162;100;102.10
744;1;11;41;903.06
744;2;139;66;782.70
744;3;4;1;820.50
744;4;69;94;378.03
745;1;85;27;313.35
745;2;102;51;18.22
745;3;27;15;416.75
746;1;130;78;405.75
746;2;94;88;459.63
746;3;148;88;876.59
747;1;195;19;126.70
747;2;134;58;293.29
748;1;66;49;27.82
748;2;200;70;623.42
748;3;159;42;673.67
748;4;163;51;699.97
749;1;94;47;421.62
749;2;17;26;233.45
750;1;70;18;253.70
750;2;50;85;665.02
751;1;110;7;484.26
751;2;198;16;804.66
751;3;172;78;864.48
751;4;110;77;348.71
751;5;133;67;805.12
752;1;89;97;857.34
752;2;173;16;21.40
752;3;101;74;679.20
753;1;109;58;504.06
754;1;117;21;258.31
754;2;175;25;447.63
754;3;29;88;37.08
754;4;170;34;245.21
754;5;43;99;115.87
755;1;143;51;199.35
755;2;185;88;849.50
755;3;110;96;763.99
755;4;58;30;396.07
755;5;112;59;775.63
756;1;36;5;894.27
756;2;135;20;356.84
756;3;191;46;172.48
756;4;101;16;455.03
756;5;200;33;274.28
757;1;121;29;332.45
757;2;53;85;560.04
757;3;97;94;784.77
758;1;134;23;53.19
758;2;52;17;521.94
758;3;191;42;143.50
759;1;148;14;40.67
759;2;146;46;386.17
759;3;26;76;207.56
759;4;110;76;701.75
759;5;55;93;184.41
760;1;177;60;590.56
760;2;91;41;53.08
761;1;43;58;814.98
761;2;149;39;665.74
761;3;192;15;519.19
761;4;111;33;736.95
762;1;6;65;735.38
762;2;25;16;532.89
762;3;169;69;444.23
763;1;160;20;645.45
763;2;153;38;938.41
763;3;28;7;222.64
764;1;136;85;75.62
764;2;173;19;91.50
764;3;114;70;322.10
764;4;197;89;34.77
765;1;6;98;65.72
765;2;189;3;647.22
765;3;96;64;318.03
765;4;67;66;963.02
765;5;88;61;417.14
766;1;108;90;18.52
767;1;13;67;11.28
767;2;78;79;170.46
768;1;190;42;457.34
769;1;106;58;992.57
769;2;84;47;843.11
769;3;154;46;169.79
770;1;112;4;520.59
770;2;25;93;700.07
771;1;195;7;476.55
772;1;16;80;74.87
772;2;69;16;769.78
773;1;108;3;141.04
773;2;169;25;838.65
773;3;197;96;199.27
773;4;111;93;195.50
773;5;72;63;244.33
774;1;97;27;283.71
774;2;112;45;276.69
774;3;6;93;707.50
775;1;197;17;943.00
776;1;171;13;980.90
776;2;28;74;683.70
776;3;166;33;264.01
777;1;41;4;98.86
777;2;72;74;137.97
777;3;178;62;391.00
778;1;200;22;172.99
778;2;175;38;982.80
778;3;83;89;127.04
778;4;3;49;75.67
778;5;105;98;777.22
779;1;192;88;22.27
779;2;181;76;836.48
779;3;187;26;476.60
780;1;94;17;507.69
780;2;74;50;961.67
781;1;82;66;744.40
781;2;99;70;81.65
781;3;140;15;571.64
782;1;189;31;839.91
782;2;162;21;26.82
782;3;107;43;800.17
782;4;98;43;350.97
782;5;52;33;412.96
783;1;156;68;547.07
784;1;172;32;610.56
784;2;162;9;701.05
784;3;77;45;756.00
784;4;142;42;566.02
785;1;189;100;514.28
785;2;28;96;339.64
785;3;21;64;938.92
785;4;66;51;978.47
785;5;19;40;581.63
786;1;86;3;521.41
786;2;189;26;919.81
786;3;45;10;608.77
786;4;1;58;162.70
787;1;102;28;331.88
787;2;91;48;615.12
787;3;98;23;450.98
788;1;192;10;947.94
788;2;148;66;89.65
788;3;191;13;555.53
788;4;71;27;412.30
788;5;123;92;741.06
789;1;28;7;259.94
789;2;59;29;136.74
789;3;46;84;965.13
789;4;29;63;173.37
789;5;18;44;21.89
790;1;24;100;877.07
790;2;179;32;113.05
790;3;187;68;515.25
790;4;196;53;917.47
790;5;22;58;190.60
791;1;77;56;428.96
792;1;83;68;590.74
792;2;168;69;977.36
793;1;30;46;797.32
793;2;16;6;516.31
794;1;160;23;980.28
795;1;23;35;598.36
795;2;96;17;316.64
795;3;135;13;715.90
795;4;41;1;621.80
796;1;135;90;846.77
796;2;141;75;607.58
796;3;166;8;91.39
797;1;114;10;60.40
798;1;3;24;17.95
798;2;164;88;202.52
799;1;156;69;333.48
800;1;188;55;486.81
800;2;64;32;401.12
800;3;97;73;906.38
801;1;47;68;95.61
802;1;67;91;443.24
802;2;112;35;400.27
803;1;126;99;517.05
803;2;111;49;556.93
804;1;141;41;947.68
804;2;95;22;526.91
804;3;61;25;181.46
804;4;170;43;881.86
805;1;13;100;900.67
805;2;42;69;707.11
805;3;29;11;393.92
806;1;173;59;315.52
806;2;1;47;347.53
806;3;50;21;234.52
806;4;81;75;666.03
806;5;125;57;490.94
807;1;76;77;259.42
807;2;70;77;394.99
807;3;173;98;163.68
807;4;138;28;42.98
807;5;15;44;206.07
808;1;127;38;524.69
808;2;78;80;496.39
808;3;71;42;367.09
809;1;18;88;51.80
809;2;96;60;573.61
809;3;38;93;301.97
810;1;160;33;226.65
810;2;87;73;860.90
810;3;106;13;29.38
810;4;120;53;941.13
811;1;16;56;706.82
811;2;33;7;541.13
811;3;188;13;739.39
811;4;32;74;719.91
811;5;176;37;254.11
812;1;44;50;738.50
813;1;75;22;580.50
813;2;100;81;356.99
813;3;175;14;151.84
813;4;142;4;320.14
813;5;61;94;455.27
814;1;180;24;325.52
814;2;196;58;87.10
815;1;172;51;32.24
815;2;178;98;174.25
815;3;124;61;44.70
815;4;146;16;855.78
815;5;175;64;574.27
816;1;113;5;274.55
816;2;152;72;652.49
817;1;57;93;647.09
817;2;127;78;748.36
817;3;59;41;221.19
817;4;114;53;213.85
817;5;100;4;997.16
818;1;83;3;89.86
818;2;155;60;811.88
819;1;145;97;718.09
819;2;94;58;845.30
819;3;15;81;338.78
819;4;60;74;316.27
820;1;40;66;459.74
820;2;70;2;507.45
820;3;32;44;402.05
820;4;173;44;680.27
821;1;142;5;778.52
821;2;97;7;380.96
821;3;153;97;326.46
821;4;63;8;79.90
822;1;67;59;129.25
822;2;186;5;385.06
823;1;80;34;707.61
824;1;21;27;982.68
824;2;41;67;11.18
824;3;163;37;671.71
825;1;63;64;62.22
825;2;114;88;119.11
825;3;42;84;90.15
825;4;46;44;804.44
826;1;157;21;307.52
827;1;40;61;42.71
827;2;38;53;907.43
827;3;154;80;949.64
828;1;168;99;363.85
828;2;42;30;497.16
828;3;4;64;755.09
829;1;78;4;105.53
829;2;23;75;100.86
829;3;12;45;633.47
829;4;82;10;431.91
829;5;110;77;957.86
830;1;172;94;517.85
830;2;146;37;179.29
830;3;175;78;144.18
831;1;57;77;987.88
831;2;90;91;435.46
831;3;67;97;249.26
831;4;169;21;249.54
832;1;124;81;81.13
832;2;126;53;167.91
832;3;189;7;149.94
832;4;133;98;324.07
832;5;98;64;926.32
833;1;44;26;459.21
833;2;71;70;595.68
833;3;23;10;584.59
834;1;43;58;815.72
835;1;160;55;924.56
836;1;99;92;262.30
836;2;191;68;413.15
837;1;184;81;15.04
837;2;105;26;705.73
837;3;69;51;364.11
838;1;180;44;13.97
838;2;127;66;394.45
839;1;81;100;743.94
840;1;38;21;501.35
841;1;20;90;661.57
841;2;32;30;227.45
841;3;116;57;498.65
842;1;162;60;822.30
843;1;113;93;606.92
843;2;32;7;802.62
843;3;113;52;10.84
843;4;168;16;437.29
843;5;105;42;96.98
844;1;39;71;79.80
844;2;188;11;386.50
844;3;14;62;641.18
844;4;15;16;963.03
844;5;154;86;397.04
845;1;90;34;149.13
846;1;85;89;822.04
846;2;107;46;463.25
847;1;147;10;940.82
847;2;191;30;613.79
848;1;17;27;554.86
848;2;72;35;86.09
848;3;49;49;767.79
848;4;130;18;387.77
849;1;69;49;102.68
849;2;130;18;263.33
849;3;182;87;720.09
850;1;188;17;162.05
850;2;146;84;501.64
850;3;10;27;55.68
850;4;57;93;807.69
851;1;193;27;351.22
851;2;80;65;388.95
851;3;61;8;259.04
852;1;193;25;840.84
852;2;51;2;717.33
852;3;195;80;311.04
852;4;51;99;604.84
852;5;97;100;644.10
853;1;3;22;199.61
853;2;58;18;287.68
854;1;133;23;85.80
854;2;150;70;121.35
854;3;72;33;779.59
854;4;48;60;996.28
855;1;114;71;417.53
855;2;195;91;495.86
855;3;156;45;870.15
855;4;196;32;171.28
855;5;124;87;38.79
856;1;4;84;268.45
856;2;18;10;63.55
856;3;67;96;860.88
856;4;145;28;510.89
856;5;89;90;329.09
857;1;11;78;777.46
858;1;148;18;883.81
858;2;41;13;604.13
859;1;128;50;551.51
860;1;197;39;975.42
861;1;183;7;509.43
861;2;113;82;545.76
861;3;175;44;927.88
861;4;183;24;212.48
862;1;85;73;951.30
862;2;155;62;242.94
862;3;132;81;760.99
863;1;17;33;912.31
863;2;187;97;43.26
864;1;6;74;294.51
864;2;129;23;730.27
865;1;29;30;319.01
865;2;63;58;97.08
865;3;52;9;143.59
866;1;63;44;940.38
866;2;107;63;609.78
867;1;95;73;934.41
867;2;180;20;763.20
867;3;11;42;317.44
867;4;188;21;542.52
868;1;98;4;337.36
868;2;198;3;578.03
868;3;163;55;688.47
868;4;138;2;594.04
869;1;169;47;807.60
870;1;193;100;519.62
871;1;43;4;581.03
871;2;132;11;977.74
872;1;39;37;453.78
873;1;57;100;391.25
873;2;46;66;615.39
873;3;49;61;375.70
873;4;183;91;28.11
874;1;59;34;727.39
874;2;112;68;598.38
874;3;10;27;250.04
875;1;3;7;302.19
875;2;34;65;861.08
876;1;145;79;500.42
876;2;41;59;981.97
876;3;24;26;835.31
876;4;55;11;511.08
877;1;109;100;337.36
878;1;126;85;936.65
879;1;176;4;263.07
879;2;184;34;78.13
879;3;169;49;662.17
880;1;12;68;582.17
880;2;98;61;842.11
881;1;100;84;191.65
881;2;58;99;260.22
881;3;152;3;211.69
882;1;86;5;425.39
882;2;59;29;913.69
883;1;66;75;719.84
884;1;152;81;301.01
884;2;71;33;41.21
884;3;165;82;102.56
884;4;8;87;734.71
884;5;180;42;463.62
885;1;187;84;328.75
885;2;47;39;156.43
886;1;132;46;309.54
886;2;57;45;678.24
886;3;154;97;16.34
887;1;81;75;780.30
887;2;54;9;654.44
887;3;31;54;583.16
888;1;46;1;382.97
888;2;143;35;593.73
889;1;135;5;68.91
889;2;144;93;677.48
890;1;63;6;391.21
890;2;157;18;544.56
890;3;95;32;563.77
890;4;51;87;631.88
890;5;157;29;818.08
891;1;120;89;430.09
892;1;127;59;68.14
892;2;180;33;389.33
892;3;17;7;915.74
893;1;138;59;417.22
893;2;38;50;488.52
893;3;5;47;933.43
894;1;57;55;660.66
894;2;107;26;208.79
894;3;45;61;285.48
894;4;194;43;615.28
895;1;114;72;54.59
895;2;130;32;147.88
895;3;125;55;238.77
896;1;57;96;958.55
896;2;169;66;218.68
896;3;85;93;502.79
896;4;118;77;260.30
896;5;47;74;740.06
897;1;59;21;732.54
897;2;173;6;722.79
897;3;144;37;688.53
897;4;2;32;859.82
898;1;175;68;989.48
898;2;49;28;691.57
898;3;121;18;924.00
898;4;50;87;608.38
898;5;117;95;309.87
899;1;188;70;937.60
899;2;151;58;129.54
899;3;186;15;115.48
899;4;98;30;16.96
899;5;85;71;358.37
900;1;112;81;680.24
900;2;106;79;915.58
901;1;1;34;577.44
901;2;97;67;934.92
901;3;111;96;988.82
902;1;189;98;247.20
902;2;166;81;357.53
903;1;147;95;967.24
903;2;25;15;798.49
903;3;57;79;576.96
903;4;145;42;699.18
904;1;34;56;744.76
904;2;105;48;690.61
904;3;175;97;620.61
904;4;27;2;518.78
904;5;104;100;59.80
905;1;115;19;745.94
906;1;187;21;730.66
907;1;183;92;951.59
907;2;44;82;927.68
907;3;104;5;416.77
908;1;193;57;167.14
909;1;100;67;435.10
909;2;9;69;517.20
910;1;82;47;291.57
910;2;82;4;893.02
910;3;4;97;948.80
910;4;168;82;902.04
910;5;177;1;765.12
911;1;68;98;971.12
911;2;29;20;337.91
912;1;26;60;327.71
913;1;26;97;592.52
913;2;148;46;546.29
913;3;196;28;826.61
914;1;100;92;383.84
914;2;200;40;121.91
914;3;199;92;159.50
914;4;192;13;620.84
914;5;97;58;991.22
915;1;148;27;19.87
916;1;130;74;619.48
917;1;138;19;292.62
917;2;166;32;873.26
918;1;3;14;610.51
918;2;125;24;913.91
918;3;62;64;229.58
918;4;52;77;97.80
918;5;138;36;66.25
919;1;113;57;490.92
919;2;199;31;228.29
920;1;163;99;770.52
921;1;8;96;116.60
922;1;169;28;251.59
922;2;21;16;946.67
922;3;133;24;869.99
922;4;74;82;233.61
922;5;196;83;699.78
923;1;150;18;755.86
924;1;85;37;608.43
925;1;2;45;858.73
925;2;32;25;365.93
926;1;111;86;739.87
926;2;47;44;405.36
926;3;59;77;418.87
927;1;33;89;650.13
927;2;72;87;459.18
927;3;170;18;629.46
927;4;126;46;293.12
928;1;88;31;884.44
928;2;92;54;832.87
928;3;168;71;10.10
928;4;191;3;977.93
928;5;63;59;378.36
929;1;85;61;97.62
929;2;186;33;97.33
929;3;17;62;21.62
929;4;65;58;673.45
929;5;24;60;432.20
930;1;66;10;575.09
931;1;164;9;649.22
931;2;107;4;984.56
931;3;98;19;705.42
932;1;40;81;357.76
932;2;81;98;836.00
932;3;126;84;485.39
933;1;52;55;879.71
933;2;21;15;606.19
933;3;141;63;413.40
934;1;151;1;800.17
934;2;95;60;914.84
934;3;127;84;198.76
934;4;191;15;268.94
934;5;5;84;659.80
935;1;144;39;418.73
935;2;29;70;796.68
936;1;43;82;912.89
936;2;89;68;261.34
937;1;113;10;645.79
937;2;59;4;60.50
938;1;3;46;194.71
938;2;68;54;176.20
938;3;173;58;824.95
939;1;153;19;577.01
940;1;192;40;930.96
940;2;106;69;322.64
940;3;131;44;233.95
940;4;108;41;773.67
941;1;124;39;203.87
941;2;91;85;729.97
942;1;26;84;921.98
942;2;28;35;997.99
943;1;180;51;504.71
943;2;60;100;757.76
943;3;54;8;769.97
943;4;154;62;272.56
943;5;105;83;72.89
944;1;49;65;913.67
944;2;162;76;870.45
944;3;36;89;444.93
945;1;131;7;626.33
945;2;85;89;237.89
945;3;84;83;409.26
945;4;191;5;897.25
945;5;151;44;682.49
946;1;193;95;444.89
946;2;157;51;804.48
946;3;107;44;93.59
946;4;65;46;706.93
946;5;60;45;117.04
947;1;51;90;782.82
947;2;96;51;552.83
947;3;23;7;615.48
947;4;74;11;749.40
947;5;46;96;947.15
948;1;94;62;364.95
948;2;27;17;504.76
948;3;66;35;479.41
948;4;25;3;741.30
948;5;194;93;537.44
949;1;191;19;293.45
949;2;68;52;479.50
950;1;23;76;852.14
950;2;128;79;572.66
950;3;65;51;407.65
951;1;45;3;836.23
951;2;119;40;566.77
951;3;90;82;85.75
952;1;182;22;83.14
953;1;148;53;899.75
953;2;40;53;979.05
953;3;85;82;129.89
954;1;153;18;370.13
955;1;78;67;27.72
955;2;153;23;390.00
955;3;126;58;409.87
955;4;73;48;751.54
955;5;12;34;943.16
956;1;165;51;642.18
956;2;37;89;385.00
956;3;90;66;121.06
957;1;161;78;638.35
957;2;58;68;417.44
957;3;68;89;828.74
958;1;175;82;219.90
958;2;66;96;922.40
958;3;104;3;401.21
958;4;162;90;535.98
958;5;55;90;660.53
959;1;54;35;152.60
959;2;34;49;107.99
959;3;66;81;788.59
960;1;127;31;733.72
960;2;112;86;770.64
960;3;92;52;115.50
960;4;45;58;854.63
961;1;51;31;984.95
962;1;44;76;225.65
962;2;187;90;796.81
962;3;162;65;601.71
962;4;159;39;96.99
962;5;174;38;146.85
963;1;181;25;256.67
963;2;77;3;753.24
963;3;134;23;531.32
963;4;197;81;716.07
963;5;13;3;879.85
964;1;51;67;903.10
964;2;106;93;38.93
965;1;74;56;174.79
965;2;192;57;147.72
965;3;139;53;668.37
966;1;34;15;489.93
966;2;174;76;396.46
966;3;120;78;984.60
966;4;157;13;591.53
967;1;27;9;792.21
967;2;129;20;15.67
967;3;185;11;966.82
967;4;109;74;409.02
968;1;14;32;133.10
968;2;51;34;274.58
969;1;108;59;908.12
969;2;106;62;619.93
969;3;187;1;503.68
970;1;9;30;491.69
970;2;78;98;273.82
970;3;34;42;94.43
970;4;143;54;916.66
970;5;179;69;810.02
971;1;42;23;846.02
971;2;172;2;472.18
971;3;48;78;915.20
971;4;58;41;617.96
971;5;69;24;878.43
972;1;113;24;378.60
972;2;57;45;950.66
972;3;3;85;244.91
972;4;10;10;679.66
973;1;95;33;983.47
973;2;197;38;206.08
974;1;5;64;253.18
974;2;97;70;411.06
974;3;104;55;892.84
974;4;129;84;536.34
975;1;18;91;66.17
976;1;187;11;955.84
976;2;24;2;441.70
976;3;14;72;841.24
977;1;142;3;529.09
977;2;82;53;780.94
977;3;41;60;459.60
978;1;74;94;147.36
978;2;93;75;38.51
978;3;151;25;320.59
978;4;122;25;990.98
979;1;138;45;341.54
979;2;98;26;991.53
979;3;163;44;551.03
979;4;170;86;44.99
980;1;31;19;956.25
980;2;178;67;828.04
981;1;185;46;659.90
981;2;86;84;642.01
982;1;191;19;966.53
982;2;103;36;840.70
982;3;167;92;558.74
982;4;31;90;931.81
983;1;85;81;667.40
983;2;165;48;693.14
983;3;94;70;424.04
983;4;149;34;562.84
983;5;85;77;186.88
984;1;128;24;611.37
984;2;12;40;893.84
984;3;66;54;570.72
984;4;58;16;156.57
984;5;140;4;945.48
985;1;82;50;992.41
986;1;124;29;566.26
987;1;53;56;929.02
988;1;98;61;172.09
989;1;27;52;244.97
989;2;161;25;612.69
990;1;105;18;652.59
990;2;5;97;777.53
991;1;120;79;261.58
991;2;85;70;139.35
991;3;25;23;725.68
991;4;186;29;605.73
991;5;49;42;505.02
992;1;63;94;449.15
993;1;125;23;15.31
993;2;78;79;806.23
993;3;187;65;25.58
993;4;142;33;690.26
993;5;172;82;159.47
994;1;46;51;651.68
994;2;55;1;698.46
994;3;1;88;852.73
994;4;174;45;749.98
995;1;67;27;196.73
995;2;119;52;525.86
995;3;5;42;544.93
995;4;55;62;999.39
996;1;98;94;269.92
996;2;1;16;297.73
996;3;165;78;742.28
996;4;31;92;626.93
997;1;19;11;373.40
997;2;163;82;973.32
998;1;105;88;353.33
998;2;129;72;646.33
998;3;188;1;15.80
998;4;194;8;396.07
999;1;93;82;753.60
999;2;116;57;556.83
1000;1;192;78;265.58
