po_id;supplier_id;employee_id;total_amount;currency;status;created_at
1;38;90;10519.86;EUR;REJECTED;2023-01-04 13:54:42
2;88;23;51117.48;USD;COMPLETED;2023-01-06 09:25:05
3;24;75;84265.92;USD;APPROVED;2023-01-09 14:06:15
4;11;11;10678.74;EUR;SUBMITTED;2023-01-12 13:35:38
5;52;77;24396.37;USD;APPROVED;2023-01-16 15:27:22
6;51;36;55327.56;USD;APPROVED;2023-01-17 12:27:57
7;25;68;129862.64;USD;REJECTED;2023-01-19 13:48:01
8;50;21;36060.33;EUR;COMPLETED;2023-01-23 14:24:49
9;77;9;105343.33;EUR;COMPLETED;2023-01-24 09:22:21
10;41;11;66429.59;USD;SUBMITTED;2023-01-26 16:17:18
11;20;9;133098.05;USD;COMPLETED;2023-01-30 12:06:15
12;100;76;213230.34;EUR;SUBMITTED;2023-01-31 14:55:44
13;30;88;57706.74;USD;REJECTED;2023-02-02 09:42:50
14;85;9;50231.99;EUR;COMPLETED;2023-02-06 15:59:45
15;17;11;62798.70;USD;COMPLETED;2023-02-09 15:17:35
16;65;9;57635.55;USD;COMPLETED;2023-02-10 10:00:00
17;59;78;75947.01;EUR;REJECTED;2023-02-13 16:16:15
18;99;35;120825.06;USD;DRAFT;2023-02-14 13:18:49
19;14;22;65252.32;USD;COMPLETED;2023-02-15 09:13:39
20;1;22;28044.78;USD;DRAFT;2023-02-17 15:05:20
21;24;75;49092.70;EUR;SUBMITTED;2023-02-20 09:00:25
22;22;21;109581.77;USD;REJECTED;2023-02-21 11:20:36
23;96;21;30436.72;USD;APPROVED;2023-02-22 16:21:32
24;57;90;35048.87;EUR;SUBMITTED;2023-02-23 10:50:59
25;13;22;141846.51;EUR;SUBMITTED;2023-02-27 11:44:08
26;28;78;28525.39;USD;DRAFT;2023-03-02 14:44:20
27;91;88;109899.51;EUR;SUBMITTED;2023-03-03 12:04:41
28;61;78;101625.56;EUR;COMPLETED;2023-03-06 11:29:46
29;51;68;92223.59;USD;COMPLETED;2023-03-08 16:02:58
30;98;68;64755.09;EUR;SUBMITTED;2023-03-09 14:17:07
31;8;36;7865.47;USD;APPROVED;2023-03-13 13:18:43
32;38;21;4336.94;USD;REJECTED;2023-03-16 09:35:48
33;90;36;162859.08;USD;COMPLETED;2023-03-20 13:35:04
34;74;4;68.88;EUR;REJECTED;2023-03-21 10:36:25
35;11;48;61391.59;USD;REJECTED;2023-03-22 13:44:32
36;91;55;202143.92;USD;COMPLETED;2023-03-23 15:03:59
37;96;55;147649.20;USD;COMPLETED;2023-03-27 09:59:26
38;1;78;39740.42;USD;SUBMITTED;2023-03-29 14:49:48
39;19;90;123946.17;EUR;REJECTED;2023-03-30 12:54:49
40;5;48;58765.91;EUR;COMPLETED;2023-04-03 14:49:44
41;65;13;192430.96;EUR;DRAFT;2023-04-04 14:05:04
42;97;55;24281.44;USD;APPROVED;2023-04-05 13:56:54
43;20;9;154095.17;EUR;REJECTED;2023-04-07 16:49:14
44;28;4;1069.72;USD;COMPLETED;2023-04-10 09:34:17
45;30;23;29774.92;USD;DRAFT;2023-04-12 14:10:23
46;29;68;101734.72;EUR;SUBMITTED;2023-04-17 15:13:21
47;92;11;4400.50;EUR;REJECTED;2023-04-18 13:26:25
48;47;90;40108.25;EUR;REJECTED;2023-04-19 13:00:29
49;14;23;58137.08;EUR;REJECTED;2023-04-24 14:47:43
50;94;13;198295.43;EUR;DRAFT;2023-04-25 10:23:40
51;79;78;47469.42;EUR;REJECTED;2023-04-27 11:56:32
52;19;76;156281.14;USD;APPROVED;2023-04-28 09:10:20
53;6;21;56746.63;USD;APPROVED;2023-05-01 13:01:22
54;35;90;64959.72;EUR;REJECTED;2023-05-03 12:36:31
55;72;75;56423.30;EUR;REJECTED;2023-05-08 09:47:24
56;7;15;112779.60;USD;APPROVED;2023-05-10 12:44:07
57;70;75;65834.38;EUR;REJECTED;2023-05-12 11:31:41
58;12;90;181.92;EUR;REJECTED;2023-05-15 14:13:28
59;25;4;8025.42;EUR;SUBMITTED;2023-05-16 12:54:57
60;95;75;18461.73;EUR;COMPLETED;2023-05-18 13:47:11
61;30;15;36501.92;USD;APPROVED;2023-05-19 14:01:29
62;6;21;74571.66;EUR;DRAFT;2023-05-22 09:10:52
63;84;15;120808.04;USD;APPROVED;2023-05-24 16:47:31
64;1;11;24351.30;EUR;DRAFT;2023-05-29 10:33:51
65;81;13;33915.46;EUR;APPROVED;2023-05-30 15:21:15
66;35;21;90559.00;USD;REJECTED;2023-05-31 10:01:56
67;17;88;30793.42;EUR;DRAFT;2023-06-01 15:27:26
68;81;13;43687.76;USD;REJECTED;2023-06-02 11:27:05
69;36;77;3715.86;USD;DRAFT;2023-06-05 15:32:47
70;26;22;93025.17;USD;REJECTED;2023-06-07 13:53:18
71;26;90;10457.33;EUR;COMPLETED;2023-06-09 16:43:06
72;72;48;41412.21;USD;REJECTED;2023-06-12 14:10:38
73;5;75;66528.87;USD;DRAFT;2023-06-14 12:25:58
74;88;48;19372.60;EUR;COMPLETED;2023-06-16 12:33:26
75;97;36;112903.24;USD;APPROVED;2023-06-19 12:09:46
76;79;88;67481.53;USD;DRAFT;2023-06-20 15:30:53
77;81;75;31048.92;EUR;APPROVED;2023-06-23 10:30:32
78;97;90;9814.79;USD;REJECTED;2023-06-26 09:03:44
79;57;55;59322.28;EUR;DRAFT;2023-06-27 16:44:03
80;60;9;42922.10;USD;APPROVED;2023-06-29 14:28:08
81;72;11;129715.41;USD;SUBMITTED;2023-07-03 10:44:12
82;24;78;154814.90;EUR;SUBMITTED;2023-07-05 14:42:26
83;24;13;36957.55;USD;COMPLETED;2023-07-07 15:40:05
84;46;48;95005.28;EUR;DRAFT;2023-07-10 12:41:53
85;69;77;52250.00;EUR;DRAFT;2023-07-12 14:33:16
86;9;78;30819.00;USD;REJECTED;2023-07-13 12:35:23
87;12;23;130540.68;USD;COMPLETED;2023-07-17 10:35:51
88;21;15;104979.60;EUR;COMPLETED;2023-07-20 11:10:54
89;8;4;92878.06;USD;SUBMITTED;2023-07-21 14:51:38
90;68;78;44387.54;EUR;COMPLETED;2023-07-24 09:22:05
91;1;35;64470.10;EUR;APPROVED;2023-07-26 13:00:21
92;49;9;10613.08;USD;COMPLETED;2023-07-27 11:04:09
93;1;23;46361.56;EUR;APPROVED;2023-07-31 16:01:07
94;32;9;131619.45;USD;REJECTED;2023-08-02 13:13:00
95;35;22;139331.78;EUR;APPROVED;2023-08-03 13:29:05
96;54;68;26390.07;USD;SUBMITTED;2023-08-04 12:48:27
97;43;36;94225.28;EUR;REJECTED;2023-08-07 15:31:07
98;89;21;107926.78;EUR;REJECTED;2023-08-09 16:08:26
99;23;48;11323.80;USD;DRAFT;2023-08-14 16:26:05
100;16;23;154958.14;USD;APPROVED;2023-08-15 12:17:01
101;53;11;7049.56;EUR;SUBMITTED;2023-08-17 13:22:22
102;53;90;90482.71;USD;DRAFT;2023-08-21 10:22:31
103;7;68;114999.16;USD;COMPLETED;2023-08-23 11:33:54
104;27;9;129735.31;EUR;REJECTED;2023-08-28 16:35:44
105;21;48;25294.30;EUR;REJECTED;2023-08-29 13:31:19
106;55;78;83122.88;EUR;COMPLETED;2023-08-31 15:13:13
107;67;15;171987.87;EUR;APPROVED;2023-09-01 15:10:25
108;43;77;45298.82;EUR;COMPLETED;2023-09-04 14:13:41
109;41;15;35443.21;USD;COMPLETED;2023-09-07 15:51:29
110;75;48;5712.54;EUR;APPROVED;2023-09-11 10:52:34
111;60;48;120066.31;USD;COMPLETED;2023-09-14 11:17:30
112;9;15;86893.63;EUR;APPROVED;2023-09-15 16:40:35
113;43;13;78874.63;EUR;COMPLETED;2023-09-18 12:57:27
114;85;35;177492.99;USD;APPROVED;2023-09-20 15:49:42
115;28;23;66230.32;USD;DRAFT;2023-09-22 09:21:46
116;74;11;65134.00;USD;SUBMITTED;2023-09-25 16:23:44
117;78;4;158302.95;USD;SUBMITTED;2023-09-26 15:37:55
118;76;22;25370.01;USD;DRAFT;2023-09-29 15:55:17
119;40;75;161810.20;USD;REJECTED;2023-10-02 11:10:27
120;73;23;103912.51;EUR;SUBMITTED;2023-10-03 13:45:06
121;69;23;98285.74;EUR;APPROVED;2023-10-06 10:46:24
122;20;78;221179.96;USD;REJECTED;2023-10-09 15:23:52
123;47;15;98757.54;EUR;SUBMITTED;2023-10-10 09:08:53
124;19;48;174941.66;EUR;APPROVED;2023-10-12 09:44:13
125;39;77;36366.49;USD;SUBMITTED;2023-10-16 09:31:44
126;32;22;68757.21;EUR;REJECTED;2023-10-19 14:48:10
127;8;35;108426.40;EUR;APPROVED;2023-10-23 13:03:56
128;88;22;43082.89;EUR;DRAFT;2023-10-26 09:32:28
129;65;35;3470.71;EUR;DRAFT;2023-10-30 16:20:11
130;91;22;19332.61;USD;SUBMITTED;2023-10-31 12:02:46
131;36;88;102765.22;USD;REJECTED;2023-11-02 16:20:07
132;81;11;53757.28;EUR;COMPLETED;2023-11-03 10:29:01
133;71;76;43337.88;USD;DRAFT;2023-11-06 09:51:09
134;98;23;37504.89;USD;APPROVED;2023-11-07 12:53:16
135;90;77;5193.96;USD;COMPLETED;2023-11-09 13:49:05
136;16;77;104881.89;EUR;DRAFT;2023-11-10 15:47:15
137;27;35;129243.48;USD;REJECTED;2023-11-13 16:37:21
138;5;36;58104.60;USD;APPROVED;2023-11-16 10:32:03
139;7;48;71420.60;EUR;APPROVED;2023-11-20 12:00:03
140;82;35;60951.08;EUR;DRAFT;2023-11-22 12:31:09
141;8;23;154049.99;USD;COMPLETED;2023-11-27 16:29:57
142;14;76;67858.56;USD;REJECTED;2023-11-28 12:44:03
143;25;36;41558.26;EUR;SUBMITTED;2023-11-30 15:09:35
144;83;88;14220.30;USD;APPROVED;2023-12-04 09:19:04
145;3;76;85508.35;USD;SUBMITTED;2023-12-06 09:43:54
146;42;76;1145.34;EUR;DRAFT;2023-12-11 14:39:16
147;11;15;9290.88;USD;APPROVED;2023-12-12 09:33:30
148;73;68;29201.92;USD;DRAFT;2023-12-14 12:49:51
149;16;90;152308.13;EUR;APPROVED;2023-12-15 16:03:17
150;67;48;12523.60;EUR;SUBMITTED;2023-12-18 14:28:08
151;57;15;149112.29;EUR;COMPLETED;2023-12-19 13:28:38
152;28;11;95681.28;EUR;APPROVED;2023-12-20 15:35:13
153;95;15;74542.52;USD;REJECTED;2023-12-25 10:00:48
154;27;75;73801.99;USD;COMPLETED;2023-12-27 16:37:34
155;36;77;28370.90;EUR;APPROVED;2024-01-01 13:58:23
156;84;22;77022.97;EUR;SUBMITTED;2024-01-04 11:56:32
157;49;68;56027.28;EUR;REJECTED;2024-01-08 13:26:55
158;22;77;98109.28;USD;APPROVED;2024-01-10 10:23:02
159;10;68;94443.72;EUR;COMPLETED;2024-01-12 10:34:21
160;57;68;8805.55;USD;SUBMITTED;2024-01-15 12:25:21
161;55;21;78043.24;EUR;SUBMITTED;2024-01-17 11:00:17
162;77;23;46912.01;EUR;APPROVED;2024-01-22 16:37:56
163;64;23;47952.07;USD;SUBMITTED;2024-01-23 13:23:14
164;9;15;654.31;USD;SUBMITTED;2024-01-24 15:19:23
165;25;48;44694.54;EUR;DRAFT;2024-01-25 16:05:14
166;83;78;90990.43;USD;APPROVED;2024-01-29 11:50:29
167;51;36;126792.64;USD;DRAFT;2024-01-31 11:44:19
168;81;90;154401.05;EUR;APPROVED;2024-02-05 10:05:29
169;9;90;133280.88;EUR;DRAFT;2024-02-07 16:02:26
170;60;11;65622.08;EUR;APPROVED;2024-02-12 16:52:42
171;39;68;74150.12;USD;DRAFT;2024-02-15 15:28:00
172;43;15;88521.34;USD;DRAFT;2024-02-16 13:43:44
173;51;13;160621.66;EUR;REJECTED;2024-02-19 13:08:44
174;21;35;190589.54;EUR;COMPLETED;2024-02-21 12:41:39
175;77;48;30929.81;USD;DRAFT;2024-02-26 16:40:42
176;30;35;113058.29;USD;SUBMITTED;2024-02-27 10:42:33
177;25;36;65335.80;USD;DRAFT;2024-02-29 16:15:42
178;70;48;148562.97;USD;DRAFT;2024-03-04 13:49:00
179;50;21;162784.66;EUR;SUBMITTED;2024-03-06 13:19:49
180;25;76;36065.72;USD;REJECTED;2024-03-11 11:20:16
181;39;4;121167.30;USD;APPROVED;2024-03-12 15:25:53
182;35;77;111745.79;USD;DRAFT;2024-03-14 10:01:28
183;6;21;129372.41;EUR;COMPLETED;2024-03-18 12:19:01
184;54;78;53400.32;USD;COMPLETED;2024-03-21 16:57:28
185;74;78;134526.15;USD;DRAFT;2024-03-25 10:01:15
186;36;15;92831.13;USD;COMPLETED;2024-03-28 10:48:04
187;5;75;25222.26;USD;DRAFT;2024-04-01 15:28:11
188;100;90;49668.72;EUR;SUBMITTED;2024-04-04 16:15:58
189;70;90;164870.18;USD;COMPLETED;2024-04-08 16:23:10
190;17;77;81925.97;USD;DRAFT;2024-04-11 09:36:03
191;33;75;3983.83;USD;APPROVED;2024-04-15 14:37:07
192;23;68;261994.76;EUR;APPROVED;2024-04-16 13:34:07
193;31;9;11559.62;USD;COMPLETED;2024-04-19 12:11:23
194;75;13;140658.47;EUR;DRAFT;2024-04-22 13:45:38
195;86;88;89381.83;EUR;COMPLETED;2024-04-25 10:08:14
196;59;78;21651.42;USD;DRAFT;2024-04-29 11:54:16
197;1;15;136222.44;EUR;APPROVED;2024-05-01 11:04:41
198;66;13;41894.63;EUR;COMPLETED;2024-05-02 15:31:24
199;50;36;64002.24;EUR;APPROVED;2024-05-03 15:25:17
200;79;35;102170.77;EUR;DRAFT;2024-05-06 12:59:15
201;27;13;37894.77;USD;APPROVED;2024-05-09 11:45:39
202;39;55;97405.49;USD;SUBMITTED;2024-05-10 14:23:47
203;28;9;158914.28;EUR;REJECTED;2024-05-13 12:19:15
204;59;76;62288.71;USD;REJECTED;2024-05-16 14:28:58
205;19;22;39571.39;USD;SUBMITTED;2024-05-20 15:50:56
206;48;15;140160.34;USD;REJECTED;2024-05-21 12:37:06
207;43;88;92805.27;EUR;DRAFT;2024-05-24 11:41:06
208;4;78;41053.60;EUR;APPROVED;2024-05-27 12:55:29
209;32;55;69818.38;EUR;SUBMITTED;2024-05-28 15:12:02
210;37;48;62090.65;USD;APPROVED;2024-05-31 11:48:20
211;29;15;78574.58;EUR;SUBMITTED;2024-06-03 16:10:51
212;80;78;47260.80;EUR;SUBMITTED;2024-06-05 11:12:46
213;52;9;30341.14;EUR;REJECTED;2024-06-06 11:33:03
214;91;68;119809.72;EUR;APPROVED;2024-06-10 16:34:57
215;15;55;25064.46;USD;COMPLETED;2024-06-12 13:26:04
216;14;68;53715.78;USD;COMPLETED;2024-06-14 13:41:33
217;85;77;154446.12;USD;REJECTED;2024-06-17 11:52:09
218;9;88;63947.35;EUR;APPROVED;2024-06-18 16:07:56
219;90;88;11414.76;EUR;COMPLETED;2024-06-19 16:52:53
220;11;77;96758.37;EUR;DRAFT;2024-06-20 15:57:50
221;46;90;34836.95;EUR;COMPLETED;2024-06-24 11:27:28
222;86;15;114276.37;EUR;REJECTED;2024-06-26 16:42:16
223;69;9;37396.95;USD;SUBMITTED;2024-06-28 16:31:07
224;36;75;173325.66;USD;COMPLETED;2024-07-01 11:56:25
225;68;88;85671.05;USD;REJECTED;2024-07-04 13:49:36
226;89;15;140571.83;USD;REJECTED;2024-07-08 09:15:45
227;88;48;36974.65;EUR;REJECTED;2024-07-10 16:30:19
228;14;76;74516.45;EUR;REJECTED;2024-07-11 14:13:39
229;19;75;17441.76;USD;SUBMITTED;2024-07-12 10:52:20
230;64;15;8647.04;EUR;REJECTED;2024-07-15 12:06:48
231;77;90;101767.89;EUR;REJECTED;2024-07-17 11:57:16
232;53;9;16571.72;USD;COMPLETED;2024-07-19 16:14:07
233;93;75;96777.39;USD;SUBMITTED;2024-07-22 14:47:23
234;52;78;8930.09;EUR;APPROVED;2024-07-25 12:59:56
235;99;35;45942.51;EUR;COMPLETED;2024-07-26 15:51:24
236;22;21;2188.96;USD;APPROVED;2024-07-29 14:20:11
237;83;11;1607.24;USD;APPROVED;2024-07-30 09:09:40
238;25;9;79879.52;EUR;COMPLETED;2024-08-01 12:31:31
239;35;9;124802.97;EUR;SUBMITTED;2024-08-02 10:00:18
240;19;77;38151.07;EUR;REJECTED;2024-08-05 12:53:54
241;21;68;746.45;USD;APPROVED;2024-08-07 11:45:05
242;46;35;135944.66;USD;COMPLETED;2024-08-08 13:41:55
243;86;55;150462.05;USD;REJECTED;2024-08-09 13:19:57
244;84;55;31664.44;USD;COMPLETED;2024-08-12 10:19:54
245;68;55;73381.57;EUR;REJECTED;2024-08-14 16:12:14
246;99;35;89546.53;USD;COMPLETED;2024-08-19 13:35:14
247;31;36;105963.56;USD;SUBMITTED;2024-08-21 09:54:30
248;43;35;9291.84;EUR;SUBMITTED;2024-08-22 10:12:13
249;42;35;66436.68;USD;DRAFT;2024-08-26 09:26:03
250;58;22;54674.92;EUR;SUBMITTED;2024-08-29 10:00:41
251;85;90;99330.20;EUR;APPROVED;2024-08-30 14:59:10
252;70;21;85768.46;EUR;SUBMITTED;2024-09-02 12:28:03
253;50;21;43400.64;USD;APPROVED;2024-09-05 11:12:16
254;77;35;54074.86;EUR;REJECTED;2024-09-06 16:27:02
255;94;78;17355.64;EUR;SUBMITTED;2024-09-09 09:18:28
256;35;68;56990.70;USD;SUBMITTED;2024-09-10 14:47:11
257;59;9;168340.17;USD;APPROVED;2024-09-11 15:55:35
258;69;4;98769.24;USD;SUBMITTED;2024-09-12 14:03:26
259;11;55;69965.45;USD;REJECTED;2024-09-13 13:21:42
260;55;35;159265.85;EUR;APPROVED;2024-09-16 11:55:55
261;6;55;66104.43;USD;DRAFT;2024-09-17 10:56:39
262;52;22;26486.46;EUR;APPROVED;2024-09-19 15:09:27
263;43;76;84584.79;EUR;REJECTED;2024-09-20 13:16:18
264;90;15;129432.43;EUR;APPROVED;2024-09-23 14:00:49
265;93;88;100831.35;EUR;SUBMITTED;2024-09-24 13:40:20
266;76;78;86068.22;USD;APPROVED;2024-09-26 12:43:24
267;47;9;121087.68;EUR;REJECTED;2024-09-30 16:53:05
268;72;13;98312.67;USD;DRAFT;2024-10-03 14:56:59
269;63;78;87155.52;USD;SUBMITTED;2024-10-04 16:13:08
270;34;55;78256.40;USD;COMPLETED;2024-10-07 09:01:29
271;6;13;28396.31;EUR;COMPLETED;2024-10-09 11:45:03
272;1;22;147641.00;USD;COMPLETED;2024-10-10 12:22:26
273;76;23;47736.00;USD;DRAFT;2024-10-14 16:32:45
274;18;55;141830.32;USD;APPROVED;2024-10-15 10:23:33
275;11;55;111398.84;EUR;DRAFT;2024-10-16 09:05:56
276;49;77;41941.16;USD;COMPLETED;2024-10-17 15:20:44
277;91;75;62354.60;USD;DRAFT;2024-10-21 16:18:25
278;47;21;114238.27;USD;APPROVED;2024-10-22 14:33:41
279;18;88;42704.36;EUR;REJECTED;2024-10-24 16:13:53
280;63;23;24877.72;USD;APPROVED;2024-10-28 15:39:43
281;89;22;24960.78;USD;REJECTED;2024-10-30 16:42:00
282;90;23;56426.66;EUR;COMPLETED;2024-11-01 13:30:03
283;74;22;21105.73;USD;COMPLETED;2024-11-04 12:52:51
284;87;36;10550.68;USD;REJECTED;2024-11-07 13:54:24
285;28;15;45108.03;USD;SUBMITTED;2024-11-08 15:19:01
286;70;11;7882.84;EUR;APPROVED;2024-11-11 13:30:11
287;80;13;52419.48;USD;APPROVED;2024-11-13 09:40:42
288;29;15;196595.53;EUR;COMPLETED;2024-11-18 10:29:28
289;61;35;130006.98;EUR;SUBMITTED;2024-11-20 15:49:45
290;45;11;4272.94;EUR;SUBMITTED;2024-11-25 16:04:59
291;78;48;6246.90;EUR;DRAFT;2024-11-28 14:46:30
292;17;88;83743.62;USD;REJECTED;2024-12-02 16:43:56
293;17;35;84936.07;EUR;APPROVED;2024-12-04 12:17:11
294;69;75;44639.06;USD;REJECTED;2024-12-09 09:36:17
295;96;35;78925.38;EUR;SUBMITTED;2024-12-10 12:48:25
296;56;22;87517.30;EUR;APPROVED;2024-12-11 15:10:10
297;52;78;17172.72;USD;COMPLETED;2024-12-12 14:03:34
298;4;35;26498.16;USD;COMPLETED;2024-12-13 11:38:33
299;13;76;71557.41;USD;DRAFT;2024-12-16 12:39:08
300;58;75;146263.39;USD;APPROVED;2024-12-17 13:21:51
301;18;55;18860.31;USD;APPROVED;2024-12-18 14:27:10
302;63;77;48669.71;EUR;REJECTED;2024-12-23 13:58:44
303;14;21;109049.47;USD;SUBMITTED;2024-12-24 09:40:16
304;25;11;5668.32;EUR;SUBMITTED;2024-12-25 10:55:00
305;35;23;71751.22;USD;COMPLETED;2024-12-27 13:00:39
306;70;11;48078.81;USD;APPROVED;2024-12-30 09:51:46
307;87;9;119891.54;EUR;SUBMITTED;2024-12-31 09:37:31
308;47;48;50311.80;EUR;COMPLETED;2025-01-03 14:48:45
309;1;55;162864.35;EUR;COMPLETED;2025-01-06 10:07:41
310;14;48;14960.41;USD;DRAFT;2025-01-09 15:48:53
311;4;36;44826.85;EUR;SUBMITTED;2025-01-13 13:45:10
312;6;36;90334.63;USD;COMPLETED;2025-01-16 16:55:14
313;75;36;80732.46;USD;SUBMITTED;2025-01-20 15:29:33
314;11;78;104638.43;EUR;DRAFT;2025-01-23 13:08:08
315;96;36;50044.04;USD;APPROVED;2025-01-27 14:42:12
316;79;11;37576.38;EUR;COMPLETED;2025-01-30 12:10:48
317;85;13;93007.24;EUR;SUBMITTED;2025-02-03 12:20:18
318;57;11;109042.26;USD;REJECTED;2025-02-05 15:39:06
319;20;23;150099.18;USD;COMPLETED;2025-02-07 16:50:42
320;32;55;6615.00;USD;REJECTED;2025-02-10 12:01:48
321;81;22;75304.50;EUR;SUBMITTED;2025-02-12 09:23:53
322;68;21;94717.35;EUR;DRAFT;2025-02-17 10:41:12
323;93;68;76842.98;EUR;COMPLETED;2025-02-18 11:54:02
324;76;88;140197.97;EUR;SUBMITTED;2025-02-21 13:12:59
325;63;22;103172.92;USD;COMPLETED;2025-02-24 11:06:31
326;18;48;58906.37;USD;SUBMITTED;2025-02-27 16:39:00
327;32;36;57593.73;EUR;SUBMITTED;2025-03-03 16:51:34
328;18;11;115188.69;USD;SUBMITTED;2025-03-04 09:00:25
329;35;9;124212.84;EUR;REJECTED;2025-03-06 11:40:02
330;48;15;7550.55;USD;SUBMITTED;2025-03-10 14:07:26
331;64;88;181543.91;USD;APPROVED;2025-03-13 13:19:56
332;64;4;30573.66;EUR;APPROVED;2025-03-14 09:14:09
333;77;22;94974.05;USD;APPROVED;2025-03-17 11:28:00
334;55;76;87496.96;EUR;SUBMITTED;2025-03-18 16:59:35
335;83;23;61543.72;EUR;APPROVED;2025-03-20 12:54:13
336;30;77;117121.16;USD;REJECTED;2025-03-21 13:25:09
337;76;13;83610.13;USD;COMPLETED;2025-03-24 15:58:06
338;3;78;31597.76;EUR;DRAFT;2025-03-26 11:38:43
339;36;88;72730.20;EUR;DRAFT;2025-03-28 12:13:18
340;63;21;217601.68;USD;COMPLETED;2025-03-31 10:19:24
341;61;13;68543.52;USD;REJECTED;2025-04-03 12:47:14
342;34;4;25544.36;USD;SUBMITTED;2025-04-04 15:26:51
343;4;35;70470.06;USD;APPROVED;2025-04-07 09:22:48
344;47;76;69058.35;EUR;COMPLETED;2025-04-10 14:33:51
345;18;77;17227.91;EUR;APPROVED;2025-04-14 13:45:53
346;91;68;121203.53;USD;DRAFT;2025-04-15 09:54:25
347;90;13;50927.38;EUR;COMPLETED;2025-04-17 09:38:56
348;57;55;35111.33;EUR;REJECTED;2025-04-21 16:33:06
349;36;23;45216.09;EUR;SUBMITTED;2025-04-24 16:41:02
350;87;4;8350.20;USD;APPROVED;2025-04-25 13:59:00
351;65;77;33307.19;EUR;SUBMITTED;2025-04-28 12:55:59
352;56;90;16647.70;EUR;REJECTED;2025-05-01 09:01:45
353;70;78;107120.89;USD;REJECTED;2025-05-05 15:09:16
354;39;36;143110.40;USD;COMPLETED;2025-05-08 10:30:40
355;68;22;210245.87;EUR;APPROVED;2025-05-09 15:59:09
356;57;55;82076.37;EUR;APPROVED;2025-05-12 13:02:54
357;13;76;29979.93;USD;REJECTED;2025-05-14 16:32:38
358;97;36;121514.48;EUR;REJECTED;2025-05-15 09:49:29
359;88;13;123860.45;EUR;APPROVED;2025-05-16 16:49:34
360;74;9;5955.20;USD;REJECTED;2025-05-19 11:13:11
361;32;68;90573.77;EUR;DRAFT;2025-05-21 10:28:16
362;47;90;9646.65;USD;SUBMITTED;2025-05-23 13:52:34
363;99;15;135701.32;USD;DRAFT;2025-05-26 14:22:32
364;35;21;31602.46;USD;APPROVED;2025-05-28 10:44:47
365;62;9;120060.80;USD;REJECTED;2025-05-29 12:16:02
366;40;11;176097.49;USD;SUBMITTED;2025-06-02 09:10:03
367;33;21;72482.20;EUR;SUBMITTED;2025-06-05 11:13:10
368;89;78;38379.77;EUR;SUBMITTED;2025-06-09 12:30:15
369;91;36;9527.46;EUR;SUBMITTED;2025-06-10 16:27:35
370;35;75;3072.06;EUR;REJECTED;2025-06-11 12:05:24
371;97;36;56057.60;EUR;APPROVED;2025-06-13 09:52:33
372;91;75;4441.05;EUR;APPROVED;2025-06-16 13:16:04
373;9;22;58679.96;EUR;COMPLETED;2025-06-19 12:19:26
374;48;78;32056.50;USD;REJECTED;2025-06-23 13:05:31
375;7;21;94598.65;EUR;DRAFT;2025-06-26 12:45:01
376;86;11;128945.08;USD;APPROVED;2025-06-30 11:50:51
377;71;76;112794.75;EUR;COMPLETED;2025-07-01 11:25:09
378;43;22;94494.48;USD;DRAFT;2025-07-02 12:52:54
379;58;15;61150.53;USD;REJECTED;2025-07-03 12:36:41
380;62;77;38217.42;USD;DRAFT;2025-07-07 12:13:31
381;16;23;87801.41;EUR;REJECTED;2025-07-09 16:18:04
382;95;23;150085.15;USD;APPROVED;2025-07-11 16:08:09
383;39;36;6910.80;EUR;COMPLETED;2025-07-14 13:58:03
384;69;13;6485.85;EUR;APPROVED;2025-07-15 14:09:26
385;71;88;53958.88;EUR;DRAFT;2025-07-18 16:26:35
386;66;35;91205.03;EUR;COMPLETED;2025-07-21 12:08:43
387;9;48;186967.76;EUR;REJECTED;2025-07-24 13:31:47
388;76;55;191606.35;EUR;SUBMITTED;2025-07-28 09:44:10
389;50;88;135091.09;USD;REJECTED;2025-07-29 09:45:31
390;53;68;187063.26;EUR;DRAFT;2025-07-31 16:12:49
391;65;21;72842.92;EUR;COMPLETED;2025-08-01 13:01:37
392;41;35;54859.45;USD;REJECTED;2025-08-04 09:36:26
393;72;77;110248.74;USD;APPROVED;2025-08-05 13:08:04
394;86;21;32332.04;EUR;REJECTED;2025-08-08 10:29:20
395;85;36;83044.63;EUR;DRAFT;2025-08-11 15:56:53
396;4;21;249782.37;EUR;APPROVED;2025-08-13 09:19:51
397;83;22;94565.84;EUR;REJECTED;2025-08-18 16:45:11
398;65;22;95926.48;USD;DRAFT;2025-08-19 09:43:31
399;32;9;232057.97;USD;DRAFT;2025-08-22 16:55:31
400;61;76;23865.72;USD;REJECTED;2025-08-25 15:03:15
401;67;22;174472.22;USD;DRAFT;2025-08-27 13:37:19
402;75;78;117307.73;EUR;APPROVED;2025-08-28 11:24:00
403;76;13;141569.84;USD;SUBMITTED;2025-09-01 13:08:38
404;67;15;28680.11;EUR;SUBMITTED;2025-09-03 11:06:47
405;69;55;135973.63;USD;COMPLETED;2025-09-05 12:40:13
406;54;36;53944.07;EUR;COMPLETED;2025-09-08 15:12:21
407;86;21;55487.38;USD;SUBMITTED;2025-09-11 11:15:07
408;24;21;62138.77;EUR;SUBMITTED;2025-09-15 12:09:20
409;7;55;66169.14;USD;REJECTED;2025-09-18 13:25:56
410;36;75;73422.31;USD;DRAFT;2025-09-22 10:40:15
411;74;75;161138.43;USD;APPROVED;2025-09-24 09:41:15
412;44;23;59372.98;EUR;REJECTED;2025-09-25 11:45:22
413;80;75;150161.87;EUR;REJECTED;2025-09-29 16:35:38
414;42;35;17534.74;EUR;COMPLETED;2025-10-01 09:06:48
415;89;22;104029.52;EUR;REJECTED;2025-10-03 15:18:51
416;92;15;107252.70;USD;COMPLETED;2025-10-06 11:49:04
417;65;11;140297.81;EUR;COMPLETED;2025-10-08 13:28:31
418;58;77;174573.89;USD;SUBMITTED;2025-10-10 13:42:15
419;30;68;188499.89;USD;DRAFT;2025-10-13 16:09:16
420;67;77;80624.05;EUR;SUBMITTED;2025-10-15 15:42:39
421;23;78;103240.98;USD;COMPLETED;2025-10-16 11:59:03
422;24;36;89591.19;EUR;DRAFT;2025-10-17 12:17:13
423;95;88;33902.64;USD;APPROVED;2025-10-20 09:44:55
424;56;90;164444.78;EUR;SUBMITTED;2025-10-23 09:15:00
425;23;22;92791.07;USD;APPROVED;2025-10-27 09:02:17
426;23;4;50018.78;USD;SUBMITTED;2025-10-29 11:45:33
427;95;88;127431.07;USD;DRAFT;2025-10-31 14:44:21
428;36;75;9830.07;EUR;SUBMITTED;2025-11-03 10:17:50
429;78;22;113151.36;USD;COMPLETED;2025-11-05 11:02:51
430;95;15;126933.05;USD;APPROVED;2025-11-10 15:55:41
431;12;9;87288.44;USD;REJECTED;2025-11-13 16:48:15
432;58;35;118387.01;EUR;REJECTED;2025-11-17 12:42:33
433;89;55;4039.16;USD;REJECTED;2025-11-19 13:57:25
434;84;68;149033.58;EUR;APPROVED;2025-11-21 15:41:32
435;59;9;164167.25;USD;DRAFT;2025-11-24 16:45:02
436;57;21;10581.39;EUR;DRAFT;2025-11-27 13:28:39
437;27;11;15773.42;EUR;COMPLETED;2025-12-01 13:33:19
438;74;78;186887.31;EUR;SUBMITTED;2025-12-02 16:19:45
439;68;13;12635.28;USD;REJECTED;2025-12-04 16:20:05
440;88;75;33369.24;EUR;SUBMITTED;2025-12-08 09:27:31
441;100;78;153381.43;USD;COMPLETED;2025-12-11 13:18:38
442;30;22;194280.47;EUR;COMPLETED;2025-12-15 12:56:15
443;98;55;782.24;EUR;APPROVED;2025-12-18 15:30:19
444;18;35;58676.76;USD;REJECTED;2025-12-22 11:00:11
445;39;23;90921.89;USD;COMPLETED;2025-12-23 09:30:24
446;57;68;14618.13;USD;SUBMITTED;2025-12-26 11:38:29
447;32;9;151952.63;USD;SUBMITTED;2025-12-29 14:40:58
448;84;13;86567.88;USD;DRAFT;2025-12-31 16:25:46
449;48;75;41296.94;EUR;REJECTED;2026-01-01 14:12:48
450;23;23;52906.38;EUR;COMPLETED;2026-01-05 12:57:28
451;77;77;2067.00;USD;COMPLETED;2026-01-07 09:42:19
452;85;36;26288.48;EUR;REJECTED;2026-01-09 13:41:56
453;33;78;148908.35;EUR;SUBMITTED;2026-01-12 15:02:28
454;29;21;39210.60;EUR;REJECTED;2026-01-15 14:32:14
455;62;4;11980.07;USD;SUBMITTED;2026-01-19 12:04:06
456;42;11;13907.44;EUR;APPROVED;2026-01-21 11:54:05
457;85;88;80707.38;EUR;COMPLETED;2026-01-26 10:41:01
458;63;78;155401.42;EUR;APPROVED;2026-01-28 11:10:11
459;60;21;52717.71;USD;DRAFT;2026-01-30 09:18:28
460;19;15;80756.81;USD;COMPLETED;2026-02-02 15:03:15
461;22;36;81157.41;USD;APPROVED;2026-02-04 11:04:04
462;85;36;45362.60;USD;COMPLETED;2026-02-09 16:04:03
463;14;35;96297.90;USD;APPROVED;2026-02-12 12:59:28
464;47;75;6468.50;USD;REJECTED;2026-02-16 14:10:41
465;26;36;27322.56;EUR;APPROVED;2026-02-19 14:26:57
466;6;11;149671.55;EUR;DRAFT;2026-02-23 15:44:12
467;20;48;122819.68;USD;REJECTED;2026-02-25 13:13:20
468;50;76;6086.16;USD;DRAFT;2026-03-02 14:17:22
469;33;35;47757.33;USD;SUBMITTED;2026-03-04 16:53:21
470;86;9;73730.27;EUR;REJECTED;2026-03-06 16:27:46
471;88;68;136177.20;USD;DRAFT;2026-03-09 16:30:39
472;33;4;18149.24;EUR;COMPLETED;2026-03-10 10:14:51
473;28;9;87291.04;USD;SUBMITTED;2026-03-12 10:41:50
474;38;90;42291.59;EUR;REJECTED;2026-03-13 12:55:36
475;55;75;49344.32;EUR;APPROVED;2026-03-16 09:52:25
476;79;13;90626.45;EUR;COMPLETED;2026-03-18 09:30:28
477;29;90;13307.04;EUR;COMPLETED;2026-03-19 12:08:36
478;13;13;124166.32;USD;COMPLETED;2026-03-20 09:27:43
479;42;35;74347.70;EUR;REJECTED;2026-03-23 09:31:35
480;66;35;54645.48;USD;COMPLETED;2026-03-24 11:08:10
481;94;13;178071.20;EUR;COMPLETED;2026-03-27 16:45:52
482;20;75;137808.22;USD;SUBMITTED;2026-03-30 09:47:18
483;91;4;65877.32;EUR;DRAFT;2026-04-01 11:25:15
484;85;90;3150.84;USD;SUBMITTED;2026-04-02 11:31:50
485;7;35;35164.80;EUR;SUBMITTED;2026-04-03 14:48:06
486;36;77;118421.91;USD;DRAFT;2026-04-06 11:38:59
487;6;13;7701.80;USD;DRAFT;2026-04-08 09:50:06
488;18;9;2258.22;USD;APPROVED;2026-04-13 09:17:38
489;55;75;77885.50;EUR;SUBMITTED;2026-04-15 12:08:14
490;44;36;25735.78;EUR;REJECTED;2026-04-16 14:06:17
491;29;21;90902.64;EUR;APPROVED;2026-04-20 16:30:09
492;53;35;70951.92;USD;COMPLETED;2026-04-23 10:52:26
493;50;90;154303.97;EUR;SUBMITTED;2026-04-27 13:31:54
494;82;77;110135.18;EUR;SUBMITTED;2026-04-29 14:44:04
495;51;76;17627.25;USD;SUBMITTED;2026-04-30 11:34:39
496;82;78;90269.09;USD;SUBMITTED;2026-05-01 12:03:45
497;43;36;95601.14;EUR;REJECTED;2026-05-04 11:52:29
498;1;90;190481.12;USD;APPROVED;2026-05-05 09:09:13
499;26;4;32728.25;EUR;DRAFT;2026-05-07 11:51:29
500;68;48;53592.92;EUR;COMPLETED;2026-05-11 14:55:31
501;56;76;24231.34;USD;APPROVED;2026-05-12 12:46:21
502;5;35;218430.59;EUR;SUBMITTED;2026-05-14 12:13:35
503;17;15;40373.28;EUR;APPROVED;2026-05-18 12:59:53
504;68;77;8216.10;EUR;REJECTED;2026-05-21 16:37:03
505;61;23;52116.42;EUR;SUBMITTED;2026-05-25 13:12:33
506;57;22;17845.52;EUR;SUBMITTED;2026-05-26 11:30:06
507;90;21;112886.67;USD;SUBMITTED;2026-05-28 10:43:52
508;87;88;2919.06;USD;SUBMITTED;2026-06-01 09:03:12
509;78;75;45250.15;USD;COMPLETED;2026-06-03 10:34:57
510;5;90;44151.19;USD;REJECTED;2026-06-08 16:42:33
511;10;77;101450.52;USD;COMPLETED;2026-06-10 14:39:32
512;34;22;233289.19;EUR;REJECTED;2026-06-12 16:44:00
513;11;88;179184.27;USD;REJECTED;2026-06-15 15:08:54
514;31;9;59225.14;USD;APPROVED;2026-06-16 14:17:39
515;16;48;75370.22;EUR;DRAFT;2026-06-19 16:02:26
516;63;75;21767.94;EUR;DRAFT;2026-06-22 11:38:19
517;95;88;68144.88;USD;REJECTED;2026-06-24 13:07:31
518;54;77;74705.24;EUR;SUBMITTED;2026-06-26 12:18:09
519;67;55;9245.83;USD;COMPLETED;2026-06-29 12:33:29
520;23;75;93334.26;USD;REJECTED;2026-06-30 09:56:47
521;19;35;142598.33;USD;COMPLETED;2026-07-02 09:38:01
522;87;75;211348.95;USD;APPROVED;2026-07-06 15:43:52
523;17;22;1593.96;EUR;APPROVED;2026-07-07 15:30:30
524;94;55;87986.76;USD;DRAFT;2026-07-08 11:08:20
525;23;9;5570.61;USD;COMPLETED;2026-07-09 16:13:49
526;88;13;80944.99;EUR;SUBMITTED;2026-07-13 16:30:24
527;68;11;11631.20;EUR;REJECTED;2026-07-16 12:50:51
528;56;13;87280.86;USD;APPROVED;2026-07-20 14:47:11
529;46;35;40987.51;EUR;SUBMITTED;2026-07-22 14:21:12
530;81;75;86079.96;USD;SUBMITTED;2026-07-23 13:26:15
531;85;15;151977.67;EUR;COMPLETED;2026-07-24 13:20:36
532;67;36;94068.99;EUR;REJECTED;2026-07-27 15:51:18
533;80;78;207993.84;EUR;REJECTED;2026-07-30 16:24:35
534;34;55;267220.32;USD;COMPLETED;2026-08-03 09:22:32
535;89;75;110901.78;EUR;APPROVED;2026-08-04 12:10:58
536;40;21;154674.09;USD;COMPLETED;2026-08-06 11:02:39
537;93;55;163274.47;USD;APPROVED;2026-08-10 09:35:25
538;18;35;111866.34;USD;SUBMITTED;2026-08-12 12:21:56
539;54;4;22775.88;USD;REJECTED;2026-08-17 14:38:51
540;52;35;61505.20;USD;REJECTED;2026-08-20 11:00:07
541;93;90;80598.79;EUR;SUBMITTED;2026-08-21 14:46:53
542;85;36;41649.58;EUR;APPROVED;2026-08-24 15:44:18
543;58;76;266245.85;USD;REJECTED;2026-08-26 14:47:58
544;27;21;84523.08;EUR;SUBMITTED;2026-08-31 16:09:52
545;51;21;30779.04;USD;SUBMITTED;2026-09-01 09:37:52
546;84;15;98381.30;USD;DRAFT;2026-09-02 13:48:44
547;38;21;198301.23;EUR;SUBMITTED;2026-09-07 11:55:44
548;10;36;83209.16;EUR;SUBMITTED;2026-09-10 10:52:38
549;30;77;174792.78;EUR;COMPLETED;2026-09-14 10:16:08
550;10;77;41160.65;USD;REJECTED;2026-09-17 11:45:26
551;7;36;23374.06;EUR;COMPLETED;2026-09-21 12:34:41
552;8;15;39421.46;USD;REJECTED;2026-09-22 15:09:19
553;67;4;31222.74;USD;APPROVED;2026-09-24 15:43:00
554;19;23;255025.85;USD;APPROVED;2026-09-25 15:19:31
555;60;90;8298.84;EUR;SUBMITTED;2026-09-28 10:54:16
556;75;23;83004.40;USD;DRAFT;2026-09-30 12:53:51
557;88;55;98686.22;USD;DRAFT;2026-10-05 11:26:40
558;9;78;52449.00;EUR;APPROVED;2026-10-06 11:23:32
559;4;68;31492.68;USD;COMPLETED;2026-10-07 10:19:10
560;67;21;141230.38;USD;COMPLETED;2026-10-08 14:02:22
561;36;78;19901.29;USD;COMPLETED;2026-10-12 16:38:07
562;89;78;26022.02;USD;REJECTED;2026-10-15 14:28:35
563;41;23;84194.09;USD;APPROVED;2026-10-19 14:03:37
564;96;4;42765.70;EUR;REJECTED;2026-10-22 11:43:08
565;72;9;7271.98;USD;DRAFT;2026-10-23 13:51:30
566;62;4;29340.50;EUR;REJECTED;2026-10-26 12:45:36
567;22;76;127144.30;EUR;SUBMITTED;2026-10-27 15:54:26
568;85;35;131284.60;USD;SUBMITTED;2026-10-30 15:29:33
569;37;35;45786.50;USD;COMPLETED;2026-11-02 14:23:17
570;19;22;88096.78;EUR;SUBMITTED;2026-11-04 09:39:13
571;11;76;136630.26;EUR;APPROVED;2026-11-05 09:07:45
572;50;9;138794.83;USD;SUBMITTED;2026-11-09 16:38:22
573;56;21;38796.50;USD;REJECTED;2026-11-10 09:59:20
574;18;77;3015.29;EUR;DRAFT;2026-11-11 11:58:01
575;55;78;52420.24;EUR;COMPLETED;2026-11-16 12:16:54
576;1;21;46616.42;EUR;DRAFT;2026-11-17 12:53:03
577;9;11;147043.21;USD;SUBMITTED;2026-11-19 16:04:09
578;6;15;96117.58;EUR;SUBMITTED;2026-11-23 15:27:29
579;42;36;123496.49;EUR;COMPLETED;2026-11-25 12:04:13
580;66;78;132223.82;EUR;APPROVED;2026-11-27 15:26:50
581;90;11;14072.69;EUR;DRAFT;2026-11-30 14:12:24
582;7;11;112695.71;EUR;COMPLETED;2026-12-02 09:39:10
583;59;36;36044.69;EUR;DRAFT;2026-12-03 09:10:12
584;77;21;11397.15;EUR;COMPLETED;2026-12-04 09:09:43
585;51;4;114331.24;EUR;DRAFT;2026-12-07 16:09:15
586;92;11;44136.64;USD;COMPLETED;2026-12-08 10:23:55
587;94;22;81631.61;EUR;APPROVED;2026-12-09 11:32:51
588;87;9;91002.93;EUR;DRAFT;2026-12-10 12:25:41
589;20;13;124224.62;USD;SUBMITTED;2026-12-14 14:44:59
590;83;9;89839.75;USD;SUBMITTED;2026-12-16 14:56:36
591;24;78;62125.19;EUR;REJECTED;2026-12-18 15:53:34
592;6;4;103195.42;EUR;COMPLETED;2026-12-21 13:25:49
593;80;78;36659.85;USD;COMPLETED;2026-12-23 13:37:30
594;2;35;124843.50;EUR;REJECTED;2026-12-28 15:23:11
595;92;68;114036.33;USD;SUBMITTED;2026-12-31 11:36:53
596;65;13;101089.06;EUR;DRAFT;2027-01-04 13:11:16
597;17;55;95904.98;USD;COMPLETED;2027-01-06 13:07:46
598;46;9;69420.00;USD;APPROVED;2027-01-08 12:57:39
599;42;15;75048.78;USD;COMPLETED;2027-01-11 11:09:45
600;31;68;25874.47;USD;APPROVED;2027-01-12 09:05:15
601;19;23;8157.45;EUR;SUBMITTED;2027-01-15 16:25:43
602;77;21;20455.97;USD;DRAFT;2027-01-18 10:42:01
603;100;21;137225.43;USD;APPROVED;2027-01-19 14:47:28
604;87;4;102573.72;USD;SUBMITTED;2027-01-21 12:58:36
605;20;55;48500.62;EUR;SUBMITTED;2027-01-22 11:12:36
606;23;35;72468.93;USD;COMPLETED;2027-01-25 10:12:34
607;9;68;102469.57;USD;APPROVED;2027-01-26 14:02:02
608;96;9;13865.92;USD;DRAFT;2027-01-29 13:03:57
609;16;13;101066.12;EUR;COMPLETED;2027-02-01 13:21:29
610;13;90;168157.14;USD;DRAFT;2027-02-03 15:45:07
611;73;15;112802.07;USD;SUBMITTED;2027-02-04 14:17:34
612;43;55;1400.40;USD;REJECTED;2027-02-08 11:33:33
613;94;4;157348.60;USD;REJECTED;2027-02-11 10:45:53
614;45;48;118384.63;EUR;APPROVED;2027-02-15 11:32:50
615;53;23;148894.85;EUR;APPROVED;2027-02-17 16:16:26
616;77;21;36417.79;USD;COMPLETED;2027-02-18 10:44:50
617;35;48;27232.28;USD;REJECTED;2027-02-22 13:03:46
618;73;22;96093.50;EUR;DRAFT;2027-02-24 15:29:00
619;75;21;132308.74;USD;SUBMITTED;2027-02-26 14:12:13
620;74;21;135509.45;EUR;SUBMITTED;2027-03-01 10:19:34
621;4;22;111876.21;EUR;APPROVED;2027-03-04 16:03:06
622;72;13;108220.93;EUR;COMPLETED;2027-03-08 09:23:01
623;72;21;5129.80;USD;DRAFT;2027-03-10 15:58:55
624;26;76;100675.38;USD;COMPLETED;2027-03-15 09:43:51
625;77;4;93909.03;EUR;COMPLETED;2027-03-18 10:35:31
626;36;13;212204.88;EUR;APPROVED;2027-03-19 11:05:42
627;38;77;42754.16;EUR;DRAFT;2027-03-22 12:24:45
628;54;55;115877.61;EUR;APPROVED;2027-03-24 15:59:29
629;56;35;36659.68;EUR;COMPLETED;2027-03-29 13:33:04
630;46;76;133320.13;USD;APPROVED;2027-04-01 15:28:33
631;9;9;96173.92;EUR;COMPLETED;2027-04-05 13:21:30
632;25;88;42724.34;USD;DRAFT;2027-04-06 14:40:37
633;56;11;149077.20;USD;DRAFT;2027-04-09 13:42:20
634;63;75;163555.13;USD;SUBMITTED;2027-04-12 13:57:01
635;59;76;129867.96;EUR;SUBMITTED;2027-04-14 16:56:33
636;16;15;109457.54;EUR;DRAFT;2027-04-19 13:21:39
637;37;23;176073.78;EUR;SUBMITTED;2027-04-22 14:00:28
638;2;77;29205.75;USD;SUBMITTED;2027-04-23 10:36:37
639;52;90;26072.50;USD;COMPLETED;2027-04-26 10:47:37
640;41;21;48420.93;EUR;SUBMITTED;2027-04-27 16:24:43
641;95;22;85949.80;EUR;SUBMITTED;2027-04-28 13:07:33
642;24;22;21355.74;USD;SUBMITTED;2027-04-29 12:01:42
643;98;88;47456.62;USD;REJECTED;2027-04-30 12:22:15
644;96;11;90626.16;EUR;SUBMITTED;2027-05-03 09:46:56
645;51;15;45742.34;USD;REJECTED;2027-05-06 09:32:05
646;12;23;10941.75;USD;COMPLETED;2027-05-10 16:41:06
647;28;76;33649.26;USD;REJECTED;2027-05-12 11:05:16
648;70;13;174194.26;USD;SUBMITTED;2027-05-17 11:25:40
649;22;15;62800.23;USD;SUBMITTED;2027-05-19 13:45:34
650;26;13;13019.40;EUR;COMPLETED;2027-05-24 13:50:04
651;71;36;44366.64;USD;SUBMITTED;2027-05-26 16:15:08
652;94;76;29294.10;USD;APPROVED;2027-05-28 12:46:03
653;13;11;104262.07;EUR;APPROVED;2027-05-31 16:42:14
654;55;90;54045.41;EUR;REJECTED;2027-06-02 12:35:01
655;31;21;58655.44;EUR;COMPLETED;2027-06-03 13:22:32
656;31;36;168879.16;EUR;SUBMITTED;2027-06-07 10:12:15
657;77;23;112485.54;USD;REJECTED;2027-06-09 15:26:43
658;37;76;107735.84;EUR;SUBMITTED;2027-06-10 13:30:36
659;98;21;73049.92;USD;REJECTED;2027-06-14 14:50:17
660;88;35;24363.51;USD;COMPLETED;2027-06-17 14:00:27
661;8;48;74511.98;USD;COMPLETED;2027-06-18 15:42:26
662;33;23;59783.40;USD;REJECTED;2027-06-21 09:24:38
663;80;68;129267.82;USD;DRAFT;2027-06-24 09:02:35
664;78;68;14003.76;EUR;COMPLETED;2027-06-28 13:07:42
665;87;68;78452.94;USD;REJECTED;2027-07-01 09:04:56
666;76;90;37250.91;EUR;REJECTED;2027-07-02 14:46:41
667;3;78;182825.80;USD;APPROVED;2027-07-05 12:18:34
668;85;90;136209.43;EUR;DRAFT;2027-07-06 13:46:49
669;99;4;139601.98;USD;DRAFT;2027-07-09 09:49:46
670;4;76;47538.97;USD;REJECTED;2027-07-12 11:47:15
671;21;76;97915.18;EUR;DRAFT;2027-07-15 15:49:51
672;59;55;17422.25;USD;DRAFT;2027-07-19 09:19:48
673;31;35;121244.94;EUR;APPROVED;2027-07-22 15:37:36
674;93;77;23707.84;USD;REJECTED;2027-07-26 16:30:01
675;54;88;98732.59;EUR;REJECTED;2027-07-29 15:04:15
676;73;68;30411.87;EUR;APPROVED;2027-08-02 12:31:28
677;91;13;16314.73;EUR;COMPLETED;2027-08-04 15:50:43
678;12;78;4190.12;EUR;COMPLETED;2027-08-05 12:03:49
679;53;13;142695.44;USD;REJECTED;2027-08-09 11:33:02
680;68;21;70980.96;EUR;DRAFT;2027-08-10 15:27:47
681;92;90;83224.96;EUR;APPROVED;2027-08-11 10:07:25
682;89;75;37985.67;EUR;APPROVED;2027-08-13 13:51:03
683;68;23;141304.43;USD;DRAFT;2027-08-16 10:14:21
684;18;48;121329.94;USD;SUBMITTED;2027-08-19 13:27:54
685;72;48;76989.12;USD;REJECTED;2027-08-23 14:09:00
686;30;48;102483.09;USD;SUBMITTED;2027-08-24 09:50:10
687;66;90;108379.48;USD;REJECTED;2027-08-25 09:16:26
688;83;90;71716.85;USD;SUBMITTED;2027-08-27 13:02:07
689;6;22;95435.64;EUR;DRAFT;2027-08-30 11:22:52
690;11;88;94379.94;EUR;DRAFT;2027-08-31 16:09:10
691;31;35;78180.34;EUR;SUBMITTED;2027-09-03 10:31:29
692;28;4;213999.21;USD;DRAFT;2027-09-06 10:39:13
693;30;90;27084.05;USD;SUBMITTED;2027-09-07 12:55:32
694;20;76;9240.84;EUR;COMPLETED;2027-09-08 10:25:22
695;21;15;110502.71;EUR;REJECTED;2027-09-09 10:33:50
696;95;11;47666.22;USD;APPROVED;2027-09-13 13:24:45
697;71;9;108970.09;EUR;SUBMITTED;2027-09-16 10:37:04
698;97;23;71243.60;USD;SUBMITTED;2027-09-20 15:21:05
699;70;36;155985.73;EUR;SUBMITTED;2027-09-23 12:55:34
700;3;9;16352.16;EUR;DRAFT;2027-09-27 15:35:19
701;15;23;18768.09;USD;REJECTED;2027-09-30 11:40:01
702;56;76;27444.41;USD;SUBMITTED;2027-10-04 16:25:32
703;94;35;10751.68;USD;REJECTED;2027-10-06 15:55:32
704;13;68;20012.58;EUR;DRAFT;2027-10-11 09:37:18
705;71;11;108330.46;EUR;APPROVED;2027-10-12 14:41:11
706;28;48;2403.74;EUR;REJECTED;2027-10-14 14:09:16
707;32;23;36267.70;EUR;APPROVED;2027-10-18 11:59:14
708;49;55;13563.45;EUR;APPROVED;2027-10-20 14:51:22
709;45;36;131272.89;USD;DRAFT;2027-10-22 10:55:47
710;83;9;27140.77;EUR;REJECTED;2027-10-25 16:54:29
711;16;75;198022.76;EUR;SUBMITTED;2027-10-28 16:20:28
712;23;35;73537.09;EUR;DRAFT;2027-10-29 11:00:59
713;14;55;172000.97;EUR;SUBMITTED;2027-11-01 16:58:37
714;7;78;122559.25;USD;REJECTED;2027-11-02 09:44:29
715;72;55;69413.70;USD;SUBMITTED;2027-11-05 11:59:03
716;55;9;107966.15;USD;REJECTED;2027-11-08 16:03:16
717;87;22;66704.22;EUR;DRAFT;2027-11-10 12:21:46
718;99;9;20191.54;USD;REJECTED;2027-11-15 13:37:36
719;44;76;27208.76;USD;REJECTED;2027-11-17 10:36:12
720;39;90;228841.94;EUR;DRAFT;2027-11-18 10:17:45
721;27;21;166680.08;USD;COMPLETED;2027-11-22 10:10:58
722;34;4;193217.56;USD;REJECTED;2027-11-23 14:22:17
723;28;48;52592.83;USD;APPROVED;2027-11-25 15:05:25
724;40;21;69576.60;USD;COMPLETED;2027-11-26 15:40:59
725;32;36;65288.00;EUR;DRAFT;2027-11-29 09:34:10
726;74;4;20188.35;USD;COMPLETED;2027-12-02 09:46:42
727;92;11;53067.14;EUR;SUBMITTED;2027-12-03 16:34:29
728;18;36;31345.78;EUR;SUBMITTED;2027-12-06 10:57:40
729;32;23;47013.75;EUR;APPROVED;2027-12-07 10:29:32
730;90;13;2936.70;EUR;APPROVED;2027-12-10 12:07:07
731;37;76;87515.56;USD;REJECTED;2027-12-13 11:12:35
732;33;88;63037.03;EUR;REJECTED;2027-12-15 14:49:20
733;59;36;41699.98;EUR;SUBMITTED;2027-12-16 16:18:29
734;80;77;38635.22;EUR;DRAFT;2027-12-17 15:41:24
735;11;88;164101.39;USD;DRAFT;2027-12-20 09:51:10
736;95;13;12721.41;EUR;REJECTED;2027-12-21 10:16:43
737;99;36;123077.26;EUR;DRAFT;2027-12-23 10:59:21
738;46;22;76140.03;USD;COMPLETED;2027-12-27 14:25:18
739;53;75;15254.70;EUR;COMPLETED;2027-12-28 12:15:08
740;28;35;50163.97;USD;COMPLETED;2027-12-29 15:57:49
741;36;90;32268.99;EUR;DRAFT;2027-12-30 11:31:17
742;38;76;80702.31;USD;REJECTED;2028-01-03 10:38:02
743;34;76;51750.85;USD;COMPLETED;2028-01-04 09:37:23
744;54;36;125038.98;EUR;APPROVED;2028-01-07 13:38:46
745;70;88;15640.92;USD;REJECTED;2028-01-10 11:53:44
746;71;55;149235.86;USD;REJECTED;2028-01-13 10:40:22
747;28;75;19418.12;EUR;SUBMITTED;2028-01-14 10:29:12
748;29;77;108995.19;USD;DRAFT;2028-01-17 14:24:35
749;77;88;25885.84;EUR;REJECTED;2028-01-20 15:03:54
750;81;88;61093.30;USD;SUBMITTED;2028-01-21 09:51:50
751;69;22;164487.53;USD;COMPLETED;2028-01-24 09:43:00
752;9;75;133765.18;EUR;REJECTED;2028-01-25 10:01:34
753;28;11;29235.48;EUR;DRAFT;2028-01-28 15:44:17
754;68;9;39686.57;EUR;DRAFT;2028-01-31 16:05:59
755;62;35;215910.16;USD;APPROVED;2028-02-03 10:32:59
756;77;78;35873.95;EUR;REJECTED;2028-02-07 12:08:19
757;74;36;131012.83;USD;APPROVED;2028-02-08 14:58:48
758;49;13;16123.35;USD;DRAFT;2028-02-10 13:44:21
759;1;13;104590.89;USD;DRAFT;2028-02-14 16:38:23
760;76;13;37609.88;USD;SUBMITTED;2028-02-15 15:53:36
761;40;22;105339.90;EUR;APPROVED;2028-02-17 09:03:51
762;72;11;86977.81;USD;APPROVED;2028-02-18 15:03:42
763;32;90;50127.06;EUR;DRAFT;2028-02-21 12:04:12
764;31;15;33807.73;EUR;REJECTED;2028-02-22 16:57:21
765;68;55;117741.00;EUR;DRAFT;2028-02-25 12:11:19
766;75;68;1666.80;USD;REJECTED;2028-02-28 14:00:23
767;32;78;14222.10;EUR;DRAFT;2028-02-29 12:21:20
768;67;35;19208.28;EUR;APPROVED;2028-03-02 16:13:50
769;35;21;105005.57;EUR;SUBMITTED;2028-03-06 12:40:36
770;30;15;67188.87;USD;APPROVED;2028-03-09 12:28:20
771;3;36;3335.85;USD;DRAFT;2028-03-10 15:03:14
772;17;23;18306.08;USD;COMPLETED;2028-03-13 12:08:28
773;44;90;74093.58;USD;REJECTED;2028-03-14 15:30:22
774;91;75;85908.72;USD;DRAFT;2028-03-17 14:15:17
775;32;23;16031.00;USD;SUBMITTED;2028-03-20 12:00:18
776;9;68;72057.83;EUR;APPROVED;2028-03-21 10:34:29
777;19;22;34847.22;EUR;DRAFT;2028-03-24 15:53:19
778;84;76;132334.13;EUR;APPROVED;2028-03-27 09:46:40
779;32;11;77923.84;EUR;APPROVED;2028-03-30 12:25:25
780;30;21;56714.23;EUR;COMPLETED;2028-04-03 10:12:03
781;12;90;63420.50;USD;DRAFT;2028-04-04 14:26:39
782;79;75;89727.13;USD;DRAFT;2028-04-05 09:01:33
783;69;9;37200.76;EUR;APPROVED;2028-04-10 16:40:26
784;7;76;83640.21;USD;APPROVED;2028-04-13 12:50:51
785;53;55;217291.49;EUR;REJECTED;2028-04-17 11:48:47
786;68;36;41003.59;EUR;COMPLETED;2028-04-20 11:21:28
787;85;15;49190.94;USD;APPROVED;2028-04-24 10:42:00
788;41;9;101927.81;USD;DRAFT;2028-04-25 10:04:31
789;68;21;98741.43;EUR;DRAFT;2028-04-26 14:34:52
790;54;55;186042.31;USD;SUBMITTED;2028-05-01 12:24:35
791;62;68;24021.76;EUR;REJECTED;2028-05-03 10:05:21
792;51;68;107608.16;USD;REJECTED;2028-05-08 14:45:13
793;40;22;39774.58;USD;COMPLETED;2028-05-11 10:32:00
794;79;23;22546.44;USD;COMPLETED;2028-05-15 10:44:51
795;32;88;36253.98;EUR;DRAFT;2028-05-16 15:24:58
796;41;48;122508.92;USD;DRAFT;2028-05-17 09:57:42
797;50;36;604.00;USD;REJECTED;2028-05-22 11:57:48
798;31;77;18252.56;EUR;APPROVED;2028-05-25 16:57:52
799;19;11;23010.12;USD;APPROVED;2028-05-29 09:11:06
800;60;13;105776.13;USD;REJECTED;2028-05-30 12:58:42
801;87;48;6501.48;EUR;DRAFT;2028-06-02 16:46:03
802;98;22;54344.29;EUR;APPROVED;2028-06-05 12:08:28
803;53;76;78477.52;EUR;COMPLETED;2028-06-08 15:02:54
804;54;78;92903.38;EUR;REJECTED;2028-06-12 10:36:57
805;21;77;143190.71;EUR;APPROVED;2028-06-13 12:38:58
806;64;21;117810.34;USD;APPROVED;2028-06-16 11:01:23
807;61;13;76700.73;USD;DRAFT;2028-06-19 14:30:03
808;57;23;75067.20;USD;COMPLETED;2028-06-20 14:00:45
809;35;55;67058.21;EUR;DRAFT;2028-06-22 10:42:00
810;68;23;120586.98;EUR;DRAFT;2028-06-26 09:15:37
811;66;36;115657.31;USD;APPROVED;2028-06-29 09:56:13
812;87;48;36925.00;EUR;REJECTED;2028-07-03 15:17:50
813;15;22;87888.89;EUR;APPROVED;2028-07-06 10:43:34
814;71;75;12864.28;USD;DRAFT;2028-07-07 16:36:49
815;16;76;71893.20;EUR;REJECTED;2028-07-10 13:21:11
816;12;77;48352.03;USD;COMPLETED;2028-07-11 15:08:35
817;47;35;142942.93;EUR;APPROVED;2028-07-13 10:25:22
818;95;21;48982.38;USD;COMPLETED;2028-07-14 10:20:59
819;30;55;169527.29;EUR;COMPLETED;2028-07-17 12:46:00
820;85;9;78979.82;USD;COMPLETED;2028-07-18 09:04:06
821;48;36;38865.14;USD;REJECTED;2028-07-19 16:04:00
822;6;4;9551.05;USD;REJECTED;2028-07-21 15:26:03
823;69;36;24058.74;USD;SUBMITTED;2028-07-24 11:36:40
824;95;23;52134.69;USD;DRAFT;2028-07-25 09:32:42
825;91;36;57431.72;EUR;REJECTED;2028-07-28 14:51:05
826;43;13;6457.92;EUR;REJECTED;2028-07-31 10:28:51
827;54;13;126670.30;EUR;REJECTED;2028-08-01 11:35:22
828;37;11;99261.71;USD;COMPLETED;2028-08-04 11:58:14
829;35;15;114567.09;EUR;REJECTED;2028-08-07 14:40:42
830;53;4;66557.67;EUR;SUBMITTED;2028-08-10 10:33:55
831;90;13;145112.18;EUR;REJECTED;2028-08-14 10:52:01
832;25;4;107563.68;USD;APPROVED;2028-08-15 09:59:57
833;19;90;59482.96;EUR;SUBMITTED;2028-08-16 13:20:36
834;88;88;47311.76;USD;COMPLETED;2028-08-21 13:21:25
835;53;9;50850.80;USD;APPROVED;2028-08-22 09:11:17
836;39;15;52225.80;USD;APPROVED;2028-08-23 09:10:51
837;51;11;38136.83;USD;COMPLETED;2028-08-25 09:08:02
838;9;35;26648.38;EUR;DRAFT;2028-08-28 13:37:36
839;48;68;74394.00;EUR;COMPLETED;2028-08-30 15:29:36
840;16;36;10528.35;EUR;REJECTED;2028-09-01 13:53:53
841;4;35;94787.85;EUR;REJECTED;2028-09-04 14:50:48
842;67;22;49338.00;EUR;SUBMITTED;2028-09-06 09:15:40
843;73;88;73695.38;USD;DRAFT;2028-09-07 09:19:09
844;60;68;99224.38;EUR;SUBMITTED;2028-09-08 12:26:38
845;5;75;5070.42;EUR;APPROVED;2028-09-11 14:49:41
846;56;23;94471.06;USD;SUBMITTED;2028-09-12 16:28:55
847;37;36;27821.90;EUR;DRAFT;2028-09-15 09:42:42
848;56;13;62595.94;EUR;COMPLETED;2028-09-18 15:01:14
849;9;90;72419.09;USD;COMPLETED;2028-09-20 15:34:15
850;63;76;121511.14;USD;REJECTED;2028-09-25 16:19:00
851;49;68;36837.01;USD;COMPLETED;2028-09-26 13:13:39
852;55;36;171628.02;EUR;SUBMITTED;2028-09-27 11:10:22
853;1;23;9569.66;USD;APPROVED;2028-09-29 16:00:30
854;36;21;95971.17;EUR;SUBMITTED;2028-10-02 14:37:55
855;82;35;122780.33;USD;SUBMITTED;2028-10-04 14:10:49
856;25;77;149752.80;EUR;DRAFT;2028-10-06 14:25:32
857;55;15;60641.88;USD;SUBMITTED;2028-10-09 16:13:36
858;82;76;23762.27;EUR;APPROVED;2028-10-12 11:11:17
859;15;75;27575.50;USD;COMPLETED;2028-10-13 10:46:22
860;48;13;38041.38;USD;SUBMITTED;2028-10-16 12:49:55
861;53;76;94244.57;EUR;COMPLETED;2028-10-18 13:04:59
862;99;22;146147.37;USD;REJECTED;2028-10-19 14:06:28
863;12;15;34302.45;EUR;COMPLETED;2028-10-23 09:20:00
864;93;77;38589.95;USD;APPROVED;2028-10-26 16:12:36
865;4;23;16493.25;USD;APPROVED;2028-10-30 10:06:46
866;65;21;79792.86;EUR;APPROVED;2028-10-31 13:32:22
867;19;15;108201.33;EUR;SUBMITTED;2028-11-02 13:22:45
868;54;90;42137.46;EUR;DRAFT;2028-11-03 09:54:05
869;66;13;37957.20;EUR;DRAFT;2028-11-06 13:55:48
870;53;36;51962.00;USD;APPROVED;2028-11-07 12:19:28
871;45;36;13079.26;USD;REJECTED;2028-11-10 12:17:31
872;47;68;16789.86;USD;COMPLETED;2028-11-13 14:52:06
873;47;75;105216.45;USD;APPROVED;2028-11-14 09:32:05
874;76;4;72172.18;EUR;APPROVED;2028-11-17 09:28:34
875;59;9;58085.53;EUR;COMPLETED;2028-11-20 13:55:22
876;71;15;124809.35;EUR;DRAFT;2028-11-23 10:29:37
877;22;90;33736.00;USD;COMPLETED;2028-11-24 16:30:04
878;5;48;79615.25;EUR;DRAFT;2028-11-27 12:04:45
879;17;13;36155.03;EUR;APPROVED;2028-11-29 15:40:03
880;67;13;90956.27;EUR;REJECTED;2028-11-30 15:14:39
881;82;36;42495.45;USD;DRAFT;2028-12-04 16:24:42
882;100;77;28623.96;USD;APPROVED;2028-12-06 12:17:02
883;58;78;53988.00;USD;COMPLETED;2028-12-08 10:26:05
884;90;88;117543.47;USD;APPROVED;2028-12-11 16:59:43
885;52;4;33715.77;USD;REJECTED;2028-12-12 11:16:29
886;69;13;46344.62;USD;COMPLETED;2028-12-14 09:41:17
887;65;78;95903.10;USD;REJECTED;2028-12-15 12:13:54
888;83;78;21163.52;USD;DRAFT;2028-12-18 09:12:41
889;32;55;63350.19;USD;SUBMITTED;2028-12-21 16:37:56
890;85;22;108887.86;USD;APPROVED;2028-12-22 12:41:18
891;43;68;38278.01;USD;DRAFT;2028-12-25 11:43:31
892;71;11;23278.33;EUR;REJECTED;2028-12-26 14:12:31
893;16;75;92913.19;EUR;APPROVED;2028-12-28 09:24:20
894;69;9;85636.16;EUR;SUBMITTED;2028-12-29 16:42:14
895;43;13;21794.99;EUR;SUBMITTED;2029-01-01 12:54:17
896;98;48;228020.69;EUR;APPROVED;2029-01-03 14:49:24
897;52;11;72709.93;EUR;REJECTED;2029-01-08 10:03:39
898;80;4;185647.31;USD;COMPLETED;2029-01-11 14:41:35
899;64;23;100830.59;USD;SUBMITTED;2029-01-15 15:56:45
900;94;21;127430.26;USD;COMPLETED;2029-01-18 15:55:20
901;75;22;177199.32;USD;REJECTED;2029-01-19 10:25:09
902;76;55;53185.53;USD;SUBMITTED;2029-01-22 10:15:59
903;13;35;178810.55;USD;DRAFT;2029-01-25 15:21:06
904;3;55;142072.57;USD;DRAFT;2029-01-29 09:30:57
905;9;76;14172.86;EUR;APPROVED;2029-02-01 09:21:23
906;3;35;15343.86;USD;COMPLETED;2029-02-02 12:07:45
907;36;36;165699.89;USD;COMPLETED;2029-02-05 10:14:45
908;99;78;9526.98;USD;DRAFT;2029-02-06 10:44:26
909;28;35;64838.50;EUR;APPROVED;2029-02-07 10:54:36
910;26;13;184041.87;EUR;COMPLETED;2029-02-09 10:33:44
911;41;55;101927.96;EUR;COMPLETED;2029-02-12 10:57:35
912;38;22;19662.60;EUR;COMPLETED;2029-02-13 13:29:27
913;92;77;105748.86;EUR;DRAFT;2029-02-14 13:34:30
914;44;35;120425.36;EUR;DRAFT;2029-02-19 11:15:18
915;38;9;536.49;EUR;REJECTED;2029-02-22 09:03:31
916;12;9;45841.52;USD;COMPLETED;2029-02-23 09:04:20
917;82;35;33504.10;USD;SUBMITTED;2029-02-26 09:59:32
918;17;11;55089.70;EUR;SUBMITTED;2029-03-01 12:00:07
919;78;75;35059.43;USD;REJECTED;2029-03-02 16:01:18
920;14;36;76281.48;EUR;REJECTED;2029-03-05 10:25:16
921;4;13;11193.60;USD;COMPLETED;2029-03-07 09:03:12
922;88;11;120308.76;USD;APPROVED;2029-03-12 12:44:06
923;34;75;13605.48;USD;APPROVED;2029-03-14 12:56:28
924;93;35;22511.91;USD;REJECTED;2029-03-15 11:00:20
925;67;4;47791.10;EUR;DRAFT;2029-03-19 09:45:03
926;38;9;113717.65;USD;DRAFT;2029-03-20 16:28:17
927;37;21;122624.03;EUR;REJECTED;2029-03-22 12:59:25
928;66;36;98366.75;USD;APPROVED;2029-03-26 12:23:58
929;17;21;75499.25;USD;REJECTED;2029-03-27 10:35:36
930;94;21;5750.90;EUR;SUBMITTED;2029-03-28 13:41:02
931;76;35;23184.20;EUR;COMPLETED;2029-03-29 15:03:11
932;26;35;151679.32;USD;APPROVED;2029-03-30 10:29:50
933;65;76;83521.10;USD;DRAFT;2029-04-02 10:38:21
934;68;9;131843.71;USD;COMPLETED;2029-04-03 11:10:53
935;15;68;72098.07;USD;REJECTED;2029-04-06 13:07:54
936;62;13;92628.10;EUR;DRAFT;2029-04-09 14:50:26
937;4;48;6699.90;EUR;APPROVED;2029-04-12 15:19:03
938;23;55;66318.56;EUR;COMPLETED;2029-04-16 10:44:51
939;43;75;10963.19;EUR;APPROVED;2029-04-17 09:14:51
940;70;78;101514.83;USD;DRAFT;2029-04-20 14:00:07
941;58;35;69998.38;USD;APPROVED;2029-04-23 15:11:02
942;87;76;112375.97;EUR;REJECTED;2029-04-24 10:17:53
943;10;48;130624.56;EUR;DRAFT;2029-04-27 10:19:50
944;40;35;165141.52;EUR;REJECTED;2029-04-30 14:53:35
945;7;90;94040.91;USD;APPROVED;2029-05-02 11:51:47
946;22;75;125196.57;USD;SUBMITTED;2029-05-03 14:46:58
947;48;36;202126.29;USD;DRAFT;2029-05-07 12:49:36
948;23;13;100192.99;USD;DRAFT;2029-05-09 14:06:24
949;2;36;30509.55;USD;DRAFT;2029-05-10 14:17:21
950;93;21;130792.93;USD;REJECTED;2029-05-14 15:15:29
951;38;13;32210.99;EUR;APPROVED;2029-05-15 10:57:20
952;60;4;1829.08;USD;COMPLETED;2029-05-16 15:05:01
953;65;48;110227.38;USD;REJECTED;2029-05-18 09:00:17
954;59;68;6662.34;USD;APPROVED;2029-05-21 14:14:49
955;86;13;102741.06;USD;SUBMITTED;2029-05-23 11:48:22
956;16;15;75006.14;EUR;DRAFT;2029-05-24 10:20:21
957;8;22;151935.08;USD;REJECTED;2029-05-25 14:37:05
958;60;13;215471.73;EUR;SUBMITTED;2029-05-28 13:15:45
959;88;4;74508.30;USD;REJECTED;2029-05-29 14:17:48
960;38;11;144594.90;EUR;DRAFT;2029-05-31 11:24:17
961;41;21;30533.45;EUR;COMPLETED;2029-06-04 14:40:13
962;15;68;137336.36;USD;COMPLETED;2029-06-05 12:51:16
963;79;36;81538.05;EUR;APPROVED;2029-06-07 16:36:03
964;6;9;64128.19;EUR;APPROVED;2029-06-11 10:22:12
965;74;36;53631.89;USD;APPROVED;2029-06-13 09:58:42
966;8;11;121968.60;USD;DRAFT;2029-06-18 16:36:39
967;94;90;48345.79;USD;COMPLETED;2029-06-21 11:09:26
968;83;23;13594.92;EUR;APPROVED;2029-06-22 16:45:14
969;39;22;92518.42;EUR;APPROVED;2029-06-25 15:42:31
970;54;11;150942.14;EUR;REJECTED;2029-06-28 10:11:10
971;54;76;138207.10;USD;REJECTED;2029-07-02 12:40:18
972;31;22;79480.05;USD;REJECTED;2029-07-04 11:37:51
973;34;11;40285.55;USD;DRAFT;2029-07-06 14:28:58
974;49;23;139136.48;EUR;DRAFT;2029-07-09 09:30:33
975;30;13;6021.47;USD;APPROVED;2029-07-11 14:55:22
976;10;35;71966.92;USD;SUBMITTED;2029-07-13 12:17:51
977;43;90;70553.09;EUR;SUBMITTED;2029-07-16 16:17:27
978;22;9;49529.34;EUR;SUBMITTED;2029-07-19 11:51:25
979;24;35;69263.54;USD;COMPLETED;2029-07-23 16:31:09
980;52;48;73647.43;USD;REJECTED;2029-07-25 16:39:21
981;52;36;84284.24;USD;DRAFT;2029-07-27 11:40:45
982;47;78;183896.25;USD;APPROVED;2029-07-30 13:29:37
983;23;75;150539.24;USD;DRAFT;2029-08-01 10:03:31
984;77;4;87532.40;USD;DRAFT;2029-08-02 10:28:37
985;39;68;49620.50;EUR;DRAFT;2029-08-06 16:44:53
986;58;48;16421.54;USD;DRAFT;2029-08-09 15:08:55
987;37;23;52025.12;USD;DRAFT;2029-08-10 11:04:32
988;70;11;10497.49;EUR;REJECTED;2029-08-13 12:43:42
989;38;15;28055.69;USD;COMPLETED;2029-08-14 12:28:55
990;46;13;87167.03;EUR;REJECTED;2029-08-16 15:29:56
991;28;77;85886.97;EUR;APPROVED;2029-08-20 11:40:07
992;29;77;42220.10;USD;APPROVED;2029-08-21 14:43:15
993;73;36;101562.12;USD;APPROVED;2029-08-23 12:36:13
994;88;4;142723.48;EUR;SUBMITTED;2029-08-24 11:33:44
995;77;90;117505.67;USD;REJECTED;2029-08-27 10:19:07
996;63;36;145711.56;EUR;APPROVED;2029-08-29 15:55:00
997;95;35;83919.64;EUR;DRAFT;2029-08-30 10:09:07
998;3;4;80813.16;EUR;REJECTED;2029-09-03 09:26:47
999;33;48;93534.51;EUR;REJECTED;2029-09-06 13:31:25
1000;54;23;20715.24;USD;APPROVED;2029-09-10 13:29:41
